traj,x,y,z
0,4.4946689740754664e-05,0.0,0.0
1,0.0009890823857858777,0.0008527761092409492,1.0341160304960795e-05
2,0.001962085487321019,0.0017359202029183507,2.1675263269571587e-05
3,0.002964421408250928,0.002650013193488121,3.4052591217914596e-05
4,0.003996633924543858,0.003595713758841157,4.752769018523395e-05
5,0.005059267394244671,0.004573683720082045,6.215697794687003e-05
6,0.0061528622172772884,0.00558459060266614,7.79990732553415e-05
7,0.00727798230946064,0.006629119627177715,9.511499956715852e-05
8,0.008435176685452461,0.00770794739946723,0.0001135679631261155
9,0.009625022299587727,0.008821786381304264,0.0001334237022092566
10,0.010848086327314377,0.009971336461603642,0.0001547504507470876
11,0.01210496760904789,0.011157332919538021,0.0001776193967089057
12,0.013396235182881355,0.012380482628941536,0.00020210389629937708
13,0.014722490683197975,0.013641533441841602,0.00022828025976195931
14,0.016084348782896996,0.014941247180104256,0.00025622794055379927
15,0.017482418566942215,0.01628037914633751,0.0002860290987882763
16,0.018917329609394073,0.017659716308116913,0.0003177692706231028
17,0.02038969099521637,0.019080018624663353,0.0003515366988722235
18,0.021900150924921036,0.02054210565984249,0.0003874229150824249
19,0.02344934642314911,0.022046763449907303,0.0004255231178831309
20,0.02503792941570282,0.0235948134213686,0.0004659358237404376
21,0.026666592806577682,0.025187117978930473,0.000508764002006501
22,0.028335940092802048,0.026824461296200752,0.000554111844394356
23,0.030046699568629265,0.028507743030786514,0.0006020902656018734
24,0.0317995510995388,0.030237823724746704,0.0006528120138682425
25,0.033595167100429535,0.03201555460691452,0.0007063945522531867
26,0.035434290766716,0.03384188190102577,0.0007629609317518771
27,0.03731755539774895,0.035717613995075226,0.0008226349600590765
28,0.03924575448036194,0.03764375299215317,0.0008855480700731277
29,0.04121958836913109,0.039621174335479736,0.0009518354199826717
30,0.043239790946245193,0.04165084287524223,0.0010216367663815618
31,0.04530712589621544,0.04373371601104736,0.0010950954165309668
32,0.04742230474948883,0.04587072134017944,0.0011723615461960435
33,0.04958609491586685,0.04806283488869667,0.0012535880086943507
34,0.05179933086037636,0.05031110718846321,0.0013389369705691934
35,0.054062727838754654,0.05261647701263428,0.0014285711804404855
36,0.0563771091401577,0.054980020970106125,0.0015226623509079218
37,0.05874326452612877,0.05740271508693695,0.0016213870840147138
38,0.06116199493408203,0.059885621070861816,0.0017249269876629114
39,0.06363414973020554,0.06242982670664787,0.0018334713531658053
40,0.06616052240133286,0.06503638625144958,0.0019472124986350536
41,0.06874196976423264,0.06770635396242142,0.0020663535688072443
42,0.07137928903102875,0.07044084370136261,0.0021910995710641146
43,0.074073426425457,0.07324101030826569,0.002321668202057481
44,0.07682514190673828,0.07610788941383362,0.002458276692777872
45,0.07963535189628601,0.07904268056154251,0.0026011548470705748
46,0.08250504732131958,0.08204660564661026,0.002750542014837265
47,0.08543496578931808,0.08512073010206223,0.0029066773131489754
48,0.08842607587575912,0.08826626092195511,0.003069810103625059
49,0.09147936850786209,0.09148448705673218,0.0032401958014816046
50,0.09459557384252548,0.09477641433477402,0.0034181277733296156
51,0.09777582436800003,0.09814351797103882,0.003603852353990078
52,0.1010209396481514,0.10158684849739075,0.0037976601161062717
53,0.10433197021484375,0.10510779917240143,0.003999849781394005
54,0.10770981013774872,0.10870757699012756,0.004210720304399729
55,0.1111554279923439,0.11238747090101242,0.004430584609508514
56,0.11466988176107407,0.11614879220724106,0.004659765399992466
57,0.1182541623711586,0.1199929341673851,0.004898591432720423
58,0.12190917134284973,0.12392110377550125,0.0051474059000611305
59,0.12563611567020416,0.1279347985982895,0.005406563635915518
60,0.12943580746650696,0.13203522562980652,0.005676419008523226
61,0.13330937922000885,0.13622386753559113,0.005957353860139847
62,0.13725794851779938,0.14050213992595673,0.0062497444450855255
63,0.14128243923187256,0.14487133920192719,0.0065539926290512085
64,0.14538410305976868,0.14933308959007263,0.0068705142475664616
65,0.14956383407115936,0.15388862788677216,0.0071997144259512424
66,0.1538228839635849,0.15853960812091827,0.00754203787073493
67,0.15816226601600647,0.16328740119934082,0.00789792649447918
68,0.16258306801319122,0.16813339293003082,0.008267831057310104
69,0.1670864075422287,0.173079252243042,0.008652232587337494
70,0.17167368531227112,0.17812666296958923,0.009051632136106491
71,0.17634576559066772,0.1832769364118576,0.009466507472097874
72,0.18110385537147522,0.18853160738945007,0.009897375479340553
73,0.18594904243946075,0.1938922256231308,0.010344766080379486
74,0.19088280200958252,0.1993606984615326,0.010809242725372314
75,0.1959061324596405,0.20493841171264648,0.011291352100670338
76,0.20102007687091827,0.21062681078910828,0.011791656725108624
77,0.20622618496418,0.21642790734767914,0.01231077779084444
78,0.21152552962303162,0.22234320640563965,0.012849314138293266
79,0.21691924333572388,0.22837422788143158,0.013407883234322071
80,0.22240868210792542,0.23452284932136536,0.013987133279442787
81,0.22799520194530487,0.24079084396362305,0.014587746001780033
82,0.23367992043495178,0.2471797913312912,0.015210388228297234
83,0.23946411907672882,0.2536914348602295,0.015855753794312477
84,0.2453492134809494,0.26032760739326477,0.016524571925401688
85,0.25133654475212097,0.26709017157554626,0.017217591404914856
86,0.25742706656455994,0.2739805281162262,0.017935536801815033
87,0.2636224627494812,0.28100091218948364,0.018679235130548477
88,0.2699240446090698,0.2881530225276947,0.01944945752620697
89,0.2763330936431885,0.2954387366771698,0.020247045904397964
90,0.2828509211540222,0.3028598129749298,0.021072840318083763
91,0.28947901725769043,0.31041812896728516,0.02192770317196846
92,0.29621851444244385,0.3181155025959015,0.022812524810433388
93,0.3030710816383362,0.32595404982566833,0.023728232830762863
94,0.31003817915916443,0.33393579721450806,0.02467578463256359
95,0.31712090969085693,0.34206220507621765,0.02565610595047474
96,0.3243209421634674,0.35033565759658813,0.026670217514038086
97,0.3316396176815033,0.3587579131126404,0.027719125151634216
98,0.33907830715179443,0.36733096837997437,0.02880387380719185
99,0.34663861989974976,0.37605684995651245,0.029925527051091194
100,0.35432180762290955,0.38493743538856506,0.03108518011868
101,0.36212971806526184,0.39397504925727844,0.03228400647640228
102,0.3700634837150574,0.403171569108963,0.033523112535476685
103,0.3781248927116394,0.4125291109085083,0.03480370342731476
104,0.38631516695022583,0.4220495820045471,0.036126989871263504
105,0.39463603496551514,0.43173518776893616,0.0374942310154438
106,0.40308907628059387,0.4415881335735321,0.03890671953558922
107,0.411675363779068,0.45161008834838867,0.04036569222807884
108,0.42039716243743896,0.4618038535118103,0.041872598230838776
109,0.42925533652305603,0.47217094898223877,0.04342873394489288
110,0.4382518231868744,0.4827137291431427,0.04503552243113518
111,0.4473881125450134,0.4934343993663788,0.046694450080394745
112,0.45666590332984924,0.5043351650238037,0.04840698465704918
113,0.4660867154598236,0.5154181718826294,0.050174642354249954
114,0.47565189003944397,0.5266854166984558,0.05199894309043884
115,0.48536354303359985,0.5381395220756531,0.053881555795669556
116,0.495222806930542,0.5497820973396301,0.05582401901483536
117,0.5052316188812256,0.5616158843040466,0.05782809853553772
118,0.5153915286064148,0.5736429691314697,0.059895485639572144
119,0.5257042050361633,0.5858655571937561,0.06202787533402443
120,0.5361712574958801,0.5982857942581177,0.0642271339893341
121,0.5467938780784607,0.6109057664871216,0.06649498641490936
122,0.5575743913650513,0.6237281560897827,0.06883343309164047
123,0.5685144066810608,0.6367550492286682,0.07124436646699905
124,0.5796149373054504,0.6499883532524109,0.07372964918613434
125,0.5908786058425903,0.6634309887886047,0.07629147917032242
126,0.6023064255714417,0.6770849823951721,0.07893183827400208
127,0.6139002442359924,0.6909523010253906,0.08165274560451508
128,0.6256619095802307,0.7050355076789856,0.08445648849010468
129,0.6375927329063416,0.7193366885185242,0.08734515309333801
130,0.6496944427490234,0.733858048915863,0.09032100439071655
131,0.6619691848754883,0.7486021518707275,0.09338643401861191
132,0.6744183301925659,0.7635710835456848,0.09654374420642853
133,0.6870437264442444,0.7787672877311707,0.0997953712940216
134,0.6998471021652222,0.7941932082176208,0.10314378887414932
135,0.71282958984375,0.8098500967025757,0.10659130662679672
136,0.7259933352470398,0.8257409930229187,0.11014070361852646
137,0.7393401861190796,0.8418683409690857,0.11379455775022507
138,0.7528718113899231,0.8582340478897095,0.11755554378032684
139,0.7665895223617554,0.8748401403427124,0.12142631411552429
140,0.7804957032203674,0.8916895985603333,0.12540985643863678
141,0.79459148645401,0.9087839722633362,0.1295088827610016
142,0.8088783621788025,0.9261250495910645,0.13372619450092316
143,0.8233591318130493,0.9437165260314941,0.13806508481502533
144,0.8380337357521057,0.9615586400032043,0.14252810180187225
145,0.8529050946235657,0.9796543121337891,0.14711862802505493
146,0.8679746389389038,0.9980063438415527,0.15183989703655243
147,0.8832439184188843,1.0166159868240356,0.15669497847557068
148,0.8987146019935608,1.0354856252670288,0.16168715059757233
149,0.9143886566162109,1.0546177625656128,0.16681987047195435
150,0.9302675724029541,1.0740141868591309,0.17209652066230774
151,0.9463525414466858,1.0936760902404785,0.17752040922641754
152,0.9626455307006836,1.113606333732605,0.18309523165225983
153,0.9791482090950012,1.133806586265564,0.18882454931735992
154,0.9958619475364685,1.1542787551879883,0.19471196830272675
155,1.0127886533737183,1.1750247478485107,0.20076139271259308
156,1.0299290418624878,1.196046233177185,0.20697636902332306
157,1.047286033630371,1.2173457145690918,0.21336114406585693
158,1.0648605823516846,1.2389248609542847,0.21991956233978271
159,1.0826537609100342,1.2607841491699219,0.22665536403656006
160,1.100667119026184,1.2829264402389526,0.23357293009757996
161,1.1189022064208984,1.3053522109985352,0.24067603051662445
162,1.1373614072799683,1.3280649185180664,0.24796956777572632
163,1.1560447216033936,1.3510645627975464,0.2554572522640228
164,1.1749545335769653,1.3743529319763184,0.2631435990333557
165,1.194091796875,1.3979320526123047,0.271033376455307
166,1.2134582996368408,1.4218031167984009,0.2791307866573334
167,1.2330548763275146,1.4459666013717651,0.2874404489994049
168,1.2528831958770752,1.4704248905181885,0.2959671914577484
169,1.272943377494812,1.4951767921447754,0.30471524596214294
170,1.2932389974594116,1.520227313041687,0.3136903643608093
171,1.3137696981430054,1.5455749034881592,0.3228968381881714
172,1.334537148475647,1.571221113204956,0.33233970403671265
173,1.3555418252944946,1.5971665382385254,0.3420238792896271
174,1.3767848014831543,1.6234114170074463,0.3519543707370758
175,1.3982683420181274,1.6499581336975098,0.3621368110179901
176,1.419992208480835,1.676805853843689,0.3725760281085968
177,1.4419581890106201,1.7039562463760376,0.38327762484550476
178,1.4641672372817993,1.7314091920852661,0.3942471146583557
179,1.4866201877593994,1.7591654062271118,0.40548962354660034
180,1.5093166828155518,1.7872233390808105,0.41701045632362366
181,1.5322595834732056,1.815585970878601,0.428816020488739
182,1.5554484128952026,1.8442517518997192,0.44091135263442993
183,1.5788832902908325,1.8732200860977173,0.45330196619033813
184,1.6025670766830444,1.9024930000305176,0.46599486470222473
185,1.6264983415603638,1.9320679903030396,0.4789946675300598
186,1.6506785154342651,1.9619457721710205,0.49230799078941345
187,1.6751068830490112,1.9921245574951172,0.5059399604797363
188,1.699785590171814,2.0226056575775146,0.5198978781700134
189,1.724715232849121,2.0533883571624756,0.5341877937316895
190,1.7498942613601685,2.0844693183898926,0.5488147139549255
191,1.7753239870071411,2.115849494934082,0.56378573179245
192,1.8010036945343018,2.147526264190674,0.5791064500808716
193,1.8269343376159668,2.1794989109039307,0.5947837829589844
194,1.8531168699264526,2.2117679119110107,0.6108246445655823
195,1.8795500993728638,2.2443294525146484,0.627234697341919
196,1.9062318801879883,2.2771801948547363,0.6440194845199585
197,1.93316650390625,2.3103227615356445,0.6611882448196411
198,1.960350513458252,2.3437511920928955,0.6787451505661011
199,1.9877843856811523,2.37746524810791,0.6966977715492249
200,2.0154666900634766,2.4114601612091064,0.7150519490242004
201,2.0433998107910156,2.445736885070801,0.7338162660598755
202,2.071580648422241,2.4802911281585693,0.752995491027832
203,2.1000077724456787,2.5151169300079346,0.7725967168807983
204,2.128682851791382,2.550215005874634,0.7926275134086609
205,2.1576035022735596,2.585580825805664,0.8130936622619629
206,2.1867690086364746,2.621210813522339,0.8340027332305908
207,2.2161784172058105,2.6571009159088135,0.8553613424301147
208,2.2458322048187256,2.6932499408721924,0.8771770596504211
209,2.2757253646850586,2.729649066925049,0.8994547128677368
210,2.305859088897705,2.766296625137329,0.922202467918396
211,2.336230516433716,2.8031866550445557,0.9454265236854553
212,2.3668389320373535,2.8403162956237793,0.9691342711448669
213,2.3976829051971436,2.8776800632476807,0.9933321475982666
214,2.4287595748901367,2.915271520614624,1.0180267095565796
215,2.460069417953491,2.95308780670166,1.0432262420654297
216,2.4916059970855713,2.991119384765625,1.0689343214035034
217,2.523372173309326,3.0293655395507812,1.0951604843139648
218,2.5553619861602783,3.0678155422210693,1.1219103336334229
219,2.587573528289795,3.1064648628234863,1.1491895914077759
220,2.6200053691864014,3.1453075408935547,1.1770058870315552
221,2.6526551246643066,3.1843369007110596,1.2053656578063965
222,2.6855194568634033,3.223545551300049,1.2342751026153564
223,2.7185935974121094,3.262925148010254,1.2637395858764648
224,2.751875400543213,3.3024680614471436,1.2937654256820679
225,2.7853634357452393,3.3421685695648193,1.3243597745895386
226,2.819053888320923,3.3820180892944336,1.3555289506912231
227,2.8529415130615234,3.4220077991485596,1.3872774839401245
228,2.8870253562927246,3.462130546569824,1.419613003730774
229,2.9212992191314697,3.502376079559326,1.4525395631790161
230,2.9557602405548096,3.5427353382110596,1.4860624074935913
231,2.990403652191162,3.583200216293335,1.5201886892318726
232,3.0252256393432617,3.62376070022583,1.5549222230911255
233,3.0602214336395264,3.664405345916748,1.5902683734893799
234,3.095388889312744,3.705129623413086,1.626233696937561
235,3.1307201385498047,3.7459166049957275,1.6628201007843018
236,3.166212558746338,3.7867605686187744,1.7000348567962646
237,3.201859474182129,3.827648639678955,1.7378804683685303
238,3.2376582622528076,3.8685710430145264,1.776363730430603
239,3.2736008167266846,3.909515857696533,1.8154858350753784
240,3.3096837997436523,3.950471878051758,1.8552521467208862
241,3.34590220451355,3.991429328918457,1.8956677913665771
242,3.382246971130371,4.032371997833252,1.9367320537567139
243,3.418715000152588,4.073291301727295,1.9784517288208008
244,3.4553005695343018,4.114174842834473,2.0208282470703125
245,3.4919958114624023,4.155007839202881,2.0638644695281982
246,3.528796672821045,4.19578218460083,2.1075639724731445
247,3.5656940937042236,4.23647928237915,2.1519267559051514
248,3.6026833057403564,4.277090072631836,2.196955919265747
249,3.639756441116333,4.31759786605835,2.2426536083221436
250,3.676907777786255,4.357992172241211,2.2890195846557617
251,3.714128017425537,4.398257255554199,2.3360557556152344
252,3.751413106918335,4.438381195068359,2.383763551712036
253,3.788754463195801,4.478349685668945,2.4321422576904297
254,3.826143980026245,4.51814603805542,2.4811923503875732
255,3.863574504852295,4.557758808135986,2.5309135913848877
256,3.9010369777679443,4.597170352935791,2.581303834915161
257,3.9385263919830322,4.636369228363037,2.632366180419922
258,3.976029872894287,4.675336837768555,2.684091806411743
259,4.01354455947876,4.714062213897705,2.7364864349365234
260,4.051058769226074,4.752527713775635,2.789543867111206
261,4.088564395904541,4.790717601776123,2.8432624340057373
262,4.126054286956787,4.828619956970215,2.897639513015747
263,4.163519859313965,4.866217613220215,2.952674150466919
264,4.200950622558594,4.903493881225586,3.008359432220459
265,4.238340377807617,4.940437316894531,3.064692497253418
266,4.275673866271973,4.977025508880615,3.121666193008423
267,4.312949180603027,5.013249397277832,3.1792807579040527
268,4.350152492523193,5.049088954925537,3.2375259399414062
269,4.387278079986572,5.084533214569092,3.296400547027588
270,4.424313545227051,5.119562149047852,3.355896472930908
271,4.4612507820129395,5.154163837432861,3.416006088256836
272,4.498078346252441,5.188319683074951,3.476722240447998
273,4.534787178039551,5.222015380859375,3.5380380153656006
274,4.571371555328369,5.255237102508545,3.599949359893799
275,4.607813358306885,5.287965297698975,3.6624398231506348
276,4.644110202789307,5.320189952850342,3.7255070209503174
277,4.680247783660889,5.351891040802002,3.789139986038208
278,4.716217994689941,5.383057594299316,3.8533287048339844
279,4.752011775970459,5.41367244720459,3.918065309524536
280,4.787615776062012,5.443722248077393,3.9833357334136963
281,4.823025226593018,5.473193168640137,4.049136161804199
282,4.858222484588623,5.502066135406494,4.115444183349609
283,4.893200874328613,5.530330181121826,4.182255268096924
284,4.927951812744141,5.557971477508545,4.249557018280029
285,4.962462425231934,5.584976673126221,4.317333698272705
286,4.996725082397461,5.611330986022949,4.385576248168945
287,5.030726909637451,5.637021064758301,4.454268932342529
288,5.064458847045898,5.662033557891846,4.523397922515869
289,5.097910404205322,5.686357498168945,4.592946529388428
290,5.131072521209717,5.709979057312012,4.662906169891357
291,5.163932800292969,5.73288631439209,4.733257293701172
292,5.196481704711914,5.755065441131592,4.803985118865967
293,5.228710174560547,5.7765092849731445,4.875075340270996
294,5.260608196258545,5.797204494476318,4.946510314941406
295,5.292165756225586,5.817139625549316,5.018276691436768
296,5.323370933532715,5.836304664611816,5.090353012084961
297,5.354217052459717,5.854690074920654,5.162726402282715
298,5.384690284729004,5.87228536605835,5.235373020172119
299,5.4147868156433105,5.889082908630371,5.308287620544434
300,5.444492340087891,5.905073642730713,5.381442070007324
301,5.473799705505371,5.920248031616211,5.454822540283203
302,5.502696514129639,5.934598922729492,5.5284037590026855
303,5.531176567077637,5.9481201171875,5.6021728515625
304,5.559229373931885,5.960801601409912,5.676113128662109
305,5.586848735809326,5.972641468048096,5.750204086303711
306,5.614022731781006,5.983628273010254,5.824423313140869
307,5.640743255615234,5.993762493133545,5.898751735687256
308,5.667001247406006,6.003035068511963,5.973171234130859
309,5.6927900314331055,6.011442184448242,6.047662734985352
310,5.718101501464844,6.018982410430908,6.122201919555664
311,5.742926120758057,6.025649070739746,6.196776866912842
312,5.767255783081055,6.0314412117004395,6.271357536315918
313,5.791086196899414,6.036355495452881,6.345935344696045
314,5.814406394958496,6.040390491485596,6.420478343963623
315,5.837212085723877,6.043548583984375,6.4949750900268555
316,5.859493732452393,6.045822620391846,6.569401264190674
317,5.881247043609619,6.047216892242432,6.643736839294434
318,5.902461528778076,6.0477294921875,6.71796178817749
319,5.9231343269348145,6.047360897064209,6.792055130004883
320,5.943258285522461,6.046116352081299,6.865997314453125
321,5.96282958984375,6.043995380401611,6.9397711753845215
322,5.981839179992676,6.040999889373779,7.0133514404296875
323,6.0002827644348145,6.037134647369385,7.086719989776611
324,6.018157482147217,6.032402038574219,7.159862041473389
325,6.035454273223877,6.026804447174072,7.232751846313477
326,6.052172660827637,6.020349979400635,7.30537223815918
327,6.068307399749756,6.013041019439697,7.3777079582214355
328,6.0838518142700195,6.00488805770874,7.449728488922119
329,6.098804473876953,5.995891571044922,7.521425247192383
330,6.113162040710449,5.986059665679932,7.592774868011475
331,6.126918792724609,5.975400924682617,7.663760185241699
332,6.140075206756592,5.963923454284668,7.7343645095825195
333,6.152624130249023,5.951632976531982,7.804567813873291
334,6.164567947387695,5.938538551330566,7.874354839324951
335,6.175900936126709,5.924651145935059,7.943703651428223
336,6.186624526977539,5.909979343414307,8.012605667114258
337,6.196732521057129,5.894530773162842,8.081038475036621
338,6.2062273025512695,5.878320217132568,8.148981094360352
339,6.21510648727417,5.861351490020752,8.216429710388184
340,6.223369121551514,5.843644142150879,8.283357620239258
341,6.231015205383301,5.825202465057373,8.34975528717041
342,6.238043308258057,5.806042671203613,8.415605545043945
343,6.244455337524414,5.7861738204956055,8.480896949768066
344,6.250249862670898,5.765609264373779,8.545614242553711
345,6.255427837371826,5.744361877441406,8.60973834991455
346,6.259992599487305,5.722448348999023,8.673264503479004
347,6.263941287994385,5.699875831604004,8.736177444458008
348,6.267276287078857,5.676660060882568,8.798463821411133
349,6.2700018882751465,5.652817249298096,8.86011028289795
350,6.2721171379089355,5.628359317779541,8.921107292175293
351,6.273626327514648,5.603299617767334,8.981443405151367
352,6.274530410766602,5.577658176422119,9.041108131408691
353,6.274831295013428,5.551442623138428,9.10009479522705
354,6.274532318115234,5.524670600891113,9.158385276794434
355,6.2736382484436035,5.497358798980713,9.215980529785156
356,6.27215051651001,5.469518184661865,9.272866249084473
357,6.270073890686035,5.441171646118164,9.329030990600586
358,6.267411708831787,5.412327289581299,9.384477615356445
359,6.264168739318848,5.383002758026123,9.439188003540039
360,6.26034688949585,5.353213310241699,9.493163108825684
361,6.255952835083008,5.322975158691406,9.546392440795898
362,6.250991344451904,5.2923078536987305,9.598868370056152
363,6.245467185974121,5.261220455169678,9.650590896606445
364,6.239382743835449,5.229731559753418,9.701554298400879
365,6.232747554779053,5.197858810424805,9.751750946044922
366,6.2255635261535645,5.165612697601318,9.801177978515625
367,6.217836380004883,5.133014678955078,9.849833488464355
368,6.209573745727539,5.10007905960083,9.897710800170898
369,6.200782299041748,5.066818714141846,9.944811820983887
370,6.191464900970459,5.0332536697387695,9.991129875183105
371,6.181630611419678,4.999395370483398,10.036665916442871
372,6.171282768249512,4.965258598327637,10.081421852111816
373,6.160432815551758,4.930863857269287,10.12539005279541
374,6.149082660675049,4.896223545074463,10.168572425842285
375,6.137240409851074,4.861348628997803,10.210970878601074
376,6.124914169311523,4.826259613037109,10.252582550048828
377,6.112109184265137,4.790971279144287,10.293407440185547
378,6.09883451461792,4.755494594573975,10.333454132080078
379,6.08509635925293,4.719845771789551,10.372714042663574
380,6.070899963378906,4.684035778045654,10.4111967086792
381,6.0562591552734375,4.648090362548828,10.448896408081055
382,6.04117488861084,4.612010955810547,10.485821723937988
383,6.0256547927856445,4.575814723968506,10.521971702575684
384,6.009711742401123,4.539516925811768,10.557353973388672
385,5.993350505828857,4.503133296966553,10.591967582702637
386,5.97657585144043,4.466669082641602,10.62581729888916
387,5.9594035148620605,4.430147171020508,10.65890884399414
388,5.941829204559326,4.3935675621032715,10.691244125366211
389,5.923874378204346,4.35695743560791,10.722827911376953
390,5.905539512634277,4.320319652557373,10.75366497039795
391,5.886829853057861,4.283664703369141,10.783761978149414
392,5.867759704589844,4.247009754180908,10.813121795654297
393,5.848334789276123,4.210365295410156,10.841751098632812
394,5.8285603523254395,4.173738956451416,10.86965560913086
395,5.808450222015381,4.13714599609375,10.896846771240234
396,5.788008689880371,4.1005964279174805,10.923318862915039
397,5.767242431640625,4.064099311828613,10.949085235595703
398,5.74616003036499,4.027660846710205,10.974154472351074
399,5.724775791168213,3.9913015365600586,10.998526573181152
400,5.703088760375977,3.9550201892852783,11.022215843200684
401,5.6811113357543945,3.918832540512085,11.045223236083984
402,5.65885066986084,3.8827433586120605,11.067557334899902
403,5.636314868927002,3.8467652797698975,11.089227676391602
404,5.6135149002075195,3.8109078407287598,11.110241889953613
405,5.590452194213867,3.7751739025115967,11.130605697631836
406,5.567139625549316,3.7395756244659424,11.150323867797852
407,5.543581008911133,3.704118013381958,11.16940689086914
408,5.51978874206543,3.668813467025757,11.18786334991455
409,5.4957685470581055,3.633664608001709,11.205703735351562
410,5.4715256690979,3.5986785888671875,11.222930908203125
411,5.44706916809082,3.563864231109619,11.23955249786377
412,5.422410488128662,3.5292320251464844,11.255577087402344
413,5.397550582885742,3.4947760105133057,11.271021842956543
414,5.372501850128174,3.460517406463623,11.285882949829102
415,5.347268104553223,3.4264488220214844,11.300172805786133
416,5.321857452392578,3.3925797939300537,11.313902854919434
417,5.29627799987793,3.358919143676758,11.327078819274902
418,5.2705397605896,3.325471878051758,11.339709281921387
419,5.244640827178955,3.2922379970550537,11.351797103881836
420,5.218598365783691,3.259227991104126,11.363359451293945
421,5.192413330078125,3.226440668106079,11.37440013885498
422,5.1660919189453125,3.193880558013916,11.384930610656738
423,5.139642715454102,3.1615524291992188,11.3949556350708
424,5.113074779510498,3.129465341567993,11.404483795166016
425,5.086390972137451,3.0976169109344482,11.413520812988281
426,5.059597969055176,3.0660111904144287,11.422085762023926
427,5.03270149230957,3.034649133682251,11.430174827575684
428,5.005709648132324,3.0035367012023926,11.437801361083984
429,4.978630065917969,2.972679615020752,11.44497299194336
430,4.95146369934082,2.9420716762542725,11.451700210571289
431,4.924221038818359,2.91172456741333,11.457985877990723
432,4.89690637588501,2.881634473800659,11.46384334564209
433,4.8695244789123535,2.8518030643463135,11.469276428222656
434,4.842083930969238,2.8222358226776123,11.474298477172852
435,4.8145856857299805,2.7929301261901855,11.478909492492676
436,4.7870378494262695,2.7638888359069824,11.483124732971191
437,4.7594475746154785,2.7351186275482178,11.486942291259766
438,4.73181676864624,2.7066121101379395,11.490384101867676
439,4.704150199890137,2.678372859954834,11.49344539642334
440,4.67645788192749,2.650404214859009,11.496139526367188
441,4.648739337921143,2.62270188331604,11.49847412109375
442,4.621002197265625,2.5952725410461426,11.50045394897461
443,4.593249320983887,2.568110704421997,11.50208568572998
444,4.565488338470459,2.541222095489502,11.503381729125977
445,4.537722587585449,2.5146050453186035,11.504343032836914
446,4.509953498840332,2.4882545471191406,11.504980087280273
447,4.482190132141113,2.4621753692626953,11.505302429199219
448,4.454433441162109,2.436368703842163,11.505309104919434
449,4.426688194274902,2.4108285903930664,11.505012512207031
450,4.398962020874023,2.3855597972869873,11.504423141479492
451,4.371252059936523,2.3605587482452393,11.50353717803955
452,4.343565464019775,2.3358232975006104,11.502367973327637
453,4.315906047821045,2.311352252960205,11.500924110412598
454,4.288283824920654,2.287156343460083,11.499207496643066
455,4.260687828063965,2.2632153034210205,11.497223854064941
456,4.233138084411621,2.2395436763763428,11.49498462677002
457,4.205624103546143,2.2161319255828857,11.4924898147583
458,4.178159236907959,2.192985773086548,11.489748001098633
459,4.1507391929626465,2.1700937747955322,11.486766815185547
460,4.123373031616211,2.1474645137786865,11.483548164367676
461,4.096059799194336,2.1250903606414795,11.480101585388184
462,4.068803787231445,2.1029694080352783,11.476434707641602
463,4.041605472564697,2.081104040145874,11.47254467010498
464,4.014474391937256,2.0594918727874756,11.4684419631958
465,3.9874086380004883,2.038130283355713,11.464137077331543
466,3.9604132175445557,2.017019510269165,11.459627151489258
467,3.9334821701049805,1.9961490631103516,11.454919815063477
468,3.9066267013549805,1.9755258560180664,11.450019836425781
469,3.8798489570617676,1.9551467895507812,11.444937705993652
470,3.8531463146209717,1.935005784034729,11.439672470092773
471,3.8265278339385986,1.9151077270507812,11.43422794342041
472,3.799987554550171,1.8954440355300903,11.428611755371094
473,3.77353572845459,1.8760175704956055,11.422829627990723
474,3.7471659183502197,1.8568189144134521,11.416882514953613
475,3.720884323120117,1.8378498554229736,11.410778045654297
476,3.6946957111358643,1.8191126585006714,11.404520988464355
477,3.668597936630249,1.8005993366241455,11.398117065429688
478,3.6425929069519043,1.7823089361190796,11.391561508178711
479,3.6166834831237793,1.7642426490783691,11.384866714477539
480,3.5908737182617188,1.7463932037353516,11.37803840637207
481,3.565156936645508,1.7287582159042358,11.371072769165039
482,3.5395469665527344,1.7113429307937622,11.363982200622559
483,3.514028310775757,1.6941311359405518,11.35676383972168
484,3.488621473312378,1.6771361827850342,11.349427223205566
485,3.463312864303589,1.6603450775146484,11.341968536376953
486,3.4381089210510254,1.6437567472457886,11.334397315979004
487,3.4130144119262695,1.627373456954956,11.3267183303833
488,3.388023614883423,1.6111873388290405,11.318930625915527
489,3.363142967224121,1.5951992273330688,11.311039924621582
490,3.3383712768554688,1.5794070959091187,11.303047180175781
491,3.3137056827545166,1.5638025999069214,11.294957160949707
492,3.289156675338745,1.5483931303024292,11.286778450012207
493,3.2647180557250977,1.5331697463989258,11.278507232666016
494,3.240387201309204,1.5181264877319336,11.270148277282715
495,3.216174602508545,1.5032715797424316,11.261704444885254
496,3.1920721530914307,1.4885919094085693,11.253179550170898
497,3.168083667755127,1.4740909337997437,11.244576454162598
498,3.144212007522583,1.4597643613815308,11.235897064208984
499,3.1204564571380615,1.4456106424331665,11.227148056030273
500,3.096811294555664,1.4316227436065674,11.218324661254883
501,3.0732901096343994,1.4178099632263184,11.209437370300293
502,3.0498807430267334,1.4041571617126465,11.200482368469238
503,3.02659010887146,1.3906683921813965,11.191465377807617
504,3.0034148693084717,1.3773372173309326,11.182391166687012
505,2.980355978012085,1.3641635179519653,11.17325496673584
506,2.9574179649353027,1.3511483669281006,11.16406536102295
507,2.934597969055176,1.338283658027649,11.154828071594238
508,2.9118947982788086,1.3255703449249268,11.145537376403809
509,2.889308452606201,1.3130033016204834,11.13619613647461
510,2.8668408393859863,1.3005824089050293,11.126809120178223
511,2.844494104385376,1.288305640220642,11.11738109588623
512,2.8222615718841553,1.276167631149292,11.107911109924316
513,2.80014967918396,1.2641695737838745,11.098398208618164
514,2.7781546115875244,1.2523058652877808,11.088849067687988
515,2.7562763690948486,1.2405754327774048,11.079264640808105
516,2.734518051147461,1.2289787530899048,11.069644927978516
517,2.712876796722412,1.2175098657608032,11.059995651245117
518,2.691354990005493,1.2061703205108643,11.050314903259277
519,2.6699483394622803,1.194952130317688,11.040604591369629
520,2.6486568450927734,1.1838555335998535,11.030866622924805
521,2.627487897872925,1.1728839874267578,11.021106719970703
522,2.606431007385254,1.1620255708694458,11.011322975158691
523,2.5854883193969727,1.1512820720672607,11.001511573791504
524,2.564666748046875,1.1406561136245728,10.991684913635254
525,2.5439579486846924,1.1301392316818237,10.981840133666992
526,2.523364782333374,1.1197309494018555,10.971978187561035
527,2.502885341644287,1.1094300746917725,10.96209716796875
528,2.482518196105957,1.099232792854309,10.952200889587402
529,2.4622714519500732,1.089141845703125,10.942299842834473
530,2.442133665084839,1.079149842262268,10.932377815246582
531,2.4221091270446777,1.0692570209503174,10.922449111938477
532,2.4021971225738525,1.0594593286514282,10.912510871887207
533,2.382397174835205,1.0497568845748901,10.902566909790039
534,2.362708330154419,1.0401464700698853,10.892614364624023
535,2.343130350112915,1.0306265354156494,10.882658958435059
536,2.3236615657806396,1.0211961269378662,10.872697830200195
537,2.3043017387390137,1.0118497610092163,10.86273193359375
538,2.285051107406616,1.0025898218154907,10.852764129638672
539,2.26591157913208,0.9934142827987671,10.842798233032227
540,2.246880054473877,0.984321117401123,10.832831382751465
541,2.227952003479004,0.9753019213676453,10.82286548614502
542,2.2091305255889893,0.9663609862327576,10.812902450561523
543,2.1904170513153076,0.9574963450431824,10.802943229675293
544,2.1718063354492188,0.9487040042877197,10.792987823486328
545,2.1533031463623047,0.9399860501289368,10.783038139343262
546,2.134902000427246,0.9313362836837769,10.773094177246094
547,2.1166014671325684,0.922752320766449,10.76315689086914
548,2.0984046459198,0.9142370223999023,10.753225326538086
549,2.0803098678588867,0.9057856798171997,10.743306159973145
550,2.062317132949829,0.8973988890647888,10.733397483825684
551,2.0444188117980957,0.8890663385391235,10.723498344421387
552,2.026625871658325,0.8808012008666992,10.713608741760254
553,2.008925199508667,0.8725882768630981,10.703728675842285
554,1.9913278818130493,0.8644349575042725,10.693869590759277
555,1.973821997642517,0.8563328385353088,10.684017181396484
556,1.9564182758331299,0.8482888340950012,10.674180030822754
557,1.9391025304794312,0.8402894735336304,10.664356231689453
558,1.9218857288360596,0.8323429226875305,10.654553413391113
559,1.9047627449035645,0.8244454264640808,10.644763946533203
560,1.8877296447753906,0.816591203212738,10.634992599487305
561,1.870790958404541,0.808785617351532,10.625234603881836
562,1.853940725326538,0.8010196089744568,10.615498542785645
563,1.837180256843567,0.7932952046394348,10.605780601501465
564,1.8205150365829468,0.785618245601654,10.59607982635498
565,1.8039336204528809,0.7779741883277893,10.586404800415039
566,1.7874369621276855,0.770365297794342,10.576743125915527
567,1.7710301876068115,0.762794554233551,10.567108154296875
568,1.7547098398208618,0.7552602887153625,10.557490348815918
569,1.7384743690490723,0.747758150100708,10.54789924621582
570,1.722320795059204,0.7402856349945068,10.538330078125
571,1.706254482269287,0.7328475117683411,10.528779983520508
572,1.6902704238891602,0.7254393696784973,10.519255638122559
573,1.6743643283843994,0.7180527448654175,10.509759902954102
574,1.658539056777954,0.7106947898864746,10.500282287597656
575,1.6427960395812988,0.7033632397651672,10.490832328796387
576,1.6271305084228516,0.696053683757782,10.48140811920166
577,1.6115409135818481,0.6887643933296204,10.472010612487793
578,1.59602952003479,0.6814974546432495,10.462636947631836
579,1.5805951356887817,0.6742520332336426,10.453290939331055
580,1.5652354955673218,0.6670239567756653,10.443971633911133
581,1.5499484539031982,0.6598106622695923,10.43468189239502
582,1.5347412824630737,0.6526187658309937,10.425423622131348
583,1.5196025371551514,0.6454384922981262,10.416190147399902
584,1.5045356750488281,0.6382726430892944,10.406981468200684
585,1.4895422458648682,0.6311215162277222,10.397805213928223
586,1.4746103286743164,0.6239722967147827,10.38865852355957
587,1.4597551822662354,0.6168419122695923,10.379538536071777
588,1.4449633359909058,0.6097146272659302,10.370450019836426
589,1.4302420616149902,0.602597713470459,10.361397743225098
590,1.4155845642089844,0.5954861640930176,10.352370262145996
591,1.4009937047958374,0.5883791446685791,10.343377113342285
592,1.3864706754684448,0.5812811851501465,10.3344144821167
593,1.3720057010650635,0.5741809010505676,10.325477600097656
594,1.3576070070266724,0.5670844912528992,10.316583633422852
595,1.3432692289352417,0.5599885582923889,10.307717323303223
596,1.3289910554885864,0.5528929233551025,10.298877716064453
597,1.3147755861282349,0.5457974076271057,10.290077209472656
598,1.300615668296814,0.5386950373649597,10.28131103515625
599,1.2865158319473267,0.531592607498169,10.272574424743652
600,1.272477149963379,0.5244879126548767,10.263875961303711
601,1.2584906816482544,0.5173751711845398,10.255207061767578
602,1.244560718536377,0.510256826877594,10.246570587158203
603,1.2306867837905884,0.5031307935714722,10.2379732131958
604,1.216863989830017,0.49599385261535645,10.229411125183105
605,1.2030960321426392,0.4888504147529602,10.220880508422852
606,1.1893798112869263,0.4816945195198059,10.212387084960938
607,1.175715446472168,0.47452905774116516,10.203929901123047
608,1.1621023416519165,0.4673519730567932,10.195508003234863
609,1.1485382318496704,0.46016067266464233,10.18712043762207
610,1.1350206136703491,0.45295393466949463,10.178766250610352
611,1.1215530633926392,0.4457326829433441,10.170455932617188
612,1.1081299781799316,0.43849289417266846,10.162178993225098
613,1.0947552919387817,0.43123874068260193,10.153940200805664
614,1.0814268589019775,0.4239676892757416,10.145737648010254
615,1.0681413412094116,0.41667640209198,10.137568473815918
616,1.0548988580703735,0.4093652069568634,10.129440307617188
617,1.0416990518569946,0.4020329713821411,10.121347427368164
618,1.0285425186157227,0.39468082785606384,10.113296508789062
619,1.015425205230713,0.3873033821582794,10.105280876159668
620,1.0023499727249146,0.37990596890449524,10.097301483154297
621,0.9893098473548889,0.3724786341190338,10.089367866516113
622,0.9763158559799194,0.3650354743003845,10.081466674804688
623,0.9633530974388123,0.35755956172943115,10.073602676391602
624,0.9504312872886658,0.3500604033470154,10.065784454345703
625,0.9375398755073547,0.34252825379371643,10.057999610900879
626,0.9246863126754761,0.3349704146385193,10.05025863647461
627,0.9118704199790955,0.3273869752883911,10.042558670043945
628,0.8990852236747742,0.3197709321975708,10.034892082214355
629,0.8863324522972107,0.31212273240089417,10.027271270751953
630,0.8736143112182617,0.3044465482234955,10.019685745239258
631,0.8609235882759094,0.29673272371292114,10.012145042419434
632,0.8482674360275269,0.28899088501930237,10.00464916229248
633,0.835637629032135,0.28121259808540344,9.997182846069336
634,0.8230381608009338,0.27340030670166016,9.989763259887695
635,0.8104654550552368,0.2655503749847412,9.982386589050293
636,0.797920823097229,0.25766655802726746,9.975045204162598
637,0.7854037880897522,0.24974605441093445,9.967753410339355
638,0.7729099988937378,0.24178579449653625,9.960497856140137
639,0.7604422569274902,0.23378801345825195,9.953285217285156
640,0.7479967474937439,0.22574850916862488,9.94611644744873
641,0.7355779409408569,0.21767309308052063,9.938987731933594
642,0.7231833338737488,0.2095578908920288,9.931903839111328
643,0.7108042240142822,0.20139524340629578,9.924861907958984
644,0.6984474658966064,0.19319163262844086,9.917860984802246
645,0.6861118674278259,0.184945747256279,9.91090202331543
646,0.673797607421875,0.17665819823741913,9.903990745544434
647,0.6615009903907776,0.16832473874092102,9.897123336791992
648,0.6492214798927307,0.15994560718536377,9.890294075012207
649,0.6369612812995911,0.1515229046344757,9.88351058959961
650,0.6247150897979736,0.14304989576339722,9.876776695251465
651,0.6124857664108276,0.13453194499015808,9.870081901550293
652,0.6002728343009949,0.12596726417541504,9.86343002319336
653,0.5880748629570007,0.11735467612743378,9.85682201385498
654,0.5758863091468811,0.10868781805038452,9.850264549255371
655,0.5637173652648926,0.09997901320457458,9.843749046325684
656,0.5515511631965637,0.09120795875787735,9.837282180786133
657,0.5394025444984436,0.08239424228668213,9.830852508544922
658,0.5272636413574219,0.07352613657712936,9.824475288391113
659,0.5151312947273254,0.06460178643465042,9.818140983581543
660,0.5030128955841064,0.05562876909971237,9.81185531616211
661,0.4909018278121948,0.04660108685493469,9.80561351776123
662,0.47879648208618164,0.0375162698328495,9.799418449401855
663,0.4667007029056549,0.028378872200846672,9.793265342712402
664,0.45460984110832214,0.019183361902832985,9.787163734436035
665,0.4425288736820221,0.009935935027897358,9.781109809875488
666,0.4304475784301758,0.0006249425350688398,9.775103569030762
667,0.4183712899684906,-0.008742723613977432,9.769140243530273
668,0.4063011109828949,-0.018166836351156235,9.76323127746582
669,0.3942347466945648,-0.027648888528347015,9.757363319396973
670,0.38216787576675415,-0.03719446808099747,9.751548767089844
671,0.3701027035713196,-0.04680023342370987,9.745781898498535
672,0.3580414950847626,-0.056463632732629776,9.74006175994873
673,0.34597575664520264,-0.06619438529014587,9.734390258789062
674,0.33391401171684265,-0.07598243653774261,9.728766441345215
675,0.32184916734695435,-0.08583638072013855,9.723197937011719
676,0.30978524684906006,-0.09575024247169495,9.717671394348145
677,0.2977167069911957,-0.10573114454746246,9.712196350097656
678,0.285643994808197,-0.11577821522951126,9.70677375793457
679,0.27357161045074463,-0.125886932015419,9.70140266418457
680,0.2614898681640625,-0.13606658577919006,9.696077346801758
681,0.24940763413906097,-0.14630843698978424,9.690807342529297
682,0.237318754196167,-0.15661822259426117,9.685583114624023
683,0.22522738575935364,-0.1669916957616806,9.680410385131836
684,0.21312251687049866,-0.17744119465351105,9.67529010772705
685,0.2010115534067154,-0.1879589557647705,9.670225143432617
686,0.1888960301876068,-0.19854126870632172,9.66520881652832
687,0.17676857113838196,-0.2091984748840332,9.660248756408691
688,0.16463147103786469,-0.2199261486530304,9.655335426330566
689,0.1524907648563385,-0.23071782290935516,9.650474548339844
690,0.14033325016498566,-0.24158893525600433,9.645669937133789
691,0.12816652655601501,-0.2525298297405243,9.640914916992188
692,0.11598562449216843,-0.2635476589202881,9.636222839355469
693,0.10379425436258316,-0.2746361196041107,9.631575584411621
694,0.09158973395824432,-0.28579896688461304,9.626980781555176
695,0.07937152683734894,-0.29703736305236816,9.62244987487793
696,0.06713926792144775,-0.308350533246994,9.617968559265137
697,0.0548916831612587,-0.3197401762008667,9.61353874206543
698,0.04263292998075485,-0.33120185136795044,9.609170913696289
699,0.030355338007211685,-0.3427434265613556,9.604849815368652
700,0.018061049282550812,-0.3543633222579956,9.600593566894531
701,0.005748777650296688,-0.36606213450431824,9.596389770507812
702,-0.006581088528037071,-0.37783974409103394,9.592243194580078
703,-0.018929757177829742,-0.38969698548316956,9.588153839111328
704,-0.031293049454689026,-0.40162917971611023,9.584121704101562
705,-0.04367760568857193,-0.41364404559135437,9.580144882202148
706,-0.056086115539073944,-0.4257441461086273,9.576223373413086
707,-0.06851067394018173,-0.43792062997817993,9.572365760803223
708,-0.0809578076004982,-0.4501807987689972,9.568561553955078
709,-0.09342573583126068,-0.4625222682952881,9.5648193359375
710,-0.10591777414083481,-0.47494959831237793,9.561140060424805
711,-0.11842940747737885,-0.48745644092559814,9.557516098022461
712,-0.13096702098846436,-0.5000503659248352,9.553950309753418
713,-0.1435285359621048,-0.5127293467521667,9.55044937133789
714,-0.15611273050308228,-0.5254910588264465,9.547000885009766
715,-0.16872243583202362,-0.5383391976356506,9.543617248535156
716,-0.18135719001293182,-0.5512732863426208,9.540300369262695
717,-0.1940203309059143,-0.564296543598175,9.537036895751953
718,-0.2067078948020935,-0.5774047374725342,9.533841133117676
719,-0.2194194346666336,-0.5905970335006714,9.530707359313965
720,-0.2321643829345703,-0.603884220123291,9.527634620666504
721,-0.24493633210659027,-0.6172590851783752,9.524624824523926
722,-0.2577345669269562,-0.6307203769683838,9.521676063537598
723,-0.2705630660057068,-0.6442728042602539,9.51879596710205
724,-0.2834213376045227,-0.6579155325889587,9.51597785949707
725,-0.2963080108165741,-0.6716467142105103,9.513222694396973
726,-0.3092285394668579,-0.6854732632637024,9.510540008544922
727,-0.32217732071876526,-0.6993876695632935,9.507909774780273
728,-0.33515727519989014,-0.7133941054344177,9.505359649658203
729,-0.34817153215408325,-0.7274953126907349,9.502863883972168
730,-0.3612186312675476,-0.7416902780532837,9.500443458557129
731,-0.3742978572845459,-0.7559774518013,9.498087882995605
732,-0.38741087913513184,-0.7703591585159302,9.495798110961914
733,-0.40055912733078003,-0.7848365902900696,9.493577003479004
734,-0.41373950242996216,-0.7994062304496765,9.491429328918457
735,-0.4269610643386841,-0.8140785694122314,9.489346504211426
736,-0.44021299481391907,-0.8288407325744629,9.487334251403809
737,-0.4535025954246521,-0.843701183795929,9.485390663146973
738,-0.4668271243572235,-0.8586569428443909,9.483515739440918
739,-0.4801884889602661,-0.873709499835968,9.481714248657227
740,-0.4935883581638336,-0.8888612985610962,9.479984283447266
741,-0.5070268511772156,-0.9041124582290649,9.478324890136719
742,-0.5205034613609314,-0.9194619655609131,9.476741790771484
743,-0.5340171456336975,-0.9349083304405212,9.475227355957031
744,-0.5475727319717407,-0.9504576921463013,9.473783493041992
745,-0.5611667633056641,-0.966105580329895,9.472418785095215
746,-0.5748004913330078,-0.9818530082702637,9.471121788024902
747,-0.5884766578674316,-0.9977038502693176,9.46990966796875
748,-0.6021915674209595,-1.0136529207229614,9.468764305114746
749,-0.6159490346908569,-1.029705286026001,9.467696189880371
750,-0.6297501921653748,-1.0458619594573975,9.466706275939941
751,-0.6435956358909607,-1.062123417854309,9.465794563293457
752,-0.6574790477752686,-1.0784822702407837,9.464958190917969
753,-0.6714097261428833,-1.0949493646621704,9.464203834533691
754,-0.6853808164596558,-1.1115162372589111,9.463519096374512
755,-0.6993958353996277,-1.1281870603561401,9.462921142578125
756,-0.7134588360786438,-1.144966721534729,9.462397575378418
757,-0.7275651693344116,-1.1618499755859375,9.461954116821289
758,-0.7417165637016296,-1.178837776184082,9.461597442626953
759,-0.7559105157852173,-1.1959279775619507,9.461318016052246
760,-0.7701587677001953,-1.2131340503692627,9.46112060546875
761,-0.7844476699829102,-1.2304394245147705,9.461002349853516
762,-0.798784613609314,-1.2478532791137695,9.46097469329834
763,-0.8131696581840515,-1.2653753757476807,9.46102237701416
764,-0.8276033401489258,-1.2830060720443726,9.461160659790039
765,-0.8420870900154114,-1.3007477521896362,9.461382865905762
766,-0.8566151857376099,-1.3185923099517822,9.461688995361328
767,-0.871192216873169,-1.3365455865859985,9.462078094482422
768,-0.8858186602592468,-1.354608178138733,9.462553977966309
769,-0.9004968404769897,-1.3727831840515137,9.46312141418457
770,-0.9152252078056335,-1.3910679817199707,9.463775634765625
771,-0.9300036430358887,-1.4094622135162354,9.464517593383789
772,-0.9448357820510864,-1.4279706478118896,9.465347290039062
773,-0.9597152471542358,-1.4465856552124023,9.466264724731445
774,-0.9746484160423279,-1.4653140306472778,9.467281341552734
775,-0.9896325469017029,-1.4841527938842773,9.468384742736816
776,-1.0046741962432861,-1.5031101703643799,9.46957778930664
777,-1.0197616815567017,-1.522170901298523,9.470864295959473
778,-1.034899353981018,-1.5413408279418945,9.472238540649414
779,-1.0500988960266113,-1.5606341361999512,9.473714828491211
780,-1.0653479099273682,-1.5800350904464722,9.475281715393066
781,-1.0806533098220825,-1.5995526313781738,9.476943969726562
782,-1.0960123538970947,-1.6191824674606323,9.478705406188965
783,-1.1114267110824585,-1.6389278173446655,9.48055362701416
784,-1.1268954277038574,-1.6587854623794556,9.482512474060059
785,-1.142414927482605,-1.678752064704895,9.484560012817383
786,-1.1579945087432861,-1.6988390684127808,9.48670768737793
787,-1.1736291646957397,-1.719040036201477,9.488953590393066
788,-1.1893236637115479,-1.7393606901168823,9.491303443908691
789,-1.205072045326233,-1.7597930431365967,9.493754386901855
790,-1.2208772897720337,-1.7803409099578857,9.49630355834961
791,-1.2367414236068726,-1.8010071516036987,9.498956680297852
792,-1.252662181854248,-1.8217880725860596,9.50171184539795
793,-1.2686398029327393,-1.8426843881607056,9.50456714630127
794,-1.2846702337265015,-1.8636903762817383,9.507526397705078
795,-1.3007746934890747,-1.8848332166671753,9.510601043701172
796,-1.3169307708740234,-1.906083345413208,9.513776779174805
797,-1.333142638206482,-1.9274475574493408,9.517054557800293
798,-1.3494150638580322,-1.9489296674728394,9.520445823669434
799,-1.3657441139221191,-1.9705259799957275,9.523942947387695
800,-1.3821394443511963,-1.99224853515625,9.527548789978027
801,-1.3985897302627563,-2.014082431793213,9.53126049041748
802,-1.415100336074829,-2.0360336303710938,9.535091400146484
803,-1.4316743612289429,-2.0581071376800537,9.539030075073242
804,-1.4483091831207275,-2.080298662185669,9.543079376220703
805,-1.4650050401687622,-2.1026086807250977,9.5472412109375
806,-1.4817606210708618,-2.125034809112549,9.551519393920898
807,-1.4985792636871338,-2.1475818157196045,9.555912017822266
808,-1.515457034111023,-2.1702444553375244,9.560418128967285
809,-1.5324052572250366,-2.193035840988159,9.565047264099121
810,-1.5494076013565063,-2.2159361839294434,9.569784164428711
811,-1.5664782524108887,-2.2389631271362305,9.574645042419434
812,-1.5836068391799927,-2.2621028423309326,9.579621315002441
813,-1.6008018255233765,-2.2853660583496094,9.584722518920898
814,-1.6180630922317505,-2.3087527751922607,9.589945793151855
815,-1.6353777647018433,-2.332246780395508,9.595277786254883
816,-1.652759075164795,-2.355862617492676,9.600737571716309
817,-1.6702097654342651,-2.379605293273926,9.606328964233398
818,-1.6877233982086182,-2.4034667015075684,9.612038612365723
819,-1.705302357673645,-2.4274485111236572,9.617871284484863
820,-1.7229372262954712,-2.4515388011932373,9.623830795288086
821,-1.7406450510025024,-2.475759744644165,9.629920959472656
822,-1.7584115266799927,-2.5000925064086914,9.636133193969727
823,-1.7762446403503418,-2.524545907974243,9.642474174499512
824,-1.7941482067108154,-2.549126386642456,9.648950576782227
825,-1.8121168613433838,-2.5738260746002197,9.655556678771973
826,-1.8301423788070679,-2.5986335277557373,9.662285804748535
827,-1.8482378721237183,-2.6235663890838623,9.66915225982666
828,-1.8664003610610962,-2.648620367050171,9.676152229309082
829,-1.884634256362915,-2.673799514770508,9.68328857421875
830,-1.9029241800308228,-2.6990859508514404,9.690553665161133
831,-1.921284556388855,-2.7244958877563477,9.697958946228027
832,-1.9397141933441162,-2.7500293254852295,9.705499649047852
833,-1.9582016468048096,-2.7756705284118652,9.71317195892334
834,-1.9767626523971558,-2.801439046859741,9.72099494934082
835,-1.995387315750122,-2.8273215293884277,9.728949546813965
836,-2.0140790939331055,-2.853323221206665,9.737044334411621
837,-2.0328407287597656,-2.8794474601745605,9.745287895202637
838,-2.051664113998413,-2.9056825637817383,9.75366497039795
839,-2.070561408996582,-2.932044506072998,9.762188911437988
840,-2.089515209197998,-2.958510398864746,9.770851135253906
841,-2.108546733856201,-2.9851064682006836,9.779670715332031
842,-2.1276397705078125,-3.011812925338745,9.788630485534668
843,-2.1468029022216797,-3.038639783859253,9.797735214233398
844,-2.1660308837890625,-3.065579652786255,9.806987762451172
845,-2.1853256225585938,-3.0926353931427,9.816389083862305
846,-2.204690456390381,-3.1198110580444336,9.82594108581543
847,-2.2241222858428955,-3.1471009254455566,9.835650444030762
848,-2.2436225414276123,-3.1745078563690186,9.845503807067871
849,-2.263185977935791,-3.20202374458313,9.855515480041504
850,-2.282825231552124,-3.2296650409698486,9.865679740905762
851,-2.3025219440460205,-3.2574079036712646,9.875995635986328
852,-2.3222882747650146,-3.2852673530578613,9.886470794677734
853,-2.3421268463134766,-3.3132474422454834,9.897100448608398
854,-2.3620307445526123,-3.341337203979492,9.907889366149902
855,-2.3819973468780518,-3.3695333003997803,9.918829917907715
856,-2.4020426273345947,-3.397857189178467,9.929944038391113
857,-2.4221487045288086,-3.426283597946167,9.941211700439453
858,-2.4423251152038574,-3.4548258781433105,9.952643394470215
859,-2.4625656604766846,-3.4834749698638916,9.964234352111816
860,-2.482877254486084,-3.5122392177581787,9.975994110107422
861,-2.503256320953369,-3.54111385345459,9.987915992736816
862,-2.5237019062042236,-3.570096969604492,10.000005722045898
863,-2.5442099571228027,-3.599184513092041,10.01225471496582
864,-2.564788341522217,-3.6283838748931885,10.024678230285645
865,-2.585434913635254,-3.6576921939849854,10.037269592285156
866,-2.6061511039733887,-3.6871132850646973,10.050029754638672
867,-2.626929759979248,-3.716634750366211,10.062956809997559
868,-2.6477694511413574,-3.746255397796631,10.076053619384766
869,-2.6686928272247314,-3.7760021686553955,10.089343070983887
870,-2.689676284790039,-3.8058481216430664,10.102791786193848
871,-2.7107229232788086,-3.835793972015381,10.116412162780762
872,-2.731834888458252,-3.865841865539551,10.130210876464844
873,-2.7530176639556885,-3.895998954772949,10.144186973571777
874,-2.774271011352539,-3.926265001296997,10.15834903717041
875,-2.79557466506958,-3.956613302230835,10.172676086425781
876,-2.8169610500335693,-3.987084150314331,10.187190055847168
877,-2.838407278060913,-4.017649173736572,10.201884269714355
878,-2.8599133491516113,-4.048305988311768,10.216753959655762
879,-2.881492853164673,-4.079071521759033,10.231816291809082
880,-2.903132200241089,-4.109930038452148,10.247051239013672
881,-2.9248390197753906,-4.140888690948486,10.26247787475586
882,-2.9466114044189453,-4.171945571899414,10.278091430664062
883,-2.968449115753174,-4.203099250793457,10.2938871383667
884,-2.9903502464294434,-4.234347820281982,10.309871673583984
885,-3.0123209953308105,-4.2656965255737305,10.32604694366455
886,-3.0343472957611084,-4.297128200531006,10.342408180236816
887,-3.0564424991607666,-4.328660488128662,10.358960151672363
888,-3.0785973072052,-4.360279560089111,10.375699043273926
889,-3.1008217334747314,-4.391996383666992,10.392640113830566
890,-3.123108386993408,-4.423802852630615,10.409771919250488
891,-3.145456314086914,-4.455697059631348,10.42709732055664
892,-3.167863130569458,-4.487674236297607,10.444610595703125
893,-3.1903417110443115,-4.519751071929932,10.46233081817627
894,-3.2128713130950928,-4.5518999099731445,10.480239868164062
895,-3.235473155975342,-4.584149360656738,10.4983491897583
896,-3.258138656616211,-4.616483211517334,10.516661643981934
897,-3.280853033065796,-4.648886203765869,10.535165786743164
898,-3.303635358810425,-4.681380271911621,10.553878784179688
899,-3.326479434967041,-4.713958263397217,10.57278823852539
900,-3.3493781089782715,-4.746608257293701,10.591896057128906
901,-3.372340679168701,-4.779343605041504,10.611207962036133
902,-3.3953638076782227,-4.8121562004089355,10.630733489990234
903,-3.418447732925415,-4.8450493812561035,10.650456428527832
904,-3.441584348678589,-4.878009796142578,10.670382499694824
905,-3.464785575866699,-4.91105318069458,10.690520286560059
906,-3.4880452156066895,-4.944169521331787,10.710869789123535
907,-3.511364698410034,-4.977363109588623,10.73142147064209
908,-3.534730911254883,-5.010612487792969,10.752178192138672
909,-3.558164596557617,-5.043943881988525,10.773158073425293
910,-3.581650733947754,-5.077340602874756,10.794337272644043
911,-3.6051998138427734,-5.110812664031982,10.8157377243042
912,-3.628800392150879,-5.144346714019775,10.8373441696167
913,-3.652458667755127,-5.1779465675354,10.85916805267334
914,-3.6761586666107178,-5.211595058441162,10.881187438964844
915,-3.699930429458618,-5.245327949523926,10.903446197509766
916,-3.7237489223480225,-5.279110908508301,10.925909996032715
917,-3.7476232051849365,-5.312956809997559,10.94859504699707
918,-3.7715487480163574,-5.346858978271484,10.971490859985352
919,-3.7955286502838135,-5.380820274353027,10.99460506439209
920,-3.8195595741271973,-5.414834976196289,11.017942428588867
921,-3.8436474800109863,-5.448911666870117,11.041498184204102
922,-3.8677761554718018,-5.483027458190918,11.065263748168945
923,-3.8919622898101807,-5.517202854156494,11.08926010131836
924,-3.9162051677703857,-5.551434516906738,11.11348819732666
925,-3.9404890537261963,-5.58570671081543,11.137917518615723
926,-3.9648239612579346,-5.620026111602783,11.162580490112305
927,-3.989208936691284,-5.654392719268799,11.18746280670166
928,-4.013638019561768,-5.688799858093262,11.212568283081055
929,-4.038118839263916,-5.72325325012207,11.23790168762207
930,-4.062646865844727,-5.757748126983643,11.263456344604492
931,-4.087218284606934,-5.792278289794922,11.289239883422852
932,-4.111837387084961,-5.826847553253174,11.315247535705566
933,-4.136503219604492,-5.861454963684082,11.341489791870117
934,-4.1612114906311035,-5.896096706390381,11.367944717407227
935,-4.1859612464904785,-5.930765151977539,11.394632339477539
936,-4.210764408111572,-5.965477466583252,11.421561241149902
937,-4.235604286193848,-6.000211238861084,11.448707580566406
938,-4.26048469543457,-6.034973621368408,11.476080894470215
939,-4.285406112670898,-6.069758892059326,11.50368595123291
940,-4.310377597808838,-6.104579925537109,11.531532287597656
941,-4.3353729248046875,-6.139404773712158,11.559588432312012
942,-4.360418796539307,-6.174263000488281,11.587889671325684
943,-4.385507106781006,-6.209143161773682,11.616426467895508
944,-4.410626411437988,-6.244034767150879,11.645184516906738
945,-4.435783386230469,-6.278940200805664,11.674177169799805
946,-4.460984230041504,-6.313869476318359,11.703408241271973
947,-4.4862189292907715,-6.348807334899902,11.732872009277344
948,-4.511481285095215,-6.383746147155762,11.762557983398438
949,-4.5367889404296875,-6.418703556060791,11.79249095916748
950,-4.562126636505127,-6.453667163848877,11.822649955749512
951,-4.587498664855957,-6.488635063171387,11.853046417236328
952,-4.6129045486450195,-6.52360725402832,11.883674621582031
953,-4.638334274291992,-6.558568477630615,11.914538383483887
954,-4.663796901702881,-6.593534469604492,11.945632934570312
955,-4.689294815063477,-6.6285014152526855,11.976970672607422
956,-4.7148308753967285,-6.663473606109619,12.008553504943848
957,-4.74037504196167,-6.698419094085693,12.040338516235352
958,-4.765965461730957,-6.733372688293457,12.072389602661133
959,-4.791575908660889,-6.768308162689209,12.104668617248535
960,-4.81721305847168,-6.8032331466674805,12.137178421020508
961,-4.842869758605957,-6.838135719299316,12.169917106628418
962,-4.868561267852783,-6.873034477233887,12.202897071838379
963,-4.894270896911621,-6.907905101776123,12.23612117767334
964,-4.920009613037109,-6.942765235900879,12.26958179473877
965,-4.945761203765869,-6.977590560913086,12.303260803222656
966,-4.971543312072754,-7.012402534484863,12.337196350097656
967,-4.997340202331543,-7.047181129455566,12.371353149414062
968,-5.023160457611084,-7.081934928894043,12.405754089355469
969,-5.048995494842529,-7.116652965545654,12.440383911132812
970,-5.074850082397461,-7.151341438293457,12.475247383117676
971,-5.100724697113037,-7.18599796295166,12.51035213470459
972,-5.126617431640625,-7.220620155334473,12.545692443847656
973,-5.152520656585693,-7.255197048187256,12.581265449523926
974,-5.178436279296875,-7.289731025695801,12.617067337036133
975,-5.204370498657227,-7.324227809906006,12.653114318847656
976,-5.23031759262085,-7.358677864074707,12.68939208984375
977,-5.256275177001953,-7.3930816650390625,12.725903511047363
978,-5.282238483428955,-7.427428722381592,12.762641906738281
979,-5.308218955993652,-7.461734294891357,12.799619674682617
980,-5.3342084884643555,-7.495983600616455,12.836833953857422
981,-5.360199928283691,-7.530172348022461,12.874268531799316
982,-5.38620138168335,-7.564306259155273,12.911938667297363
983,-5.41220760345459,-7.598376750946045,12.949850082397461
984,-5.438223838806152,-7.632391929626465,12.987985610961914
985,-5.4642415046691895,-7.666337966918945,13.026357650756836
986,-5.490258693695068,-7.700216770172119,13.064947128295898
987,-5.516278266906738,-7.734023094177246,13.10377311706543
988,-5.542300224304199,-7.767763137817383,13.142820358276367
989,-5.568327903747559,-7.8014326095581055,13.182114601135254
990,-5.59434700012207,-7.835019588470459,13.221620559692383
991,-5.620368957519531,-7.868535041809082,13.261360168457031
992,-5.646386623382568,-7.901970386505127,13.301321029663086
993,-5.672399997711182,-7.9353203773498535,13.341510772705078
994,-5.698414325714111,-7.968592166900635,13.381936073303223
995,-5.7244133949279785,-8.00177001953125,13.422565460205078
996,-5.750411510467529,-8.034863471984863,13.463433265686035
997,-5.77640438079834,-8.067872047424316,13.50451946258545
998,-5.8023834228515625,-8.100781440734863,13.54582691192627
999,-5.828354358673096,-8.133596420288086,13.587360382080078
1000,-5.854310512542725,-8.166309356689453,13.629104614257812
1001,-5.880258560180664,-8.198932647705078,13.671070098876953
1002,-5.90619421005249,-8.231449127197266,13.713257789611816
1003,-5.93211555480957,-8.263866424560547,13.755664825439453
1004,-5.958021640777588,-8.296174049377441,13.798285484313965
1005,-5.983908653259277,-8.32837200164795,13.841120719909668
1006,-6.009780406951904,-8.360459327697754,13.884177207946777
1007,-6.035635948181152,-8.392440795898438,13.92744255065918
1008,-6.061466217041016,-8.424301147460938,13.970907211303711
1009,-6.087277412414551,-8.45604419708252,14.014596939086914
1010,-6.113073825836182,-8.487677574157715,14.058496475219727
1011,-6.138847827911377,-8.519189834594727,14.102609634399414
1012,-6.164589881896973,-8.550569534301758,14.146918296813965
1013,-6.190310001373291,-8.581827163696289,14.19144058227539
1014,-6.216003894805908,-8.612957000732422,14.236159324645996
1015,-6.241668224334717,-8.643954277038574,14.281087875366211
1016,-6.267309188842773,-8.674825668334961,14.326221466064453
1017,-6.292920112609863,-8.70556354522705,14.371553421020508
1018,-6.3185014724731445,-8.736165046691895,14.417085647583008
1019,-6.3440446853637695,-8.766621589660645,14.462811470031738
1020,-6.369565486907959,-8.796947479248047,14.508749008178711
1021,-6.395050525665283,-8.827132225036621,14.554871559143066
1022,-6.420497894287109,-8.857168197631836,14.601189613342285
1023,-6.4459099769592285,-8.887056350708008,14.647700309753418
