package,key,analysis,problem,algorithm,mode,setting_kind,setting,n,states,tier,transfers,min_ms,median_ms,p05_ms,p95_ms,max_ms,samples,errored_pct,error,build_s,recorded_utc
myokit_cuda,linux_RTX-2060-SUPER,times,lorenz,euler,fixed,dt,0.0009765625,8,3,default,both,0.1194181386,0.121683,0.1195548,0.14389625,0.158531,20,nan,nan,nan,2026-09-08T10:43:53Z
myokit_cuda,linux_RTX-2060-SUPER,times,lorenz,euler,fixed,dt,0.0009765625,8,3,default,none,0.02556084655,0.026242,0.0257814,0.0293907,0.040462,20,nan,nan,nan,2026-09-08T10:43:53Z
myokit_cuda,linux_RTX-2060-SUPER,times,lorenz,euler,fixed,dt,0.0009765625,32,3,default,both,0.11548982,0.118042,0.1161189,0.1309745,0.136836,20,nan,nan,nan,2026-09-08T10:43:53Z
myokit_cuda,linux_RTX-2060-SUPER,times,lorenz,euler,fixed,dt,0.0009765625,32,3,default,none,0.02578692511,0.0261455,0.025825,0.02735475,0.028148,20,nan,nan,nan,2026-09-08T10:43:53Z
myokit_cuda,linux_RTX-2060-SUPER,times,lorenz,euler,fixed,dt,0.0009765625,128,3,default,both,0.1186439767,0.1231535,0.1193394,0.7227731,2.169169,20,nan,nan,nan,2026-09-08T10:43:53Z
myokit_cuda,linux_RTX-2060-SUPER,times,lorenz,euler,fixed,dt,0.0009765625,128,3,default,none,0.02543884329,0.0261985,0.02592065,0.03966975,0.274106,20,nan,nan,nan,2026-09-08T10:43:53Z
myokit_cuda,linux_RTX-2060-SUPER,times,lorenz,euler,fixed,dt,0.0009765625,512,3,default,both,0.1192300115,0.121171,0.1197696,0.12976155,0.131805,20,nan,nan,nan,2026-09-08T10:43:53Z
myokit_cuda,linux_RTX-2060-SUPER,times,lorenz,euler,fixed,dt,0.0009765625,512,3,default,none,0.02611405216,0.0263165,0.02612445,0.0280937,0.028354,20,nan,nan,nan,2026-09-08T10:43:53Z
myokit_cuda,linux_RTX-2060-SUPER,times,lorenz,euler,fixed,dt,0.0009765625,2048,3,default,both,0.1266309991,0.128377,0.12709175,0.13407815,0.138033,20,nan,nan,nan,2026-09-08T10:43:53Z
myokit_cuda,linux_RTX-2060-SUPER,times,lorenz,euler,fixed,dt,0.0009765625,2048,3,default,none,0.02632196993,0.026542,0.02636285,0.02751615,0.028507,20,nan,nan,nan,2026-09-08T10:43:53Z
myokit_cuda,linux_RTX-2060-SUPER,times,lorenz,euler,fixed,dt,0.0009765625,8192,3,default,both,0.162045937,0.16487,0.16260555,0.16817165,0.176373,20,nan,nan,nan,2026-09-08T10:43:53Z
myokit_cuda,linux_RTX-2060-SUPER,times,lorenz,euler,fixed,dt,0.0009765625,8192,3,default,none,0.03848294728,0.0395615,0.0386977,0.04233935,0.044398,20,nan,nan,nan,2026-09-08T10:43:53Z
myokit_cuda,linux_RTX-2060-SUPER,times,lorenz,euler,fixed,dt,0.0009765625,32768,3,default,both,0.3426661715,0.3459355,0.3427515,0.3501632,0.357748,20,nan,nan,nan,2026-09-08T10:43:53Z
myokit_cuda,linux_RTX-2060-SUPER,times,lorenz,euler,fixed,dt,0.0009765625,32768,3,default,none,0.1153019257,0.1158415,0.1154445,0.1166371,0.118045,20,nan,nan,nan,2026-09-08T10:43:53Z
myokit_cuda,linux_RTX-2060-SUPER,times,lorenz,euler,fixed,dt,0.0009765625,131072,3,default,both,1.090676058,1.0977825,1.0913885,1.5549918,1.56863,20,nan,nan,nan,2026-09-08T10:43:53Z
myokit_cuda,linux_RTX-2060-SUPER,times,lorenz,euler,fixed,dt,0.0009765625,131072,3,default,none,0.4037560429,0.4043985,0.40387,0.4079314,0.408642,20,nan,nan,nan,2026-09-08T10:43:53Z
myokit_cuda,linux_RTX-2060-SUPER,times,lorenz,euler,fixed,dt,0.0009765625,524288,3,default,both,4.245124059,4.2849435,4.2456484,5.28991165,5.346107,20,nan,nan,nan,2026-09-08T10:43:53Z
myokit_cuda,linux_RTX-2060-SUPER,times,lorenz,euler,fixed,dt,0.0009765625,524288,3,default,none,1.56865688,1.5708205,1.569778,1.57212815,1.572587,20,nan,nan,nan,2026-09-08T10:43:53Z
myokit_cuda,linux_RTX-2060-SUPER,times,lorenz,euler,fixed,dt,0.0009765625,2097152,3,default,both,15.9841748,16.147838,15.99026735,18.7788252,19.249326,20,nan,nan,nan,2026-09-08T10:43:53Z
myokit_cuda,linux_RTX-2060-SUPER,times,lorenz,euler,fixed,dt,0.0009765625,2097152,3,default,none,6.172712892,6.1756755,6.172751,7.49529495,7.610263,20,nan,nan,nan,2026-09-08T10:43:53Z
myokit_cuda,linux_RTX-2060-SUPER,times,lorenz,euler,fixed,dt,0.0009765625,8388608,3,default,both,68.70891014,69.1293305,68.7660031,72.6671636,72.72294,20,nan,nan,nan,2026-09-08T10:43:53Z
myokit_cuda,linux_RTX-2060-SUPER,times,lorenz,euler,fixed,dt,0.0009765625,8388608,3,default,none,24.650787,24.66434,24.6516097,27.5254317,27.540455,20,nan,nan,nan,2026-09-08T10:43:53Z
myokit_cuda,linux_RTX-2060-SUPER,wp,lorenz,euler,fixed,dt,0.00390625,131072,3,default,both,0.7704631425,0.7799175,0.7708829,1.26848015,1.315717,20,nan,0.6018751581,nan,2026-09-08T10:43:53Z
myokit_cuda,linux_RTX-2060-SUPER,wp,lorenz,euler,fixed,dt,0.001953125,131072,3,default,both,0.8645020425,0.874307,0.86631745,0.9462072,1.279243,20,nan,0.3081383723,nan,2026-09-08T10:43:53Z
myokit_cuda,linux_RTX-2060-SUPER,wp,lorenz,euler,fixed,dt,0.0009765625,131072,3,default,both,1.06167607,1.064968,1.0618451,1.46793895,1.475386,20,nan,0.1557420519,nan,2026-09-08T10:43:53Z
myokit_cuda,linux_RTX-2060-SUPER,wp,lorenz,euler,fixed,dt,0.00048828125,131072,3,default,both,1.450207084,1.4564245,1.45102875,1.8398191,1.851069,20,nan,0.07827065309,nan,2026-09-08T10:43:53Z
myokit_cuda,linux_RTX-2060-SUPER,wp,lorenz,euler,fixed,dt,0.000244140625,131072,3,default,both,2.215677872,2.221975,2.2162632,2.6338137,2.653758,20,nan,0.03923265287,nan,2026-09-08T10:43:53Z
myokit_cuda,linux_RTX-2060-SUPER,wp,lorenz,euler,fixed,dt,0.0001220703125,131072,3,default,both,3.762429114,3.7695635,3.764842,4.1611354,4.161694,20,nan,0.01964034254,nan,2026-09-08T10:43:53Z
myokit_cuda,linux_RTX-2060-SUPER,wp,lorenz,euler,fixed,dt,6.103515625e-05,131072,3,default,both,6.851830985,6.8592725,6.85443305,7.2633446,7.274851,20,nan,0.009826119876,nan,2026-09-08T10:43:53Z
myokit_cuda,linux_RTX-2060-SUPER,wp,lorenz,euler,fixed,dt,3.051757812e-05,131072,3,default,both,13.03257095,13.043094,13.0371196,13.4476938,13.449875,20,nan,0.004914485537,nan,2026-09-08T10:43:53Z
myokit_cuda,linux_RTX-2060-SUPER,wp,lorenz,euler,fixed,dt,1.525878906e-05,131072,3,default,both,25.40317969,25.408747,25.40499735,25.83081185,25.858492,20,nan,0.002457953155,nan,2026-09-08T10:43:53Z
myokit_cuda,linux_RTX-2060-SUPER,wp,lorenz,euler,fixed,dt,7.629394531e-06,131072,3,default,both,50.11594202,50.1263055,50.1159838,50.5427381,50.549447,20,nan,0.001235081829,nan,2026-09-08T10:43:53Z
myokit_cuda,linux_RTX-2060-SUPER,states,lorenz96,euler,fixed,dt,0.0009765625,131072,4,default,both,1.568738138,1.651316,1.56992645,2.49359725,2.618698,20,nan,nan,0.406996405,2026-09-08T10:43:53Z
myokit_cuda,linux_RTX-2060-SUPER,states,lorenz96,euler,fixed,dt,0.0009765625,131072,4,default,none,0.7213281933,0.7232565,0.72181725,1.9726314,2.151448,20,nan,nan,0.406996405,2026-09-08T10:43:53Z
myokit_cuda,linux_RTX-2060-SUPER,states,lorenz96,euler,fixed,dt,0.0009765625,131072,8,default,both,2.978470176,3.1186965,2.98243245,4.4721029,4.971003,20,nan,nan,0.04472683999,2026-09-08T10:43:53Z
myokit_cuda,linux_RTX-2060-SUPER,states,lorenz96,euler,fixed,dt,0.0009765625,131072,8,default,none,1.415538136,1.4174775,1.4156501,2.6518545,3.44709,20,nan,nan,0.04472683999,2026-09-08T10:43:53Z
myokit_cuda,linux_RTX-2060-SUPER,states,lorenz96,euler,fixed,dt,0.0009765625,131072,16,default,both,5.348331993,5.499935,5.3572297,9.9942754,10.165948,20,nan,nan,0.04939573095,2026-09-08T10:43:53Z
myokit_cuda,linux_RTX-2060-SUPER,states,lorenz96,euler,fixed,dt,0.0009765625,131072,16,default,none,2.803954994,2.805472,2.80415925,2.8071526,2.807639,20,nan,nan,0.04939573095,2026-09-08T10:43:53Z
myokit_cuda,linux_RTX-2060-SUPER,states,lorenz96,euler,fixed,dt,0.0009765625,131072,32,default,both,11.27240714,11.8719885,11.32177375,15.61160585,16.106116,20,nan,nan,0.08653633203,2026-09-08T10:43:53Z
myokit_cuda,linux_RTX-2060-SUPER,states,lorenz96,euler,fixed,dt,0.0009765625,131072,32,default,none,5.604553968,5.6097305,5.60574625,7.73801745,7.76702,20,nan,nan,0.08653633203,2026-09-08T10:43:53Z
myokit_cuda,linux_RTX-2060-SUPER,states,lorenz96,euler,fixed,dt,0.0009765625,131072,64,default,both,24.37621914,24.9641495,24.3937598,31.0202166,31.040349,20,nan,nan,0.1601599709,2026-09-08T10:43:53Z
myokit_cuda,linux_RTX-2060-SUPER,states,lorenz96,euler,fixed,dt,0.0009765625,131072,64,default,none,11.18698297,11.1969665,11.1937831,14.1656303,15.919868,20,nan,nan,0.1601599709,2026-09-08T10:43:53Z
myokit_cuda,linux_RTX-2060-SUPER,states,lorenz96,euler,fixed,dt,0.0009765625,131072,128,default,both,48.22070803,51.203886,48.3002382,54.9598975,58.045963,20,nan,nan,0.3908144708,2026-09-08T10:43:53Z
myokit_cuda,linux_RTX-2060-SUPER,states,lorenz96,euler,fixed,dt,0.0009765625,131072,128,default,none,22.3458882,22.3657525,22.3492548,27.8699277,28.409199,20,nan,nan,0.3908144708,2026-09-08T10:43:53Z
myokit_cuda,linux_RTX-2060-SUPER,times,lorenz96,euler,fixed,dt,0.0009765625,8,32,default,both,0.2908089664,0.294696,0.29172385,0.31043435,0.310878,20,nan,nan,nan,2026-09-08T10:43:53Z
myokit_cuda,linux_RTX-2060-SUPER,times,lorenz96,euler,fixed,dt,0.0009765625,8,32,default,none,0.1990410965,0.199587,0.19913695,0.2020603,0.225987,20,nan,nan,nan,2026-09-08T10:43:53Z
myokit_cuda,linux_RTX-2060-SUPER,times,lorenz96,euler,fixed,dt,0.0009765625,32,32,default,both,0.2932581119,0.29575,0.2933663,0.3055059,0.307556,20,nan,nan,nan,2026-09-08T10:43:53Z
myokit_cuda,linux_RTX-2060-SUPER,times,lorenz96,euler,fixed,dt,0.0009765625,32,32,default,none,0.1987060532,0.1995435,0.19911545,0.2007166,0.201697,20,nan,nan,nan,2026-09-08T10:43:53Z
myokit_cuda,linux_RTX-2060-SUPER,times,lorenz96,euler,fixed,dt,0.0009765625,128,32,default,both,0.3009580541,0.30367,0.3014083,0.3084151,0.31273,20,nan,nan,nan,2026-09-08T10:43:53Z
myokit_cuda,linux_RTX-2060-SUPER,times,lorenz96,euler,fixed,dt,0.0009765625,128,32,default,none,0.2029261086,0.20322,0.202964,0.2043594,0.204899,20,nan,nan,nan,2026-09-08T10:43:53Z
myokit_cuda,linux_RTX-2060-SUPER,times,lorenz96,euler,fixed,dt,0.0009765625,512,32,default,both,0.315993093,0.3187355,0.31627325,0.32524045,0.328479,20,nan,nan,nan,2026-09-08T10:43:53Z
myokit_cuda,linux_RTX-2060-SUPER,times,lorenz96,euler,fixed,dt,0.0009765625,512,32,default,none,0.2032320481,0.2037715,0.2032396,0.20520415,0.206043,20,nan,nan,nan,2026-09-08T10:43:53Z
myokit_cuda,linux_RTX-2060-SUPER,times,lorenz96,euler,fixed,dt,0.0009765625,2048,32,default,both,0.3728091251,0.375732,0.37289165,0.38318015,0.39274,20,nan,nan,nan,2026-09-08T10:43:53Z
myokit_cuda,linux_RTX-2060-SUPER,times,lorenz96,euler,fixed,dt,0.0009765625,2048,32,default,none,0.2044318244,0.2049665,0.20451275,0.20648515,0.207324,20,nan,nan,nan,2026-09-08T10:43:53Z
myokit_cuda,linux_RTX-2060-SUPER,times,lorenz96,euler,fixed,dt,0.0009765625,8192,32,default,both,0.8299071342,0.8349995,0.8312674,0.84720525,0.864348,20,nan,nan,nan,2026-09-08T10:43:53Z
myokit_cuda,linux_RTX-2060-SUPER,times,lorenz96,euler,fixed,dt,0.0009765625,8192,32,default,none,0.3824708983,0.3844525,0.3829574,0.38612245,0.387499,20,nan,nan,nan,2026-09-08T10:43:53Z
myokit_cuda,linux_RTX-2060-SUPER,times,lorenz96,euler,fixed,dt,0.0009765625,32768,32,default,both,2.915955149,2.932458,2.92023285,3.6000803,3.716461,20,nan,nan,nan,2026-09-08T10:43:53Z
myokit_cuda,linux_RTX-2060-SUPER,times,lorenz96,euler,fixed,dt,0.0009765625,32768,32,default,none,1.464210916,1.46568,1.4642718,1.4669337,1.466947,20,nan,nan,nan,2026-09-08T10:43:53Z
myokit_cuda,linux_RTX-2060-SUPER,times,lorenz96,euler,fixed,dt,0.0009765625,131072,32,default,both,11.24033611,11.398488,11.26167015,12.6275613,15.031238,20,nan,nan,nan,2026-09-08T10:43:53Z
myokit_cuda,linux_RTX-2060-SUPER,times,lorenz96,euler,fixed,dt,0.0009765625,131072,32,default,none,5.602388876,5.606086,5.6035309,7.5072575,8.2066,20,nan,nan,nan,2026-09-08T10:43:53Z
myokit_cuda,linux_RTX-2060-SUPER,times,lorenz96,euler,fixed,dt,0.0009765625,524288,32,default,both,48.17208601,48.4327805,48.22723825,52.94013235,54.201739,20,nan,nan,nan,2026-09-08T10:43:53Z
myokit_cuda,linux_RTX-2060-SUPER,times,lorenz96,euler,fixed,dt,0.0009765625,524288,32,default,none,21.90037491,21.916577,21.9011635,28.78675305,29.525303,20,nan,nan,nan,2026-09-08T10:43:53Z
myokit_cuda,linux_RTX-2060-SUPER,times,lorenz96,euler,fixed,dt,0.0009765625,2097152,32,default,both,194.845289,199.3833495,195.1054259,202.3589593,202.880818,10,nan,nan,nan,2026-09-08T10:43:53Z
myokit_cuda,linux_RTX-2060-SUPER,times,lorenz96,euler,fixed,dt,0.0009765625,2097152,32,default,none,87.2482718,90.1328025,89.62775695,93.05784875,93.996235,20,nan,nan,nan,2026-09-08T10:43:53Z
myokit_cuda,linux_RTX-2060-SUPER,times,lorenz96,euler,fixed,dt,0.0009765625,8388608,32,default,both,783.8780219,788.5297905,784.4076189,802.5275793,809.080581,10,nan,nan,nan,2026-09-08T10:43:53Z
myokit_cuda,linux_RTX-2060-SUPER,times,lorenz96,euler,fixed,dt,0.0009765625,8388608,32,default,none,354.4295747,360.139068,355.6788038,366.2777287,368.681595,10,nan,nan,nan,2026-09-08T10:43:53Z
myokit_cuda,linux_RTX-2060-SUPER,wp,lorenz96,euler,fixed,dt,0.00390625,131072,32,default,both,6.968651898,7.0376305,6.98077875,8.39786535,8.620267,20,nan,6.148023996,nan,2026-09-08T10:43:53Z
myokit_cuda,linux_RTX-2060-SUPER,wp,lorenz96,euler,fixed,dt,0.001953125,131072,32,default,both,8.389431983,8.4756435,8.3954626,10.13516365,10.452799,20,nan,5.843516909,nan,2026-09-08T10:43:53Z
myokit_cuda,linux_RTX-2060-SUPER,wp,lorenz96,euler,fixed,dt,0.0009765625,131072,32,default,both,11.23038726,11.416127,11.2468144,13.1768802,14.746721,20,nan,5.099940668,nan,2026-09-08T10:43:53Z
myokit_cuda,linux_RTX-2060-SUPER,wp,lorenz96,euler,fixed,dt,0.00048828125,131072,32,default,both,16.731821,16.906994,16.74255505,20.5132652,21.23886,20,nan,3.64281996,nan,2026-09-08T10:43:53Z
myokit_cuda,linux_RTX-2060-SUPER,wp,lorenz96,euler,fixed,dt,0.000244140625,131072,32,default,both,27.77573001,28.6989035,27.7770372,32.35133,33.023854,20,nan,2.068634162,nan,2026-09-08T10:43:53Z
myokit_cuda,linux_RTX-2060-SUPER,wp,lorenz96,euler,fixed,dt,0.0001220703125,131072,32,default,both,49.68496505,49.8745845,49.7092261,50.70142335,51.25053,20,nan,1.067278166,nan,2026-09-08T10:43:53Z
myokit_cuda,linux_RTX-2060-SUPER,wp,lorenz96,euler,fixed,dt,6.103515625e-05,131072,32,default,both,93.85449858,93.907896,93.854898,94.92465745,95.271986,20,nan,0.5382146915,nan,2026-09-08T10:43:53Z
myokit_cuda,linux_RTX-2060-SUPER,wp,lorenz96,euler,fixed,dt,3.051757812e-05,131072,32,default,both,182.0466639,182.1319355,182.0474339,183.5241547,183.551809,10,nan,0.2702260225,nan,2026-09-08T10:43:53Z
myokit_cuda,linux_RTX-2060-SUPER,wp,lorenz96,euler,fixed,dt,1.525878906e-05,131072,32,default,both,357.9492746,358.118469,357.969399,359.2292594,359.29859,10,nan,0.1419024568,nan,2026-09-08T10:43:53Z
myokit_cuda,linux_RTX-2060-SUPER,wp,lorenz96,euler,fixed,dt,7.629394531e-06,131072,32,default,both,710.280037,710.5094305,710.2930991,711.7860543,712.029755,10,nan,0.1604751272,nan,2026-09-08T10:43:53Z
myokit_cuda,linux_RTX-2060-SUPER,times,pleiades,euler,fixed,dt,0.0029296875,8,28,default,both,19.25671892,19.2711885,19.2567285,23.57833595,23.591122,20,nan,nan,nan,2026-09-08T10:43:53Z
myokit_cuda,linux_RTX-2060-SUPER,times,pleiades,euler,fixed,dt,0.0029296875,8,28,default,none,19.15602013,19.157515,19.15644465,19.3830053,23.419998,20,nan,nan,nan,2026-09-08T10:43:53Z
myokit_cuda,linux_RTX-2060-SUPER,times,pleiades,euler,fixed,dt,0.0029296875,32,28,default,both,19.26985616,19.276393,19.2712107,23.26222015,23.850786,20,nan,nan,nan,2026-09-08T10:43:53Z
myokit_cuda,linux_RTX-2060-SUPER,times,pleiades,euler,fixed,dt,0.0029296875,32,28,default,none,19.17081303,19.172996,19.1711075,22.3730743,23.721719,20,nan,nan,nan,2026-09-08T10:43:53Z
myokit_cuda,linux_RTX-2060-SUPER,times,pleiades,euler,fixed,dt,0.0029296875,128,28,default,both,19.45304894,19.462365,19.45494615,23.06471225,24.051862,20,nan,nan,nan,2026-09-08T10:43:53Z
myokit_cuda,linux_RTX-2060-SUPER,times,pleiades,euler,fixed,dt,0.0029296875,128,28,default,none,19.35181906,19.3528435,19.3519102,21.90492465,23.59512,20,nan,nan,nan,2026-09-08T10:43:53Z
myokit_cuda,linux_RTX-2060-SUPER,times,pleiades,euler,fixed,dt,0.0029296875,512,28,default,both,20.74421197,20.7564445,20.7451848,20.9736957,23.407875,20,nan,nan,nan,2026-09-08T10:43:53Z
myokit_cuda,linux_RTX-2060-SUPER,times,pleiades,euler,fixed,dt,0.0029296875,512,28,default,none,20.62970214,20.632651,20.63035655,24.17275285,25.168008,20,nan,nan,nan,2026-09-08T10:43:53Z
myokit_cuda,linux_RTX-2060-SUPER,times,pleiades,euler,fixed,dt,0.0029296875,2048,28,default,both,21.00068913,21.0160575,21.00591685,25.30892805,25.314021,20,nan,nan,nan,2026-09-08T10:43:53Z
myokit_cuda,linux_RTX-2060-SUPER,times,pleiades,euler,fixed,dt,0.0029296875,2048,28,default,none,20.83243104,20.8387155,20.83567905,25.3827623,25.392287,20,nan,nan,nan,2026-09-08T10:43:53Z
myokit_cuda,linux_RTX-2060-SUPER,times,pleiades,euler,fixed,dt,0.0029296875,8192,28,default,both,21.82476502,21.859702,21.82485335,25.04293845,25.054138,20,nan,nan,nan,2026-09-08T10:43:53Z
myokit_cuda,linux_RTX-2060-SUPER,times,pleiades,euler,fixed,dt,0.0029296875,8192,28,default,none,21.40827593,21.4154175,21.40896475,25.43415705,25.472158,20,nan,nan,nan,2026-09-08T10:43:53Z
myokit_cuda,linux_RTX-2060-SUPER,times,pleiades,euler,fixed,dt,0.0029296875,32768,28,default,both,56.688176,57.1918665,56.71453185,61.84293015,62.405105,20,nan,nan,nan,2026-09-08T10:43:53Z
myokit_cuda,linux_RTX-2060-SUPER,times,pleiades,euler,fixed,dt,0.0029296875,32768,28,default,none,55.06881489,56.994354,55.2370448,59.9561878,60.037998,20,nan,nan,nan,2026-09-08T10:43:53Z
myokit_cuda,linux_RTX-2060-SUPER,times,pleiades,euler,fixed,dt,0.0029296875,131072,28,default,both,213.4206691,219.8663345,213.5558056,224.5645496,225.703116,20,nan,nan,nan,2026-09-08T10:43:53Z
myokit_cuda,linux_RTX-2060-SUPER,times,pleiades,euler,fixed,dt,0.0029296875,131072,28,default,none,207.2397121,208.1754145,207.574664,225.2612945,230.660723,20,nan,nan,nan,2026-09-08T10:43:53Z
myokit_cuda,linux_RTX-2060-SUPER,times,pleiades,euler,fixed,dt,0.0029296875,524288,28,default,both,821.02566,822.2046445,821.4697793,823.1843924,823.549123,20,nan,nan,nan,2026-09-08T10:43:53Z
myokit_cuda,linux_RTX-2060-SUPER,times,pleiades,euler,fixed,dt,0.0029296875,524288,28,default,none,794.066811,799.7594545,794.2857841,801.0637516,801.096214,20,nan,nan,nan,2026-09-08T10:43:53Z
myokit_cuda,linux_RTX-2060-SUPER,times,pleiades,euler,fixed,dt,0.0029296875,2097152,28,default,both,3348.010432,3366.010602,3350.736273,3380.876791,3383.269826,5,nan,nan,nan,2026-09-08T10:43:53Z
myokit_cuda,linux_RTX-2060-SUPER,times,pleiades,euler,fixed,dt,0.0029296875,2097152,28,default,none,3253.714492,3255.8429,3253.958628,3259.981528,3260.542555,5,nan,nan,nan,2026-09-08T10:43:53Z
myokit_cuda,linux_RTX-2060-SUPER,times,pleiades,euler,fixed,dt,0.0029296875,8388608,28,default,both,12977.17661,13129.76204,12992.43515,13357.31987,13382.60407,3,nan,nan,nan,2026-09-08T10:43:53Z
myokit_cuda,linux_RTX-2060-SUPER,times,pleiades,euler,fixed,dt,0.0029296875,8388608,28,default,none,12589.50163,12591.93198,12589.74466,12639.14513,12644.39104,3,nan,nan,nan,2026-09-08T10:43:53Z
myokit_cuda,linux_RTX-2060-SUPER,wp,pleiades,euler,fixed,dt,0.01171875,131072,28,default,both,57.8737529,61.2077865,57.9050593,62.32949985,64.773581,20,nan,2580.098492,nan,2026-09-08T10:43:53Z
myokit_cuda,linux_RTX-2060-SUPER,wp,pleiades,euler,fixed,dt,0.005859375,131072,28,default,both,113.1567783,113.522278,113.2040469,116.6943514,116.903996,10,nan,257.0007481,nan,2026-09-08T10:43:53Z
myokit_cuda,linux_RTX-2060-SUPER,wp,pleiades,euler,fixed,dt,0.0029296875,131072,28,default,both,218.5190348,222.4458625,219.1954683,226.3499482,226.696846,10,nan,349.4116599,nan,2026-09-08T10:43:53Z
myokit_cuda,linux_RTX-2060-SUPER,wp,pleiades,euler,fixed,dt,0.00146484375,131072,28,default,both,432.5433099,435.8651845,432.7426726,444.319688,447.903443,10,nan,394.4988843,nan,2026-09-08T10:43:53Z
myokit_cuda,linux_RTX-2060-SUPER,wp,pleiades,euler,fixed,dt,0.000732421875,131072,28,default,both,852.5970066,865.763417,854.9972674,878.8727724,882.833537,10,nan,172.830586,nan,2026-09-08T10:43:53Z
myokit_cuda,linux_RTX-2060-SUPER,wp,pleiades,euler,fixed,dt,0.0003662109375,131072,28,default,both,1693.257134,1717.004171,1697.137425,1751.613875,1759.973297,10,nan,903.76922,nan,2026-09-08T10:43:53Z
myokit_cuda,linux_RTX-2060-SUPER,wp,pleiades,euler,fixed,dt,0.0001831054688,131072,28,default,both,3435.359166,3449.019168,3437.921065,3472.797651,3478.458539,5,nan,818.4027338,nan,2026-09-08T10:43:53Z
myokit_cuda,linux_RTX-2060-SUPER,wp,pleiades,euler,fixed,dt,9.155273438e-05,131072,28,default,both,6746.66044,6767.122994,6748.706695,6803.580051,6807.630835,3,nan,4533.027232,nan,2026-09-08T10:43:53Z
myokit_cuda,linux_RTX-2060-SUPER,wp,pleiades,euler,fixed,dt,4.577636719e-05,131072,28,default,both,13490.07586,13495.51116,13490.61939,13611.23576,13624.09405,3,nan,1230.118485,nan,2026-09-08T10:43:53Z
myokit_cuda,linux_RTX-2060-SUPER,wp,pleiades,euler,fixed,dt,2.288818359e-05,131072,28,default,both,26197.22236,26416.22358,26219.12248,26435.06279,26437.15604,3,nan,2719.08511,nan,2026-09-08T10:43:53Z
