traj,s1,s2,s3
0,4.32882262e-05,0,0
1,0.000987452804,0.000852787576,1.05204426e-05
2,0.00196043774,0.00173589541,2.20323109e-05
3,0.00296276785,0.00264996244,3.45877233e-05
4,0.00399497757,0.00359563995,4.82409305e-05
5,0.00505760266,0.00457358407,6.30482318e-05
6,0.00615119236,0.00558446487,7.9068348e-05
7,0.00727629894,0.00662896177,9.63620623e-05
8,0.00843348075,0.00770775974,0.000114992705
9,0.00962331146,0.00882156473,0.000135026072
10,0.0108463597,0.00997108035,0.000156530426
11,0.0121035464,0.0111573441,0.000177285649
12,0.0133948401,0.0123805013,0.000201736751
13,0.0147211188,0.0136415586,0.000227879093
14,0.0160829965,0.0149412705,0.000255792256
15,0.0174810868,0.0162804052,0.000285558286
16,0.0189160053,0.0176597312,0.000317262689
17,0.0203883871,0.0190800428,0.000350993767
18,0.0218988601,0.0205421187,0.000386843312
19,0.0234480668,0.0220467746,0.00042490635
20,0.0250366777,0.0235948339,0.000465281453
21,0.026665343,0.0251871273,0.000508070865
22,0.0283347107,0.0268244762,0.000553379708
23,0.0300455131,0.028507784,0.000601319014
24,0.0317983665,0.0302378517,0.000652000715
25,0.0335940123,0.0320155993,0.000705543265
26,0.035433121,0.0338418931,0.000762067852
27,0.0373164304,0.0357176587,0.000821700727
28,0.0392446406,0.0376437865,0.000884571753
29,0.0412184931,0.039621219,0.000950816902
30,0.0432387143,0.0416508876,0.00102057413
31,0.0453060344,0.0437337421,0.00109398924
32,0.0474212617,0.0458707809,0.00117121136
33,0.0495851003,0.0480629206,0.00125239359
34,0.0517983325,0.0503111817,0.00133769691
35,0.0540617555,0.0526165739,0.00142728572
36,0.0563761741,0.054980129,0.00152133161
37,0.0587423556,0.057402838,0.00162001012
38,0.0611612685,0.0598859228,0.00172280252
39,0.0636334643,0.062430162,0.001831281
40,0.0661598742,0.065036729,0.0019449566
41,0.0687432215,0.0677086115,0.00206145691
42,0.071380727,0.0704432577,0.00218608347
43,0.0740749389,0.0732435063,0.00231652847
44,0.0768268257,0.0761105493,0.00245301682
45,0.0796371773,0.0790454671,0.00259577367
46,0.0825069547,0.082049489,0.0027450386
47,0.0854370221,0.0851237327,0.00290105236
48,0.0884282514,0.0882693827,0.00306406547
49,0.091481626,0.0914876834,0.00323433871
50,0.0945980474,0.0947798416,0.0034121403
51,0.0977783799,0.0981470197,0.00359774148
52,0.101023689,0.101590551,0.00379143213
53,0.104334846,0.105111644,0.00399350282
54,0.10771288,0.108711608,0.00420425646
55,0.111158691,0.112391673,0.00442400482
56,0.114673272,0.116153158,0.00465306547
57,0.118257686,0.119997434,0.00489177462
58,0.121912971,0.123925842,0.00514047826
59,0.12564002,0.127939716,0.00539951865
60,0.129439875,0.132040277,0.00566925853
61,0.133313686,0.136229128,0.00595007977
62,0.137262389,0.140507564,0.00624235952
63,0.141287163,0.144877076,0.00654650247
64,0.145389006,0.149338976,0.0068629114
65,0.14956893,0.153894752,0.00719200354
66,0.153828129,0.158545911,0.00753421662
67,0.15816772,0.163293883,0.00788999721
68,0.16258879,0.168140233,0.00825980492
69,0.167092472,0.17308642,0.00864411145
70,0.17167981,0.17813395,0.00904339459
71,0.176352099,0.183284387,0.00945816468
72,0.181110442,0.188539341,0.00988894142
73,0.185955927,0.193900302,0.0103362361
74,0.190889895,0.199368984,0.0108006187
75,0.19591327,0.204946756,0.0112826163
76,0.201027557,0.210635513,0.011782838
77,0.206233934,0.216436923,0.0123018725
78,0.211533561,0.22235249,0.0128403204
79,0.216927558,0.228383884,0.0133988047
80,0.222417265,0.234532803,0.0139779821
81,0.228003919,0.240800917,0.014578497
82,0.233688936,0.247190192,0.015201061
83,0.239473447,0.253702134,0.0158463549
84,0.24535875,0.260338604,0.0165150911
85,0.25134626,0.267101347,0.017208036
86,0.25743708,0.273992091,0.01792592
87,0.263632834,0.281012803,0.0186695438
88,0.269934684,0.288165271,0.0194397103
89,0.276343852,0.295451134,0.0202372242
90,0.282862067,0.302872658,0.0210629739
91,0.289490253,0.310431123,0.0219177641
92,0.296230167,0.318128943,0.0228025373
93,0.303083062,0.325967878,0.0237181988
94,0.310050309,0.333949745,0.0246656965
95,0.317133188,0.342076421,0.0256459545
96,0.324333638,0.350350291,0.0266600363
97,0.331652403,0.358772635,0.0277088825
98,0.33909145,0.367346108,0.0287936013
99,0.346652061,0.376072258,0.0299152266
100,0.354335546,0.38495326,0.0310748648
101,0.362143546,0.393991023,0.0322736241
102,0.370077521,0.403187782,0.0335127003
103,0.378139049,0.412545472,0.0347932652
104,0.38632974,0.422066361,0.0361165479
105,0.394650787,0.431752175,0.0374837667
106,0.403103739,0.441605151,0.0388961881
107,0.411690414,0.451627553,0.0403551683
108,0.420412213,0.461821407,0.0418620482
109,0.429270655,0.472188652,0.043418169
110,0.43826738,0.482731849,0.0450249799
111,0.447403848,0.493452638,0.0466838852
112,0.456681669,0.504353464,0.0483963788
113,0.466102511,0.51543653,0.0501640104
114,0.475668043,0.526704013,0.0519883446
115,0.485379368,0.53815794,0.0538708828
116,0.49523893,0.549800992,0.0558133982
117,0.505247951,0.561634898,0.0578174815
118,0.51540786,0.573661983,0.0598848313
119,0.525720417,0.585884511,0.0620172061
120,0.536187053,0.598304391,0.0642163828
121,0.546810091,0.61092478,0.0664843023
122,0.557590723,0.62374717,0.0688227192
123,0.5685305,0.636773944,0.0712336153
124,0.579631269,0.650007427,0.0737189427
125,0.59089452,0.663449824,0.0762807205
126,0.602322102,0.677103341,0.0789209828
127,0.613915861,0.690970659,0.0816418901
128,0.625677228,0.705053687,0.0844456032
129,0.637607932,0.71935463,0.0873342156
130,0.64970988,0.733876109,0.090310134
131,0.661984265,0.748619914,0.0933755115
132,0.674432814,0.763588309,0.096532695
133,0.687057912,0.778784275,0.099784255
134,0.69986093,0.794209659,0.103132553
135,0.71284312,0.80986625,0.106580041
136,0.726006746,0.825757146,0.110129438
137,0.73935318,0.841883779,0.113783166
138,0.752884388,0.858249009,0.117544048
139,0.766601861,0.874854982,0.12141481
140,0.780507326,0.891703665,0.125398234
141,0.794602633,0.908797264,0.129497066
142,0.808889568,0.926138461,0.133714378
143,0.823368907,0.943728209,0.138052911
144,0.838043272,0.961570084,0.142515868
145,0.852914453,0.979665637,0.147106409
146,0.867983222,0.998016775,0.151827455
147,0.883251905,1.01662564,0.156682298
148,0.898721993,1.0354948,0.161674365
149,0.914395392,1.05462599,0.166806877
150,0.930273473,1.07402146,0.172083288
151,0.946357965,1.09368265,0.177506983
152,0.962650239,1.11361206,0.183081537
153,0.979152381,1.13381183,0.188810706
154,0.995864868,1.15428269,0.194697738
155,1.01279128,1.17502832,0.200747088
156,1.02993143,1.19604933,0.20696196
157,1.04728711,1.21734738,0.213346303
158,1.06486082,1.23892498,0.219904393
159,1.08265328,1.26078355,0.226639986
160,1.10066617,1.28292513,0.233557269
161,1.11890042,1.30535018,0.240660131
162,1.13735867,1.3280617,0.247953296
163,1.15604138,1.35106075,0.255440801
164,1.17495072,1.37434828,0.263127089
165,1.19408715,1.39792657,0.271016479
166,1.21345329,1.42179668,0.27911377
167,1.23304868,1.44595921,0.287423015
168,1.25287676,1.47041678,0.295949727
169,1.27293718,1.49516904,0.304697722
170,1.29323113,1.5202173,0.313672215
171,1.31376183,1.54556465,0.322878689
172,1.33452845,1.57121015,0.332321376
173,1.35553265,1.59715509,0.342005432
174,1.37677586,1.62339997,0.351936072
175,1.39825892,1.64994597,0.362118423
176,1.41998315,1.67679381,0.372557908
177,1.44194889,1.70394373,0.383259684
178,1.46415794,1.73139632,0.394229114
179,1.48661065,1.75915194,0.405471861
180,1.50930786,1.7872107,0.416993231
181,1.53225112,1.81557345,0.428799272
182,1.55544019,1.84423888,0.440894961
183,1.57887602,1.87320805,0.453286499
184,1.60255957,1.90248072,0.465979874
185,1.62649286,1.93205726,0.478981137
186,1.65067315,1.96193504,0.492295086
187,1.67510378,1.99211633,0.505929053
188,1.69978416,2.02259851,0.519888461
189,1.72471404,2.05338097,0.534179151
190,1.74989867,2.08446836,0.548809588
191,1.77533031,2.11584997,0.563782632
192,1.80101287,2.14752913,0.579106271
193,1.82694638,2.17950439,0.594786346
194,1.85313046,2.21177506,0.61082983
195,1.87956655,2.24433875,0.627242744
196,1.90625334,2.27719474,0.644032359
197,1.93319046,2.31033897,0.661204219
198,1.96037829,2.34377122,0.678765714
199,1.9878161,2.3774879,0.696722746
200,2.01550436,2.41148877,0.715083063
201,2.04344034,2.44576812,0.733851731
202,2.07162595,2.48032618,0.753037274
203,2.10005951,2.51515841,0.772645473
204,2.12874031,2.55026126,0.792683244
205,2.15766692,2.58563209,0.813157201
206,2.18683839,2.62126756,0.834074318
207,2.21625519,2.65716386,0.855441988
208,2.2459147,2.69331765,0.877266586
209,2.2758162,2.72972369,0.899555206
210,2.30595732,2.76637769,0.922313571
211,2.33633733,2.80327511,0.945549488
212,2.36695528,2.84041214,0.969269931
213,2.39780807,2.87778258,0.99348098
214,2.42889404,2.91538167,1.01818979
215,2.46021366,2.95320582,1.04340434
216,2.4917624,2.9912467,1.06912947
217,2.5235374,3.02949882,1.0953722
218,2.55553794,3.0679574,1.12213969
219,2.58776188,3.10661507,1.14943826
220,2.62020659,3.14546752,1.17727578
221,2.65286708,3.18450403,1.20565581
222,2.68574262,3.2237196,1.23458707
223,2.71883082,3.26310802,1.2640754
224,2.75212789,3.30266142,1.2941277
225,2.78562927,3.34237003,1.32474816
226,2.81933284,3.38222718,1.35594416
227,2.85323548,3.42222404,1.3877219
228,2.88733292,3.46235466,1.42008698
229,2.92162299,3.50260806,1.45304608
230,2.95609784,3.542974,1.48660183
231,2.99075627,3.58344436,1.52076137
232,3.02559543,3.62401271,1.55553269
233,3.06058145,3.66463113,1.59090495
234,3.09576368,3.70535779,1.62690783
235,3.1310792,3.74611235,1.66351688
236,3.16658592,3.78695774,1.70077193
237,3.20224786,3.82784724,1.73865986
238,3.23806071,3.86877012,1.77718699
239,3.27398539,3.90967703,1.81633127
240,3.31008196,3.95063043,1.85614336
241,3.34631133,3.99158096,1.89660358
242,3.38266945,4.03251934,1.93771708
243,3.41914964,4.07343102,1.97948492
244,3.45574641,4.11430502,2.02191257
245,3.49241972,4.15509272,2.06497216
246,3.52922893,4.19585276,2.10872245
247,3.56613469,4.23653412,2.15313721
248,3.60313201,4.27712679,2.19822145
249,3.64021182,4.31761551,2.24397278
250,3.67736864,4.35798788,2.29039502
251,3.71459532,4.39823008,2.33748817
252,3.75188541,4.43832779,2.38525414
253,3.78919291,4.47822905,2.43365216
254,3.82658339,4.5179944,2.48275971
255,3.86402035,4.55759192,2.53255963
256,3.90148211,4.59696913,2.58301258
257,3.9389677,4.6361289,2.63413453
258,3.97646689,4.6750536,2.68592358
259,4.0139761,4.7137351,2.73838091
260,4.0514822,4.75215149,2.79150152
261,4.08897972,4.79029131,2.84528518
262,4.12642193,4.82810545,2.89967918
263,4.16387129,4.86564302,2.954772
264,4.20128632,4.90286207,3.01052523
265,4.23865509,4.93973684,3.06691766
266,4.2759676,4.97625494,3.12395167
267,4.31321716,5.01240301,3.1816237
268,4.35039282,5.04816437,3.23992658
269,4.38748741,5.0835247,3.29885721
270,4.42448807,5.1184659,3.35840368
271,4.46138906,5.15297461,3.41856623
272,4.4981761,5.18703318,3.47933078
273,4.53482199,5.2206192,3.54066539
274,4.57135916,5.2537365,3.60262251
275,4.60775375,5.28635836,3.66515851
276,4.64398813,5.31846142,3.7282548
277,4.68006945,5.35004616,3.79192686
278,4.71597958,5.38109064,3.85615087
279,4.75170612,5.41157818,3.92091513
280,4.78723478,5.44148874,3.98620176
281,4.82256365,5.47081947,4.05201769
282,4.85768461,5.49955273,4.11834478
283,4.89258194,5.52767277,4.18516874
284,4.92726183,5.55517864,4.25250292
285,4.96168041,5.58202648,4.32027864
286,4.99581385,5.60820389,4.38844919
287,5.0297122,5.63372946,4.45712376
288,5.06333542,5.6585741,4.52622652
289,5.09666729,5.68272018,4.59573317
290,5.12970972,5.70616388,4.66565228
291,5.16244602,5.7288909,4.73595428
292,5.19486904,5.7508893,4.80663013
293,5.226964,5.77214575,4.87765551
294,5.25872421,5.79265165,4.94901705
295,5.29013729,5.81239462,5.0206995
296,5.32120895,5.83137369,5.09271669
297,5.35190248,5.84956408,5.16499519
298,5.38222313,5.86696339,5.23754168
299,5.41215801,5.88356161,5.31034136
300,5.44166899,5.89934778,5.38329029
301,5.47080421,5.91432142,5.45652914
302,5.49953175,5.92847443,5.5299778
303,5.52783203,5.94179296,5.60359287
304,5.55570745,5.95427752,5.67737436
305,5.58313751,5.96591616,5.75128412
306,5.61011839,5.97670507,5.82531309
307,5.6366415,5.9866395,5.89943886
308,5.6626997,5.99571466,5.97364378
309,5.68828487,6.00392866,6.04791164
310,5.71338749,6.01127481,6.12221813
311,5.73799896,6.01775217,6.1965394
312,5.762115,6.02335978,6.27086163
313,5.78572464,6.02809238,6.34516335
314,5.80881977,6.03195333,6.41940594
315,5.83138847,6.03495121,6.49354076
316,5.85344315,6.03706074,6.56765413
317,5.8749671,6.03829479,6.64166689
318,5.89595222,6.03865385,6.71555901
319,5.91640043,6.03813982,6.78933334
320,5.93628979,6.03675699,6.86291075
321,5.9556222,6.03450489,6.93630409
322,5.97439432,6.03138781,7.0094986
323,5.99260044,6.02741003,7.08246756
324,6.01023531,6.0225749,7.15519667
325,6.02729607,6.01688719,7.22766209
326,6.04378462,6.01034164,7.299891
327,6.05968332,6.00296211,7.37178898
328,6.07499456,5.9947443,7.44336891
329,6.08971786,5.98569584,7.51462269
330,6.10384464,5.97582579,7.58551359
331,6.11737251,5.96514654,7.65601778
332,6.13030529,5.95369101,7.72608519
333,6.14263296,5.94140291,7.79580259
334,6.15435886,5.92832422,7.865098
335,6.16547775,5.91446447,7.93395233
336,6.17598915,5.89983416,8.00234604
337,6.18589306,5.88444567,8.07026768
338,6.19518614,5.86830425,8.13769817
339,6.20386887,5.85142565,8.20462227
340,6.21194124,5.83381844,8.27102661
341,6.21940231,5.81549597,8.33689594
342,6.22625351,5.79646778,8.40221691
343,6.23249388,5.77674913,8.4669733
344,6.23812389,5.75635052,8.53115273
345,6.24314451,5.73528624,8.59474277
346,6.24755907,5.71356869,8.65773106
347,6.25136709,5.69121122,8.72010231
348,6.25457001,5.66822529,8.78185081
349,6.25716925,5.64463043,8.8429594
350,6.25917006,5.62043571,8.90341949
351,6.26057434,5.59566641,8.96321297
352,6.26138115,5.57031918,9.0223484
353,6.26159573,5.5444169,9.08080482
354,6.26121998,5.51796913,9.13857937
355,6.26026106,5.49100304,9.19565582
356,6.25871849,5.46352673,9.2520237
357,6.25659657,5.43555355,9.3076849
358,6.25390196,5.40710211,9.36262321
359,6.25063181,5.37816525,9.41686153
360,6.24680471,5.34881306,9.47033501
361,6.24241304,5.31902027,9.52307224
362,6.23747063,5.2888155,9.57507038
363,6.2319684,5.25818586,9.62633896
364,6.22592354,5.22717762,9.6768465
365,6.21933603,5.19579363,9.72660351
366,6.21221542,5.16405582,9.77559948
367,6.20456648,5.13197994,9.8238306
368,6.19639397,5.099576,9.8713007
369,6.18770361,5.06686211,9.91800022
370,6.17850208,5.03385401,9.96393204
371,6.16879511,5.00056171,10.0090952
372,6.15859032,4.96700764,10.0534868
373,6.14789343,4.93320084,10.097106
374,6.1367135,4.89916277,10.1399546
375,6.12506056,4.86491394,10.182024
376,6.11297989,4.83052921,10.2233152
377,6.10038471,4.79586792,10.2638512
378,6.08733273,4.76103115,10.3036146
379,6.07383204,4.72602844,10.3426161
380,6.0598855,4.69087505,10.3808479
381,6.04550743,4.65559006,10.4183168
382,6.03069735,4.62017775,10.4550238
383,6.0154686,4.58465433,10.4909763
384,5.99982595,4.54903507,10.5261707
385,5.98377895,4.5133338,10.5606155
386,5.96733379,4.477561,10.5943108
387,5.9504962,4.44172525,10.6272631
388,5.93328142,4.40585089,10.6594782
389,5.91568661,4.36993361,10.6909561
390,5.89772701,4.33399773,10.7217035
391,5.87940788,4.29804897,10.7517242
392,5.86073828,4.26210117,10.7810287
393,5.8417263,4.22616386,10.809618
394,5.8223753,4.19024563,10.8374968
395,5.80269814,4.15436029,10.8646727
396,5.78270197,4.11852026,10.8911514
397,5.76239395,4.08273077,10.9169407
398,5.74177742,4.04700089,10.9420433
399,5.72086811,4.011343,10.9664707
400,5.69967175,3.97577214,10.9902267
401,5.67818928,3.94028306,11.0133152
402,5.65643692,3.90489745,11.0357475
403,5.63442945,3.8696301,11.0575342
404,5.61215019,3.83446407,11.0786715
405,5.5896244,3.79942441,11.0991764
406,5.56685543,3.76451659,11.1190491
407,5.54384661,3.72973728,11.1383066
408,5.52061367,3.69511271,11.1569452
409,5.49715853,3.66063976,11.1749773
410,5.47348356,3.62631321,11.1924152
411,5.44962597,3.59218407,11.2092609
412,5.4255538,3.5582087,11.2255239
413,5.40128756,3.52440572,11.2412119
414,5.3768425,3.49079132,11.2563372
415,5.35221624,3.45736408,11.2708998
416,5.32742214,3.42413402,11.2849131
417,5.30246544,3.39110327,11.2983847
418,5.27735043,3.35827899,11.3113194
419,5.25208807,3.32566214,11.3237314
420,5.22668028,3.29325891,11.3356218
421,5.20113564,3.26107264,11.3470011
422,5.17546272,3.22911239,11.3578777
423,5.14966774,3.19737625,11.3682632
424,5.12374973,3.16586637,11.3781567
425,5.09772444,3.13459039,11.3875751
426,5.07159376,3.1035521,11.3965216
427,5.04536247,3.07274818,11.4050083
428,5.01904154,3.04218841,11.4130392
429,4.99262905,3.01187205,11.4206238
430,4.96613836,2.98180032,11.4277678
431,4.93957233,2.95198035,11.4344835
432,4.91293192,2.92240667,11.4407721
433,4.88623142,2.89308858,11.4466457
434,4.85946894,2.86402345,11.4521112
435,4.83265543,2.83521485,11.45718
436,4.80579424,2.80666256,11.4618568
437,4.77888775,2.77837086,11.4661417
438,4.75194407,2.75033784,11.4700527
439,4.72496414,2.72256303,11.4735918
440,4.69795704,2.69505024,11.4767647
441,4.67092705,2.66780019,11.4795866
442,4.643888,2.64081931,11.4820681
443,4.61682415,2.61409473,11.4841957
444,4.58975124,2.58763337,11.4859905
445,4.56267023,2.56143165,11.4874563
446,4.53558731,2.5354929,11.4886017
447,4.50850964,2.50982046,11.4894323
448,4.48143625,2.48440886,11.489954
449,4.45437384,2.45925999,11.4901743
450,4.42733002,2.43437481,11.4901028
451,4.4003005,2.40974903,11.4897385
452,4.37329435,2.38538337,11.4890966
453,4.34631395,2.36127877,11.4881773
454,4.31936312,2.33743429,11.4869862
455,4.29244709,2.3138485,11.4855347
456,4.2655673,2.29051948,11.4838285
457,4.23872471,2.26744723,11.4818649
458,4.21192598,2.24462962,11.4796591
459,4.185184,2.22207713,11.4772139
460,4.1584816,2.19976783,11.474535
461,4.13182974,2.1777072,11.4716272
462,4.10523558,2.15590048,11.4684963
463,4.07869291,2.13433671,11.4651451
464,4.0522027,2.11300492,11.4615889
465,4.02578688,2.09193611,11.457819
466,3.99943662,2.07111073,11.4538488
467,3.97315216,2.0505271,11.4496784
468,3.94693923,2.03018355,11.4453163
469,3.92079949,2.01007962,11.4407701
470,3.89473534,1.99021029,11.4360428
471,3.86875033,1.97057891,11.4311476
472,3.84283352,1.95117033,11.4260521
473,3.81700873,1.93200207,11.4208097
474,3.79126072,1.91305673,11.4153976
475,3.76560426,1.89434493,11.4098272
476,3.74003291,1.87585652,11.4041014
477,3.7145617,1.85759985,11.3982286
478,3.68916082,1.83954632,11.3922014
479,3.66385818,1.82171631,11.3860359
480,3.63864923,1.80410123,11.3797321
481,3.61353517,1.78670073,11.3732939
482,3.58851886,1.76951432,11.366725
483,3.56359649,1.75253165,11.3600264
484,3.53877759,1.73575866,11.3532133
485,3.51405764,1.71919322,11.3462706
486,3.48943496,1.70282447,11.3392162
487,3.4649179,1.6866591,11.3320484
488,3.44049406,1.67067802,11.3247747
489,3.41618657,1.6549052,11.3173952
490,3.39198446,1.63932812,11.3099117
491,3.36788678,1.62393939,11.3023281
492,3.34389853,1.60874021,11.2946491
493,3.32001853,1.59372652,11.2868786
494,3.29624343,1.57889473,11.2790165
495,3.27258229,1.56424677,11.2710714
496,3.24903011,1.54977787,11.2630396
497,3.2255919,1.53548777,11.2549267
498,3.20226073,1.52136886,11.2467356
499,3.17904544,1.50742197,11.2384729
500,3.15594006,1.49364448,11.230135
501,3.1329515,1.48003852,11.2217255
502,3.11007261,1.46659327,11.2132492
503,3.08730865,1.45331275,11.2047081
504,3.06465983,1.44019234,11.196104
505,3.04212737,1.42723012,11.1874456
506,3.01970601,1.41442311,11.1787243
507,2.99740171,1.40176904,11.1699486
508,2.9752121,1.38926744,11.1611176
509,2.95314026,1.37691629,11.1522379
510,2.93118,1.36470819,11.1433058
511,2.90933681,1.35264671,11.1343298
512,2.88760686,1.34072423,11.125309
513,2.86599684,1.32894468,11.1162491
514,2.84450078,1.31730151,11.1071453
515,2.82312083,1.30579555,11.0980024
516,2.80185556,1.29442155,11.0888205
517,2.78070569,1.28317785,11.079608
518,2.75968146,1.27207315,11.0703602
519,2.73876405,1.2610873,11.0610838
520,2.7179625,1.25022388,11.0517788
521,2.69727397,1.23948467,11.0424423
522,2.67669964,1.22886574,11.0330753
523,2.65623808,1.21836138,11.0236931
524,2.63589311,1.2079767,11.0142794
525,2.61566019,1.19770443,11.0048456
526,2.59554482,1.18754685,10.9953938
527,2.57553625,1.17749357,10.9859228
528,2.55564642,1.16755307,10.9764366
529,2.53585219,1.1577028,10.9669285
530,2.51618457,1.1479702,10.9574118
531,2.49662614,1.13833761,10.9478788
532,2.47718024,1.12880802,10.9383326
533,2.45784545,1.11937511,10.9287786
534,2.43861961,1.11003768,10.9192142
535,2.41950178,1.10079265,10.9096422
536,2.40049553,1.09164214,10.9000616
537,2.38159752,1.08258069,10.8904791
538,2.36280656,1.07360816,10.880887
539,2.34412479,1.0647229,10.871294
540,2.32554817,1.05592239,10.8616953
541,2.3070786,1.04720402,10.8520966
542,2.28870511,1.03856003,10.8424835
543,2.27044535,1.02999985,10.8328876
544,2.25229311,1.021523,10.8232861
545,2.2342422,1.01311815,10.813695
546,2.216295,1.00478971,10.8041
547,2.1984508,0.996531725,10.7945137
548,2.18070865,0.988344729,10.7849331
549,2.16307807,0.980239332,10.7753563
550,2.14553452,0.972186148,10.7657852
551,2.12809396,0.964201331,10.7562246
552,2.11075139,0.956280351,10.7466717
553,2.09350777,0.948421896,10.7371264
554,2.07636046,0.940623581,10.7275915
555,2.05931282,0.93288672,10.7180672
556,2.04235935,0.925204873,10.7085571
557,2.02550292,0.917582452,10.6990519
558,2.0087378,0.910009563,10.6895666
559,1.99206877,0.902493894,10.68009
560,1.97549582,0.895031691,10.6706285
561,1.95901239,0.887616873,10.6611834
562,1.94262099,0.880251646,10.6517496
563,1.92631769,0.872931302,10.6423321
564,1.91011059,0.865659535,10.6329393
565,1.89398944,0.858432353,10.6235542
566,1.87795866,0.851247787,10.6141901
567,1.86201358,0.844103634,10.604845
568,1.84615648,0.837001264,10.5955153
569,1.8303808,0.829930723,10.5862112
570,1.81469941,0.822907805,10.5769253
571,1.79909635,0.815916717,10.5676517
572,1.78357828,0.808960199,10.558404
573,1.76814222,0.802036941,10.5491772
574,1.7527889,0.795146108,10.5399704
575,1.7375195,0.788289487,10.5307865
576,1.72233796,0.781459868,10.5216503
577,1.70722771,0.774660051,10.5125122
578,1.69220376,0.767894983,10.5034008
579,1.67725134,0.761149049,10.4943094
580,1.66237414,0.754426122,10.4852428
581,1.6475749,0.747729063,10.4762011
582,1.63284922,0.741051435,10.4671841
583,1.61819768,0.73439455,10.4581938
584,1.60362196,0.727760613,10.4492254
585,1.58912086,0.721146047,10.4402866
586,1.57468736,0.714545965,10.4313717
587,1.56032181,0.707958162,10.4224815
588,1.54603064,0.701389611,10.4136219
589,1.53181076,0.694837093,10.4047909
590,1.51765895,0.688298762,10.3959846
591,1.50357473,0.681770563,10.3872051
592,1.48956215,0.675259769,10.3784533
593,1.47561085,0.668752849,10.3697309
594,1.46172607,0.662255943,10.3610411
595,1.44790602,0.655767202,10.3523769
596,1.4341538,0.649289846,10.3437443
597,1.42046058,0.642814279,10.3351383
598,1.40682995,0.636344433,10.32656
599,1.39325976,0.629876494,10.318017
600,1.37975061,0.623413324,10.3095016
601,1.36630189,0.61695236,10.3010178
602,1.35291219,0.610492706,10.2925634
603,1.33958232,0.604034781,10.2841415
604,1.32630718,0.597574413,10.2757463
605,1.31308949,0.591110826,10.2673912
606,1.29992557,0.584644794,10.2590618
607,1.28681624,0.578175008,10.250762
608,1.2737627,0.571700275,10.2425003
609,1.26076198,0.565223217,10.2342653
610,1.24781215,0.558735788,10.2260656
611,1.23491776,0.552246392,10.2178974
612,1.22207046,0.5457443,10.2097645
613,1.20927453,0.539234459,10.2016621
614,1.19652677,0.532713175,10.1935968
615,1.18382919,0.526184082,10.1855602
616,1.17117703,0.519641399,10.177557
617,1.15857482,0.513088882,10.1695919
618,1.14601469,0.506519794,10.1616554
619,1.13350117,0.499937713,10.1537561
620,1.12103093,0.493338406,10.145895
621,1.10860682,0.486727983,10.1380606
622,1.09622562,0.480099648,10.1302643
623,1.0838877,0.473455697,10.1225052
624,1.07158697,0.466789216,10.1147804
625,1.0593251,0.460102201,10.1070871
626,1.04710853,0.453401953,10.0994301
627,1.03492844,0.44667697,10.0918121
628,1.02278852,0.439934582,10.0842257
629,1.01068187,0.433165848,10.0766735
630,0.998617053,0.426378071,10.0691605
631,0.986585975,0.419564933,10.0616856
632,0.974588394,0.412726313,10.0542431
633,0.962627411,0.405865043,10.0468378
634,0.950700641,0.398978144,10.0394707
635,0.938804209,0.392063528,10.0321331
636,0.926941752,0.385121882,10.0248404
637,0.915110767,0.378153175,10.0175819
638,0.903311193,0.371155679,10.0103617
639,0.891538918,0.364127368,10.0031738
640,0.879798353,0.357070923,9.99602699
641,0.868085682,0.3499825,9.98891926
642,0.856402099,0.342864871,9.9818449
643,0.844745278,0.335713863,9.9748106
644,0.833116174,0.328532547,9.96781349
645,0.821511626,0.321316659,9.96085453
646,0.80993104,0.31406489,9.95393276
647,0.798366547,0.30677098,9.94703674
648,0.786836445,0.299452752,9.94019032
649,0.775328517,0.292096466,9.9333849
650,0.763839364,0.284700543,9.92661858
651,0.752385199,0.27728188,9.9198904
652,0.740943015,0.269816101,9.91319752
653,0.729510963,0.262298852,9.90654945
654,0.718106687,0.254753083,9.89993858
655,0.706720114,0.247165769,9.893363
656,0.695352018,0.239538565,9.88683128
657,0.684000194,0.231868193,9.88033772
658,0.672663748,0.224155381,9.87388611
659,0.661345422,0.216402054,9.86747074
660,0.650038123,0.208600998,9.86109543
661,0.638750136,0.200760901,9.85476112
662,0.627475441,0.192876413,9.84846497
663,0.616214216,0.18494682,9.84221172
664,0.60497421,0.176980108,9.8360033
665,0.593743443,0.168965593,9.82982635
666,0.582520366,0.160899282,9.82369709
667,0.571305692,0.152783915,9.81760406
668,0.560105443,0.144624263,9.81155491
669,0.54891479,0.13641797,9.80554008
670,0.537730515,0.12815775,9.79957867
671,0.526554883,0.119849332,9.79365253
672,0.515381455,0.111483537,9.78777122
673,0.504220426,0.10307353,9.78192997
674,0.493064255,0.0946110189,9.77612877
675,0.481914669,0.0860968232,9.77037334
676,0.470773548,0.0775351301,9.76465225
677,0.459635526,0.068917729,9.7589798
678,0.448501796,0.0602471679,9.7533493
679,0.437368959,0.0515198782,9.74776077
680,0.42624253,0.0427426584,9.7422123
681,0.41511932,0.0339107066,9.73671055
682,0.403992772,0.0250173993,9.73125076
683,0.392867982,0.0160682928,9.72583675
684,0.381747335,0.00706749363,9.7204628
685,0.370622009,-0.00199675281,9.71513367
686,0.359498471,-0.0111153852,9.7098484
687,0.348375559,-0.0202902723,9.70460606
688,0.337232053,-0.0295456462,9.69940758
689,0.326104343,-0.0388392508,9.69425488
690,0.314973831,-0.0481931791,9.689147
691,0.303835183,-0.0576131716,9.68408394
692,0.292694122,-0.0670916513,9.67906666
693,0.281550229,-0.0766294673,9.67409229
694,0.270400435,-0.0862304643,9.6691637
695,0.259239852,-0.0958997607,9.66428089
696,0.248082116,-0.105621286,9.65944481
697,0.236905962,-0.115420222,9.6546526
698,0.225732341,-0.125271052,9.6499052
699,0.214544296,-0.1351946,9.64520645
700,0.20335108,-0.145179123,9.64055443
701,0.192146108,-0.155233011,9.6359539
702,0.180930451,-0.165353492,9.63139057
703,0.169706464,-0.175538883,9.62687778
704,0.158472329,-0.18579039,9.62241364
705,0.14722769,-0.196109533,9.61799908
706,0.135967076,-0.206501171,9.61362839
707,0.124697521,-0.216957957,9.60930729
708,0.113414861,-0.22748369,9.60503006
709,0.10211774,-0.238080889,9.60080528
710,0.0908065289,-0.248748899,9.59662914
711,0.0794820413,-0.259485722,9.59250259
712,0.0681379959,-0.270299584,9.58842373
713,0.0567854829,-0.281176686,9.58439445
714,0.0454101935,-0.292134404,9.58041573
715,0.0340210646,-0.303161234,9.57648182
716,0.022616867,-0.31425944,9.57260513
717,0.0111907963,-0.325436354,9.56877422
718,-0.000247784221,-0.336680681,9.56499195
719,-0.0117104631,-0.348006606,9.56126404
720,-0.0231880993,-0.359403163,9.55758858
721,-0.034687832,-0.37087813,9.55396366
722,-0.0462063625,-0.382427633,9.55038548
723,-0.0577471927,-0.39405635,9.54686451
724,-0.0693076551,-0.405760288,9.54339314
725,-0.0808942541,-0.417547286,9.53997421
726,-0.0924949721,-0.429402977,9.5366087
727,-0.10412398,-0.441344589,9.53329372
728,-0.115775369,-0.453363836,9.53003407
729,-0.127442911,-0.465454608,9.52682877
730,-0.139147386,-0.477640808,9.52367496
731,-0.150864422,-0.48989293,9.52057552
732,-0.162611231,-0.502232075,9.51753044
733,-0.174387336,-0.514657319,9.51454258
734,-0.186185241,-0.52715981,9.51160812
735,-0.198007181,-0.539741635,9.50872517
736,-0.209858999,-0.552410364,9.50590229
737,-0.221735641,-0.565159082,9.50313187
738,-0.233642861,-0.577995062,9.50041676
739,-0.245576844,-0.590914249,9.49776363
740,-0.257541537,-0.603920221,9.49516582
741,-0.269533098,-0.617008567,9.49262333
742,-0.281552792,-0.630181015,9.49013615
743,-0.293604881,-0.643442333,9.48771
744,-0.30568403,-0.656786263,9.48534107
745,-0.317801803,-0.670226276,9.48303032
746,-0.329945654,-0.683747709,9.4807806
747,-0.342116922,-0.697351694,9.47858715
748,-0.354322731,-0.711046398,9.47645283
749,-0.366564542,-0.724834323,9.47437859
750,-0.378835797,-0.738706946,9.47236729
751,-0.391143769,-0.752673209,9.47041512
752,-0.403483748,-0.766727209,9.46852207
753,-0.415874183,-0.780891538,9.46669483
754,-0.428285331,-0.795129597,9.46492767
755,-0.440728784,-0.809455335,9.4632225
756,-0.453208506,-0.823873639,9.46157646
757,-0.465723097,-0.838382721,9.45999527
758,-0.478277087,-0.852988362,9.45848083
759,-0.490863681,-0.867681503,9.45702457
760,-0.503493011,-0.882475257,9.45563412
761,-0.516155362,-0.897356927,9.45431042
762,-0.528861523,-0.912340105,9.45303822
763,-0.541598856,-0.927409053,9.45184231
764,-0.554376662,-0.942574978,9.45071125
765,-0.567194819,-0.957838058,9.44964981
766,-0.580049038,-0.973192394,9.44865417
767,-0.592950165,-0.988651514,9.44772243
768,-0.605888367,-1.00420344,9.44686031
769,-0.618868768,-1.01985407,9.44606876
770,-0.63188827,-1.03559971,9.44534206
771,-0.644949615,-1.0514437,9.44468498
772,-0.658050179,-1.06738245,9.44409466
773,-0.671199322,-1.08342755,9.44357491
774,-0.684381723,-1.0995599,9.44312477
775,-0.697617054,-1.11580431,9.44274998
776,-0.710886359,-1.1321367,9.44244194
777,-0.724203944,-1.14857435,9.44220543
778,-0.737563431,-1.16511047,9.4420414
779,-0.750970662,-1.18175113,9.44194889
780,-0.764416933,-1.19848585,9.44193172
781,-0.777915597,-1.21533132,9.44198608
782,-0.791462302,-1.2322818,9.44211769
783,-0.805051386,-1.24933016,9.44231987
784,-0.818692803,-1.26648867,9.44259834
785,-0.832364202,-1.28372943,9.4429512
786,-0.846092284,-1.30108607,9.44338036
787,-0.859867573,-1.31854594,9.44388771
788,-0.873687804,-1.33610654,9.44446945
789,-0.887560844,-1.353778,9.44513321
790,-0.901476264,-1.37154627,9.4458704
791,-0.915444076,-1.38942456,9.4466877
792,-0.929464042,-1.40741217,9.44758701
793,-0.943526626,-1.42549717,9.44856071
794,-0.957642615,-1.44369268,9.44961929
795,-0.971805751,-1.46199155,9.45075226
796,-0.98602277,-1.48040152,9.45197582
797,-1.00028968,-1.49891722,9.45327568
798,-1.0146085,-1.517542,9.45465755
799,-1.02897418,-1.53626835,9.45612431
800,-1.04339314,-1.55510497,9.45767403
801,-1.057868,-1.57405531,9.45930862
802,-1.07239175,-1.59310961,9.46102428
803,-1.08696973,-1.61227536,9.46283245
804,-1.10159659,-1.63154459,9.46472168
805,-1.11628544,-1.65093529,9.46670532
806,-1.13102067,-1.67042637,9.46876907
807,-1.14581192,-1.69003022,9.47092152
808,-1.16065204,-1.70973778,9.47316265
809,-1.17555356,-1.72956538,9.47549438
810,-1.19050932,-1.74950278,9.47791386
811,-1.20551109,-1.76953983,9.48042393
812,-1.22057652,-1.78969944,9.48302555
813,-1.23569596,-1.80996382,9.48572159
814,-1.25086725,-1.83034074,9.48850441
815,-1.26610255,-1.85083985,9.49138546
816,-1.28138649,-1.87144196,9.49434566
817,-1.2967273,-1.89215636,9.49740791
818,-1.31212926,-1.91298914,9.50056839
819,-1.3275851,-1.93393075,9.50382328
820,-1.34309423,-1.95498037,9.50717449
821,-1.35866642,-1.97615039,9.51062584
822,-1.37429643,-1.9974339,9.51416969
823,-1.3899864,-2.01883388,9.5178175
824,-1.40573192,-2.04034376,9.52155972
825,-1.42153156,-2.06195402,9.52540874
826,-1.43739891,-2.08370471,9.52934933
827,-1.45332468,-2.10556912,9.53338814
828,-1.46931028,-2.12754273,9.53753471
829,-1.48534524,-2.14960623,9.54179573
830,-1.5014478,-2.17180538,9.54615211
831,-1.51760507,-2.19411302,9.55060577
832,-1.53383136,-2.21654749,9.55517101
833,-1.5501101,-2.2390871,9.55983734
834,-1.56645119,-2.26174402,9.56461143
835,-1.58285892,-2.28452444,9.56949425
836,-1.59932268,-2.30741405,9.57448196
837,-1.6158303,-2.33039618,9.57957363
838,-1.63241589,-2.35351706,9.58477783
839,-1.64906406,-2.37675381,9.59009838
840,-1.66577899,-2.40011406,9.59552479
841,-1.68255317,-2.42358708,9.60106468
842,-1.69938421,-2.44716883,9.60671616
843,-1.7162931,-2.47088766,9.61248493
844,-1.73324978,-2.49470282,9.61836338
845,-1.75027478,-2.51864266,9.62435818
846,-1.76736856,-2.54270673,9.63047028
847,-1.78450751,-2.56686234,9.63669205
848,-1.80172622,-2.59115791,9.64303684
849,-1.81900597,-2.61556602,9.64949799
850,-1.83635056,-2.64009261,9.65607929
851,-1.8537544,-2.66472983,9.6627779
852,-1.87122524,-2.68948865,9.66959763
853,-1.88875782,-2.71436,9.67653751
854,-1.90636253,-2.7393589,9.68360615
855,-1.9240222,-2.76446223,9.69078827
856,-1.94175625,-2.78969502,9.6981039
857,-1.95954418,-2.81502986,9.7055378
858,-1.97740614,-2.84049392,9.71309853
859,-1.99532878,-2.86606836,9.72078609
860,-2.01331782,-2.89176154,9.7286005
861,-2.03136396,-2.91756058,9.73653889
862,-2.04949069,-2.94349647,9.74460983
863,-2.06767583,-2.96953797,9.75281525
864,-2.08594704,-2.99572396,9.76115799
865,-2.10426044,-3.02199459,9.76961708
866,-2.12264729,-3.04839087,9.77821541
867,-2.14110017,-3.07490444,9.7869463
868,-2.15961671,-3.10153008,9.7958107
869,-2.17819715,-3.12826824,9.80481243
870,-2.19685006,-3.15513062,9.81394768
871,-2.21556258,-3.18209958,9.82321548
872,-2.23434615,-3.20918918,9.8326273
873,-2.25319409,-3.23639202,9.84217453
874,-2.27210736,-3.2637074,9.851861
875,-2.29109716,-3.29115176,9.86169529
876,-2.3101449,-3.31869793,9.87166405
877,-2.32925558,-3.34635448,9.88177204
878,-2.34844136,-3.37413526,9.89203072
879,-2.36769295,-3.40202928,9.90243149
880,-2.38701057,-3.43003464,9.91297531
881,-2.40639877,-3.45815873,9.92366886
882,-2.42584443,-3.48638272,9.9345026
883,-2.44537163,-3.51473999,9.9454937
884,-2.46495247,-3.54319072,9.95662594
885,-2.48461366,-3.57177234,9.96791744
886,-2.50433183,-3.60045266,9.97934914
887,-2.52411771,-3.62924457,9.99093533
888,-2.54397416,-3.6581521,10.002677
889,-2.5639019,-3.68717766,10.0145721
890,-2.58388877,-3.71630216,10.026618
891,-2.60394692,-3.74554276,10.0388203
892,-2.62407088,-3.77489138,10.0511799
893,-2.6442678,-3.80435777,10.0636997
894,-2.66452193,-3.83391666,10.0763779
895,-2.68485069,-3.86359859,10.0892096
896,-2.70524669,-3.89338827,10.1022081
897,-2.72571039,-3.92328739,10.1153641
898,-2.74624205,-3.95329475,10.1286831
899,-2.7668407,-3.9834094,10.142168
900,-2.78750706,-4.01363182,10.1558142
901,-2.80824637,-4.04396963,10.1696234
902,-2.82904387,-4.07440042,10.1836004
903,-2.84990239,-4.10492516,10.1977434
904,-2.87083244,-4.13556385,10.2120581
905,-2.89183402,-4.16631413,10.2265396
906,-2.91288233,-4.19713259,10.2411966
907,-2.93403125,-4.22811413,10.256012
908,-2.95524073,-4.25918818,10.2710114
909,-2.97650027,-4.29033375,10.2861834
910,-2.99783778,-4.32160139,10.3015232
911,-3.01923251,-4.35295868,10.3170376
912,-3.04069352,-4.38441372,10.3327332
913,-3.06222963,-4.41598272,10.3485994
914,-3.08381844,-4.44763231,10.3646402
915,-3.10548759,-4.47939968,10.3808737
916,-3.12721705,-4.5112586,10.3972778
917,-3.14899993,-4.54319715,10.4138575
918,-3.17086315,-4.57525301,10.4306259
919,-3.1927855,-4.60739565,10.4475746
920,-3.21477365,-4.63963413,10.4647093
921,-3.2368319,-4.67197466,10.4820328
922,-3.25894976,-4.70440245,10.4995308
923,-3.28113246,-4.73692083,10.5172243
924,-3.3033762,-4.76952934,10.5350952
925,-3.32571173,-4.80226612,10.5531683
926,-3.34808993,-4.83506298,10.5714245
927,-3.37051797,-4.86793232,10.589859
928,-3.39302015,-4.90090513,10.6084833
929,-3.41559076,-4.93396997,10.6273117
930,-3.43822217,-4.96712208,10.6463308
931,-3.46090674,-5.0003438,10.665535
932,-3.4836657,-5.03366756,10.6849499
933,-3.50648499,-5.06707191,10.7045536
934,-3.52936435,-5.10055733,10.7243528
935,-3.55230188,-5.13411903,10.7443485
936,-3.57530856,-5.1677742,10.7645473
937,-3.59836221,-5.20148897,10.784935
938,-3.6215024,-5.23531866,10.805542
939,-3.64468098,-5.26919556,10.8263302
940,-3.66793013,-5.30316257,10.8473349
941,-3.69123435,-5.33720112,10.8685284
942,-3.71460509,-5.37132263,10.8899422
943,-3.73803067,-5.40551186,10.9115496
944,-3.76151609,-5.43977547,10.9333668
945,-3.78506541,-5.47411776,10.9553909
946,-3.8086648,-5.50852013,10.9776134
947,-3.83232164,-5.54299021,11.0000477
948,-3.85603976,-5.57753277,11.0226965
949,-3.87982535,-5.61215782,11.0455523
950,-3.90366316,-5.6468401,11.0686245
951,-3.92755461,-5.68158627,11.091897
952,-3.95150328,-5.71639538,11.1153889
953,-3.97551298,-5.75127411,11.1391001
954,-3.99956799,-5.78620148,11.1630135
955,-4.02367735,-5.82118845,11.1871367
956,-4.04785204,-5.85624599,11.2114878
957,-4.07207298,-5.89135122,11.2360458
958,-4.09636211,-5.92653084,11.2608356
959,-4.12068748,-5.96174145,11.2858315
960,-4.1450696,-5.99701262,11.3110418
961,-4.16951466,-6.03235006,11.336483
962,-4.19400787,-6.0677309,11.3621407
963,-4.2185545,-6.1031661,11.388011
964,-4.24315166,-6.13864565,11.4141178
965,-4.26779938,-6.17417336,11.4404335
966,-4.29249525,-6.2097435,11.466979
967,-4.31724024,-6.2453537,11.4937429
968,-4.34204197,-6.28101921,11.5207357
969,-4.36688757,-6.3167181,11.5479507
970,-4.39178228,-6.35245609,11.5753889
971,-4.41672325,-6.38823175,11.6030531
972,-4.44171858,-6.42405176,11.6309519
973,-4.46675444,-6.45989943,11.6590662
974,-4.49183989,-6.49578428,11.6874142
975,-4.51697683,-6.53170872,11.7159996
976,-4.54214573,-6.56764603,11.7447977
977,-4.56737947,-6.6036377,11.7738457
978,-4.59263945,-6.63963413,11.8031044
979,-4.6179533,-6.67566872,11.8326015
980,-4.64330149,-6.71171522,11.8623285
981,-4.66869688,-6.7477932,11.8922892
982,-4.69413614,-6.7838912,11.9224787
983,-4.71961498,-6.82000732,11.9529047
984,-4.74514008,-6.8561492,11.9835653
985,-4.77070189,-6.89230108,12.0144558
986,-4.79630232,-6.92846537,12.0455856
987,-4.82193947,-6.96464014,12.0769405
988,-4.84762001,-7.00083208,12.1085367
989,-4.87333393,-7.03702688,12.1403627
990,-4.89908123,-7.07322407,12.1724262
991,-4.92487669,-7.10944128,12.2047329
992,-4.95070124,-7.14565516,12.2372694
993,-4.97656679,-7.18187714,12.2700491
994,-5.00245762,-7.21808815,12.3030596
995,-5.0283885,-7.25430632,12.3363056
996,-5.05434942,-7.2905159,12.3697929
997,-5.08034563,-7.32672119,12.4035225
998,-5.1063714,-7.36292076,12.4374809
999,-5.13243294,-7.39911556,12.4716864
1000,-5.15851164,-7.43528223,12.506114
1001,-5.18463802,-7.47145891,12.5408077
1002,-5.21077681,-7.50759983,12.5757151
1003,-5.23696041,-7.54374647,12.6108799
1004,-5.26315689,-7.57985687,12.646266
1005,-5.28938198,-7.61594582,12.6819019
1006,-5.3156395,-7.65202093,12.7177773
1007,-5.34192324,-7.68807697,12.7538929
1008,-5.36822748,-7.72410202,12.7902412
1009,-5.39455605,-7.76009703,12.8268356
1010,-5.42090178,-7.79605436,12.8636618
1011,-5.44727039,-7.83197927,12.900733
1012,-5.47366428,-7.86787701,12.9380417
1013,-5.50008631,-7.90374708,12.9756021
1014,-5.52651167,-7.93955898,13.0133839
1015,-5.55297232,-7.97535086,13.0514174
1016,-5.57943773,-8.0110836,13.0896807
1017,-5.60592461,-8.04677677,13.1281862
1018,-5.63242865,-8.08242512,13.1669369
1019,-5.65894938,-8.11802864,13.2059164
1020,-5.68548298,-8.15357494,13.245142
1021,-5.71202707,-8.18906784,13.2845984
1022,-5.73857498,-8.22449112,13.3242836
1023,-5.76517487,-8.25991631,13.3642368
