framework,algorithm,phase,mode,tier,transfers,n,setting_kind,setting,samples,min_ms,p05_ms,median_ms,p95_ms,max_ms
julia,kvaerno3,performance,adaptive,julia,both,128,tol,1.0e-8,20,3.2708,3.29303,3.34265,3.45513,3.5849
julia,kvaerno3,performance,adaptive,julia,both,131072,tol,1.0e-8,20,17.2249,17.239435,17.496000000000002,17.70801,17.788
julia,kvaerno3,performance,adaptive,julia,both,2048,tol,1.0e-8,20,3.4064,3.418845,3.4549000000000003,3.52671,3.696
julia,kvaerno3,performance,adaptive,julia,both,2097152,tol,1.0e-8,10,237.9856,237.994645,239.676,242.01184,242.0131
julia,kvaerno3,performance,adaptive,julia,both,32,tol,1.0e-8,20,3.356,3.357045,3.4189,3.60364,3.7013
julia,kvaerno3,performance,adaptive,julia,both,32768,tol,1.0e-8,20,6.3177,6.36672,6.49115,7.207755000000004,12.9449
julia,kvaerno3,performance,adaptive,julia,both,512,tol,1.0e-8,20,3.3136,3.3163549999999997,3.3644,3.4968399999999997,3.642
julia,kvaerno3,performance,adaptive,julia,both,524288,tol,1.0e-8,20,61.1594,61.254495000000006,61.9486,65.22119000000002,97.5799
julia,kvaerno3,performance,adaptive,julia,both,8,tol,1.0e-8,20,5.6835,5.690435,5.8283000000000005,6.168394999999999,6.1816
julia,kvaerno3,performance,adaptive,julia,both,8192,tol,1.0e-8,20,3.9424,3.9528499999999998,4.1442499999999995,4.33086,4.3776
julia,kvaerno3,performance,adaptive,julia,both,8388608,tol,1.0e-8,10,944.7994,944.9551449999999,951.4115,957.71712,959.2383
julia,kvaerno3,performance,adaptive,julia,none,128,tol,1.0e-8,20,3.1996,3.2086249999999996,3.2887500000000003,3.4049899999999997,3.5169
julia,kvaerno3,performance,adaptive,julia,none,131072,tol,1.0e-8,20,16.2677,16.307125,16.49175,16.738665,16.8463
julia,kvaerno3,performance,adaptive,julia,none,2048,tol,1.0e-8,20,3.364,3.364665,3.3842499999999998,3.441195,3.4506
julia,kvaerno3,performance,adaptive,julia,none,2097152,tol,1.0e-8,10,225.254,225.61993999999999,226.62060000000002,228.030105,228.2178
julia,kvaerno3,performance,adaptive,julia,none,32,tol,1.0e-8,20,3.2268,3.24086,3.30645,3.3898000000000006,3.4734
julia,kvaerno3,performance,adaptive,julia,none,32768,tol,1.0e-8,20,5.9868,5.99611,6.0789,6.291245,6.3738
julia,kvaerno3,performance,adaptive,julia,none,512,tol,1.0e-8,20,3.2244,3.235325,3.27215,3.3752400000000007,3.4178
julia,kvaerno3,performance,adaptive,julia,none,524288,tol,1.0e-8,20,58.0323,58.23712,58.5814,59.04345,59.2667
julia,kvaerno3,performance,adaptive,julia,none,8,tol,1.0e-8,20,5.7617,5.76303,5.79175,5.88698,5.9132
julia,kvaerno3,performance,adaptive,julia,none,8192,tol,1.0e-8,20,3.8155,3.8210100000000002,3.8677,3.989415,4.0505
julia,kvaerno3,performance,adaptive,julia,none,8388608,tol,1.0e-8,10,893.1705,895.61634,899.22455,900.8434500000001,901.2741
julia,kvaerno3,performance,fixed,fixed,both,128,dt,0.0009765625,20,1.5471,1.5495700000000001,1.5771,1.78728,1.8363
julia,kvaerno3,performance,fixed,fixed,both,131072,dt,0.0009765625,20,6.2653,6.275465,6.493,10.586950000000051,80.1279
julia,kvaerno3,performance,fixed,fixed,both,2048,dt,0.0009765625,20,1.7281,1.72943,1.79595,1.9876800000000001,2.1944
julia,kvaerno3,performance,fixed,fixed,both,2097152,dt,0.0009765625,20,86.0942,86.09857,88.7067,91.908315,102.8089
julia,kvaerno3,performance,fixed,fixed,both,32,dt,0.0009765625,20,1.585,1.601625,2.8028500000000003,3.0162,3.2442
julia,kvaerno3,performance,fixed,fixed,both,32768,dt,0.0009765625,20,2.6547,2.66021,2.729,2.8661049999999997,2.9346
julia,kvaerno3,performance,fixed,fixed,both,512,dt,0.0009765625,20,1.6746,1.681345,1.735,1.82013,1.8416
julia,kvaerno3,performance,fixed,fixed,both,524288,dt,0.0009765625,20,22.2655,22.289250000000003,22.58985,23.117945,23.2594
julia,kvaerno3,performance,fixed,fixed,both,8,dt,0.0009765625,20,1.5517,1.558825,1.59755,1.6743299999999999,1.6787
julia,kvaerno3,performance,fixed,fixed,both,8192,dt,0.0009765625,20,1.9715,1.98442,2.03155,2.889150000000006,11.1266
julia,kvaerno3,performance,fixed,fixed,both,8388608,dt,0.0009765625,10,343.9526,344.668325,347.2523,355.85989500000005,356.3751
julia,kvaerno3,performance,fixed,fixed,none,128,dt,0.0009765625,20,1.4979,1.5013200000000002,1.54175,1.6087000000000002,1.6524
julia,kvaerno3,performance,fixed,fixed,none,131072,dt,0.0009765625,20,5.2548,5.270949999999999,5.3744499999999995,5.534565000000001,5.6536
julia,kvaerno3,performance,fixed,fixed,none,2048,dt,0.0009765625,20,1.6748,1.6827800000000002,1.7044000000000001,1.767895,1.7868
julia,kvaerno3,performance,fixed,fixed,none,2097152,dt,0.0009765625,20,73.7246,73.85684,74.18010000000001,75.02224,75.0515
julia,kvaerno3,performance,fixed,fixed,none,32,dt,0.0009765625,20,1.5047,1.51268,1.5388,1.61542,1.6842
julia,kvaerno3,performance,fixed,fixed,none,32768,dt,0.0009765625,20,2.3395,2.342255,2.3790500000000003,2.42302,2.6552
julia,kvaerno3,performance,fixed,fixed,none,512,dt,0.0009765625,20,1.6217,1.62911,1.6604999999999999,1.72391,1.9008
julia,kvaerno3,performance,fixed,fixed,none,524288,dt,0.0009765625,20,18.9165,19.254035,19.43025,19.67598,19.7136
julia,kvaerno3,performance,fixed,fixed,none,8,dt,0.0009765625,20,1.4936,1.49683,1.5399500000000002,1.71234,1.7948
julia,kvaerno3,performance,fixed,fixed,none,8192,dt,0.0009765625,20,1.8652,1.8728,1.96585,2.064825,2.0805
julia,kvaerno3,performance,fixed,fixed,none,8388608,dt,0.0009765625,10,291.1814,292.28858,294.33105,295.85041,296.6731
julia,kvaerno3,work_precision,adaptive,julia,both,131072,tol,0.0001,20,1.7394,1.7679,1.9536,2.33885,2.3892
julia,kvaerno3,work_precision,adaptive,julia,both,131072,tol,0.001,20,1.3734,1.382045,1.4682499999999998,1.8605650000000014,3.5509
julia,kvaerno3,work_precision,adaptive,julia,both,131072,tol,0.010000000000000002,20,1.2135,1.229365,1.29475,1.6717250000000028,5.6128
julia,kvaerno3,work_precision,adaptive,julia,both,131072,tol,1.0000000000000001e-7,20,8.319,8.367925,8.488050000000001,8.790465000000001,9.0615
julia,kvaerno3,work_precision,adaptive,julia,both,131072,tol,1.0e-5,20,2.5868,2.589935,2.65935,3.041430000000002,5.36
julia,kvaerno3,work_precision,adaptive,julia,both,131072,tol,1.0e-6,20,4.4354,4.47758,4.5939499999999995,5.309775,6.0465
julia,kvaerno3,work_precision,adaptive,julia,both,131072,tol,1.0e-8,20,17.2542,17.29695,17.56765,21.52142000000005,84.1211
julia,kvaerno3,work_precision,adaptive,julia,none,131072,tol,0.0001,20,0.8055,0.8194650000000001,0.85825,0.92924,0.9642
julia,kvaerno3,work_precision,adaptive,julia,none,131072,tol,0.001,20,0.4554,0.46281,0.4913,0.53327,0.5365
julia,kvaerno3,work_precision,adaptive,julia,none,131072,tol,0.010000000000000002,20,0.2994,0.29997,0.30425,0.37416000000000005,0.4114
julia,kvaerno3,work_precision,adaptive,julia,none,131072,tol,1.0000000000000001e-7,20,7.4265,7.4474,7.499700000000001,7.626659999999999,7.852
julia,kvaerno3,work_precision,adaptive,julia,none,131072,tol,1.0e-5,20,1.675,1.6761399999999997,1.6949,1.73336,1.7516
julia,kvaerno3,work_precision,adaptive,julia,none,131072,tol,1.0e-6,20,3.4555,3.465,3.57555,3.7341149999999996,3.7895
julia,kvaerno3,work_precision,adaptive,julia,none,131072,tol,1.0e-8,20,16.4549,16.461834999999997,16.611600000000003,16.809925,16.8427
julia,kvaerno3,work_precision,fixed,fixed,both,131072,dt,0.0001220703125,20,44.421,44.452065000000005,44.9296,45.35608,45.4355
julia,kvaerno3,work_precision,fixed,fixed,both,131072,dt,0.000244140625,20,22.1117,22.119870000000002,22.43895,22.71285,22.8392
julia,kvaerno3,work_precision,fixed,fixed,both,131072,dt,0.00048828125,20,11.5241,11.561435,11.69975,12.050749999999999,12.2151
julia,kvaerno3,work_precision,fixed,fixed,both,131072,dt,0.0009765625,20,6.2169,6.2348550000000005,6.3618500000000004,6.547495,6.8894
julia,kvaerno3,work_precision,fixed,fixed,both,131072,dt,0.001953125,20,3.5069,3.512885,3.61205,4.421100000000005,11.5024
julia,kvaerno3,work_precision,fixed,fixed,both,131072,dt,0.00390625,20,2.2659,2.3141599999999998,2.5330000000000004,6.895360000000057,83.0371
julia,kvaerno3,work_precision,fixed,fixed,both,131072,dt,0.0078125,20,1.5084,1.57699,1.7275,3.311745,3.818
julia,kvaerno3,work_precision,fixed,fixed,both,131072,dt,0.015625,20,1.2484,1.3025499999999999,1.5742500000000001,4.548865,5.1771
julia,kvaerno3,work_precision,fixed,fixed,both,131072,dt,0.03125,10,1.3662,1.38087,1.6368,63.300735000000074,109.9413
julia,kvaerno3,work_precision,fixed,fixed,both,131072,dt,0.0625,20,1.1509,1.16591,1.408,2.5322400000000096,15.7418
julia,kvaerno3,work_precision,fixed,fixed,none,131072,dt,0.0001220703125,20,43.2388,43.500524999999996,43.95235,44.251419999999996,44.3468
julia,kvaerno3,work_precision,fixed,fixed,none,131072,dt,0.000244140625,20,21.166,21.427155,21.54295,21.89957,21.9047
julia,kvaerno3,work_precision,fixed,fixed,none,131072,dt,0.00048828125,20,10.5192,10.55492,10.71235,10.970650000000001,10.9849
julia,kvaerno3,work_precision,fixed,fixed,none,131072,dt,0.0009765625,20,5.2547,5.275695,5.4098500000000005,5.64019,5.7445
julia,kvaerno3,work_precision,fixed,fixed,none,131072,dt,0.001953125,20,2.6177,2.62169,2.66275,2.74043,2.7524
julia,kvaerno3,work_precision,fixed,fixed,none,131072,dt,0.00390625,20,1.3118,1.316455,1.3356,1.406735,1.4131
julia,kvaerno3,work_precision,fixed,fixed,none,131072,dt,0.0078125,20,0.667,0.67764,0.70105,0.76703,0.8341
julia,kvaerno3,work_precision,fixed,fixed,none,131072,dt,0.015625,20,0.3853,0.38967,0.4124,0.4523400000000001,0.5158
julia,kvaerno3,work_precision,fixed,fixed,none,131072,dt,0.03125,20,0.2919,0.292945,0.2986,0.38267000000000007,0.4619
julia,kvaerno3,work_precision,fixed,fixed,none,131072,dt,0.0625,20,0.2172,0.21777,0.2218,0.30046,0.3168
julia,kvaerno5,performance,adaptive,julia,both,128,tol,1.0e-8,20,0.4635,0.464165,0.49639999999999995,0.571785,0.5867
julia,kvaerno5,performance,adaptive,julia,both,131072,tol,1.0e-8,20,3.0971,3.118475,3.4148,4.754679999999999,4.7676
julia,kvaerno5,performance,adaptive,julia,both,2048,tol,1.0e-8,20,0.4923,0.49344,0.54335,0.69997,0.7431
julia,kvaerno5,performance,adaptive,julia,both,2097152,tol,1.0e-8,20,37.148,37.640575,39.3935,94.86107,99.3122
julia,kvaerno5,performance,adaptive,julia,both,32,tol,1.0e-8,20,0.5252,0.53394,0.6314,0.865355,0.8873
julia,kvaerno5,performance,adaptive,julia,both,32768,tol,1.0e-8,20,1.1639,1.165325,1.3159,1.53719,1.5864
julia,kvaerno5,performance,adaptive,julia,both,512,tol,1.0e-8,20,0.4557,0.458455,0.49185,0.616435,0.6456
julia,kvaerno5,performance,adaptive,julia,both,524288,tol,1.0e-8,20,9.7231,9.913195,10.403749999999999,15.304665000000053,87.9638
julia,kvaerno5,performance,adaptive,julia,both,8,tol,1.0e-8,20,0.7831,0.785475,0.8337,0.9694950000000002,1.1537
julia,kvaerno5,performance,adaptive,julia,both,8192,tol,1.0e-8,20,0.6189,0.634955,0.6939,0.9027400000000001,1.0118
julia,kvaerno5,performance,adaptive,julia,both,8388608,tol,1.0e-8,10,152.9844,153.57358499999998,161.7451,166.48811,166.9859
julia,kvaerno5,performance,adaptive,julia,none,128,tol,1.0e-8,20,0.4315,0.43273500000000004,0.45605,0.515445,0.5752
julia,kvaerno5,performance,adaptive,julia,none,131072,tol,1.0e-8,20,1.9162,1.91791,1.9976500000000001,2.125965,2.1538
julia,kvaerno5,performance,adaptive,julia,none,2048,tol,1.0e-8,20,0.4257,0.4257,0.46265,0.548265,0.5609
julia,kvaerno5,performance,adaptive,julia,none,2097152,tol,1.0e-8,20,24.3956,24.708339999999996,25.1588,25.479104999999997,25.483
julia,kvaerno5,performance,adaptive,julia,none,32,tol,1.0e-8,20,0.49,0.49246999999999996,0.5364,0.63281,0.6786
julia,kvaerno5,performance,adaptive,julia,none,32768,tol,1.0e-8,20,0.8914,0.905555,0.9558,0.9799650000000001,0.9869
julia,kvaerno5,performance,adaptive,julia,none,512,tol,1.0e-8,20,0.3833,0.397265,0.4279,0.46433,0.5105
julia,kvaerno5,performance,adaptive,julia,none,524288,tol,1.0e-8,20,6.3853,6.425485,6.5351,6.794715,6.8064
julia,kvaerno5,performance,adaptive,julia,none,8,tol,1.0e-8,20,0.7347,0.746765,0.8116,0.8764000000000001,0.8859
julia,kvaerno5,performance,adaptive,julia,none,8192,tol,1.0e-8,20,0.4932,0.49585999999999997,0.5287999999999999,0.6236050000000001,0.6256
julia,kvaerno5,performance,adaptive,julia,none,8388608,tol,1.0e-8,20,98.2871,98.86052,99.36565,100.273735,100.6468
julia,kvaerno5,performance,fixed,fixed,both,128,dt,0.0009765625,20,3.8266,3.95561,4.109999999999999,4.233865000000001,4.5315
julia,kvaerno5,performance,fixed,fixed,both,131072,dt,0.0009765625,20,14.2694,14.301224999999999,14.603950000000001,14.92292,15.0715
julia,kvaerno5,performance,fixed,fixed,both,2048,dt,0.0009765625,20,3.2396,3.25879,3.3926,3.5417400000000003,3.5501
julia,kvaerno5,performance,fixed,fixed,both,2097152,dt,0.0009765625,10,177.5734,177.62902,178.0872,180.117365,180.4757
julia,kvaerno5,performance,fixed,fixed,both,32,dt,0.0009765625,20,5.8903,5.9024600000000005,6.0832999999999995,6.344460000000001,6.5052
julia,kvaerno5,performance,fixed,fixed,both,32768,dt,0.0009765625,20,4.9193,4.922624999999999,5.0751,5.214805,5.2225
julia,kvaerno5,performance,fixed,fixed,both,512,dt,0.0009765625,20,3.0986,3.113705,3.1909,3.27212,3.2763
julia,kvaerno5,performance,fixed,fixed,both,524288,dt,0.0009765625,20,46.5597,46.734785,47.2819,48.51844500000001,48.5383
julia,kvaerno5,performance,fixed,fixed,both,8,dt,0.0009765625,20,2.9393,2.95203,2.99665,3.0968649999999998,3.1342
julia,kvaerno5,performance,fixed,fixed,both,8192,dt,0.0009765625,20,3.6328,3.69056,3.8231,4.05473,4.2187
julia,kvaerno5,performance,fixed,fixed,both,8388608,dt,0.0009765625,10,703.121,703.75712,709.1511,712.4889450000001,713.3466
julia,kvaerno5,performance,fixed,fixed,none,128,dt,0.0009765625,20,2.8491,2.873135,2.94985,3.78382,3.8469
julia,kvaerno5,performance,fixed,fixed,none,131072,dt,0.0009765625,20,13.2707,13.277635000000002,13.3756,13.50282,13.7312
julia,kvaerno5,performance,fixed,fixed,none,2048,dt,0.0009765625,20,3.1718,3.176455,3.24655,3.329305,3.3636
julia,kvaerno5,performance,fixed,fixed,none,2097152,dt,0.0009765625,10,164.7352,164.93545,165.8416,166.69438000000002,167.2315
julia,kvaerno5,performance,fixed,fixed,none,32,dt,0.0009765625,20,3.7745,3.796825,3.84595,4.135585000000001,4.8155
julia,kvaerno5,performance,fixed,fixed,none,32768,dt,0.0009765625,20,4.6178,4.61894,4.66615,4.792835,4.9208
julia,kvaerno5,performance,fixed,fixed,none,512,dt,0.0009765625,20,3.0439,3.058625,3.08765,3.197855,3.4098
julia,kvaerno5,performance,fixed,fixed,none,524288,dt,0.0009765625,20,43.5214,43.577830000000006,43.788700000000006,44.19583,44.3218
julia,kvaerno5,performance,fixed,fixed,none,8,dt,0.0009765625,20,2.8649,2.8657550000000005,2.9158,3.0959450000000004,3.1538
julia,kvaerno5,performance,fixed,fixed,none,8192,dt,0.0009765625,20,3.4954,3.49977,3.5481,3.666895,3.6877
julia,kvaerno5,performance,fixed,fixed,none,8388608,dt,0.0009765625,10,651.2446,651.920275,655.0183999999999,656.56481,656.7233
julia,kvaerno5,work_precision,adaptive,julia,both,131072,tol,0.0001,20,1.43,1.520725,1.90845,2.082525,2.083
julia,kvaerno5,work_precision,adaptive,julia,both,131072,tol,0.001,20,1.4613,1.4974,1.9005,2.0193100000000004,2.0727
julia,kvaerno5,work_precision,adaptive,julia,both,131072,tol,0.010000000000000002,20,1.2976,1.31964,1.52795,4.398295,5.2323
julia,kvaerno5,work_precision,adaptive,julia,both,131072,tol,1.0000000000000001e-7,20,1.8021,1.818155,2.00645,2.417825,2.4468
julia,kvaerno5,work_precision,adaptive,julia,both,131072,tol,1.0e-5,20,1.5097,1.535065,1.86505,2.235625,2.2608
julia,kvaerno5,work_precision,adaptive,julia,both,131072,tol,1.0e-6,20,1.5796,1.61513,1.76255,2.0330850000000003,2.3064
julia,kvaerno5,work_precision,adaptive,julia,both,131072,tol,1.0e-8,20,2.7278,2.759435,2.8808,6.125265000000002,8.8492
julia,kvaerno5,work_precision,adaptive,julia,none,131072,tol,0.0001,20,0.378,0.396145,0.42425,0.50228,0.5057
julia,kvaerno5,work_precision,adaptive,julia,none,131072,tol,0.001,20,0.3328,0.334605,0.3467,0.36551000000000006,0.4455
julia,kvaerno5,work_precision,adaptive,julia,none,131072,tol,0.010000000000000002,20,0.2484,0.25571499999999997,0.31135,0.36756500000000003,0.3859
julia,kvaerno5,work_precision,adaptive,julia,none,131072,tol,1.0000000000000001e-7,20,0.9116,0.9118850000000001,0.9306000000000001,1.02843,1.0309
julia,kvaerno5,work_precision,adaptive,julia,none,131072,tol,1.0e-5,20,0.5112,0.520795,0.5904,0.66022,0.6663
julia,kvaerno5,work_precision,adaptive,julia,none,131072,tol,1.0e-6,20,0.636,0.63752,0.66615,0.803665,0.822
julia,kvaerno5,work_precision,adaptive,julia,none,131072,tol,1.0e-8,20,1.8933,1.8970049999999998,1.9107500000000002,1.94813,1.9924
julia,kvaerno5,work_precision,fixed,fixed,both,131072,dt,0.0001220703125,10,111.1516,111.24304,112.26665,113.063185,113.2669
julia,kvaerno5,work_precision,fixed,fixed,both,131072,dt,0.000244140625,20,55.6101,55.920750000000005,56.2329,57.152355,57.2864
julia,kvaerno5,work_precision,fixed,fixed,both,131072,dt,0.00048828125,20,27.8926,27.972400000000004,28.28185,28.885044999999998,28.9543
julia,kvaerno5,work_precision,fixed,fixed,both,131072,dt,0.0009765625,20,14.1705,14.20299,14.33935,14.620095,14.6523
julia,kvaerno5,work_precision,fixed,fixed,both,131072,dt,0.001953125,20,7.4351,7.54587,7.77325,7.974655,8.008
julia,kvaerno5,work_precision,fixed,fixed,both,131072,dt,0.00390625,20,4.0623,4.07883,4.23065,4.449775000000001,5.7299
julia,kvaerno5,work_precision,fixed,fixed,both,131072,dt,0.0078125,20,2.3962,2.41387,2.6060499999999998,2.745495,2.7682
julia,kvaerno5,work_precision,fixed,fixed,both,131072,dt,0.015625,20,1.594,1.7038200000000001,2.04465,2.30883,2.6476
julia,kvaerno5,work_precision,fixed,fixed,both,131072,dt,0.03125,20,1.3346,1.345335,1.4579499999999999,2.7895800000000124,19.5567
julia,kvaerno5,work_precision,fixed,fixed,both,131072,dt,0.0625,20,1.1654,1.18516,1.32805,1.82138,1.8305
julia,kvaerno5,work_precision,fixed,fixed,none,131072,dt,0.0001220703125,10,110.4522,110.54530500000001,110.97015,111.48467,111.5573
julia,kvaerno5,work_precision,fixed,fixed,none,131072,dt,0.000244140625,20,54.5343,54.64326500000001,55.4437,56.00387,56.1876
julia,kvaerno5,work_precision,fixed,fixed,none,131072,dt,0.00048828125,20,27.0788,27.10255,27.2346,27.673854999999996,27.7832
julia,kvaerno5,work_precision,fixed,fixed,none,131072,dt,0.0009765625,20,13.2432,13.253269999999999,13.314499999999999,13.665600000000001,13.7416
julia,kvaerno5,work_precision,fixed,fixed,none,131072,dt,0.001953125,20,6.3993,6.4123149999999995,6.4428,6.546925,6.7887
julia,kvaerno5,work_precision,fixed,fixed,none,131072,dt,0.00390625,20,3.1389,3.1558100000000002,3.2197500000000003,3.275635,3.2801
julia,kvaerno5,work_precision,fixed,fixed,none,131072,dt,0.0078125,20,1.4873,1.496895,1.5425,1.58207,1.5986
julia,kvaerno5,work_precision,fixed,fixed,none,131072,dt,0.015625,20,0.7565,0.7570699999999999,0.81055,0.9011899999999999,0.9105
julia,kvaerno5,work_precision,fixed,fixed,none,131072,dt,0.03125,20,0.4424,0.44430000000000003,0.46535000000000004,0.5523150000000001,0.5925
julia,kvaerno5,work_precision,fixed,fixed,none,131072,dt,0.0625,20,0.2851,0.2851,0.30945,0.361105,0.403
julia,rosenbrock23_sciml,performance,adaptive,julia,both,128,tol,1.0e-8,20,1.5937,1.59655,1.6616,1.72105,1.7619
julia,rosenbrock23_sciml,performance,adaptive,julia,both,131072,tol,1.0e-8,20,7.6944,7.7324,7.954750000000001,8.229365,8.5023
julia,rosenbrock23_sciml,performance,adaptive,julia,both,2048,tol,1.0e-8,20,1.6164,1.6353050000000002,1.6974999999999998,1.85676,1.97
julia,rosenbrock23_sciml,performance,adaptive,julia,both,2097152,tol,1.0e-8,10,106.8707,106.94927,107.97710000000001,112.39355499999999,112.7842
julia,rosenbrock23_sciml,performance,adaptive,julia,both,32,tol,1.0e-8,20,3.1063,3.132615,3.24425,3.3610400000000005,3.4549
julia,rosenbrock23_sciml,performance,adaptive,julia,both,32768,tol,1.0e-8,20,2.776,2.7855000000000003,2.841,2.953995,2.9805
julia,rosenbrock23_sciml,performance,adaptive,julia,both,512,tol,1.0e-8,20,1.62,1.63843,1.75225,1.83885,1.8569
julia,rosenbrock23_sciml,performance,adaptive,julia,both,524288,tol,1.0e-8,20,26.9115,27.017235,27.611649999999997,28.869545,28.9388
julia,rosenbrock23_sciml,performance,adaptive,julia,both,8,tol,1.0e-8,20,5.3423,5.342965,5.44045,5.670445000000001,6.0228
julia,rosenbrock23_sciml,performance,adaptive,julia,both,8192,tol,1.0e-8,20,1.8979,1.94749,2.0650500000000003,2.16527,2.2483
julia,rosenbrock23_sciml,performance,adaptive,julia,both,8388608,tol,1.0e-8,10,423.3511,424.80432999999994,433.0131,441.58043499999997,441.9907
julia,rosenbrock23_sciml,performance,adaptive,julia,none,128,tol,1.0e-8,20,1.5396,1.5415,1.6224,1.6996399999999998,1.7308
julia,rosenbrock23_sciml,performance,adaptive,julia,none,131072,tol,1.0e-8,20,6.7908,6.82367,6.8838,6.991375,7.1011
julia,rosenbrock23_sciml,performance,adaptive,julia,none,2048,tol,1.0e-8,20,1.5603,1.5740750000000001,1.6338499999999998,1.703445,1.8487
julia,rosenbrock23_sciml,performance,adaptive,julia,none,2097152,tol,1.0e-8,20,92.3215,93.82658500000001,94.2148,95.53449,95.8345
julia,rosenbrock23_sciml,performance,adaptive,julia,none,32,tol,1.0e-8,20,1.5417,1.5662099999999999,3.0096499999999997,3.1854449999999996,3.1996
julia,rosenbrock23_sciml,performance,adaptive,julia,none,32768,tol,1.0e-8,20,2.4579,2.47595,2.53565,2.65803,2.8087
julia,rosenbrock23_sciml,performance,adaptive,julia,none,512,tol,1.0e-8,20,1.5474,1.5597500000000002,1.6068,1.694455,1.8114
julia,rosenbrock23_sciml,performance,adaptive,julia,none,524288,tol,1.0e-8,20,23.8934,24.24661,24.3882,24.66137,25.037
julia,rosenbrock23_sciml,performance,adaptive,julia,none,8,tol,1.0e-8,20,3.0136,3.0156899999999998,3.12975,5.306795000000001,5.3314
julia,rosenbrock23_sciml,performance,adaptive,julia,none,8192,tol,1.0e-8,20,1.7643,1.7728500000000003,1.80555,1.8783250000000002,1.9738
julia,rosenbrock23_sciml,performance,adaptive,julia,none,8388608,tol,1.0e-8,10,372.1104,372.35025,374.56845,377.434615,377.4622
julia,rosenbrock23_sciml,performance,fixed,fixed,both,128,dt,0.0009765625,20,0.6673,0.6849699999999999,0.7422,0.828575,0.8338
julia,rosenbrock23_sciml,performance,fixed,fixed,both,131072,dt,0.0009765625,20,2.8285,2.8411350000000004,3.17955,3.9511500000000073,13.5661
julia,rosenbrock23_sciml,performance,fixed,fixed,both,2048,dt,0.0009765625,20,0.7265,0.728495,0.76185,0.8951950000000001,0.9312
julia,rosenbrock23_sciml,performance,fixed,fixed,both,2097152,dt,0.0009765625,20,33.64,33.84691,35.39505,41.74539000000004,103.7175
julia,rosenbrock23_sciml,performance,fixed,fixed,both,32,dt,0.0009765625,20,1.2427,1.2430800000000002,1.29375,1.3511050000000002,1.3664
julia,rosenbrock23_sciml,performance,fixed,fixed,both,32768,dt,0.0009765625,20,1.05,1.05836,1.0938500000000002,1.13588,1.1887
julia,rosenbrock23_sciml,performance,fixed,fixed,both,512,dt,0.0009765625,20,0.7127,0.725525,0.7621,0.91163,0.9939
julia,rosenbrock23_sciml,performance,fixed,fixed,both,524288,dt,0.0009765625,20,9.0135,9.1997,9.8382,18.132775000000052,89.4944
julia,rosenbrock23_sciml,performance,fixed,fixed,both,8,dt,0.0009765625,20,1.4037,1.4169999999999998,1.4602499999999998,1.654835,1.665
julia,rosenbrock23_sciml,performance,fixed,fixed,both,8192,dt,0.0009765625,20,0.8066,0.819615,0.9438,1.0363300000000002,1.0502
julia,rosenbrock23_sciml,performance,fixed,fixed,both,8388608,dt,0.0009765625,10,135.6084,136.019025,140.6606,144.932995,145.1917
julia,rosenbrock23_sciml,performance,fixed,fixed,none,128,dt,0.0009765625,20,0.6305,0.63886,0.6635,0.7489450000000001,0.8467
julia,rosenbrock23_sciml,performance,fixed,fixed,none,131072,dt,0.0009765625,20,1.7949,1.7984149999999999,1.849,1.8927200000000002,1.8988
julia,rosenbrock23_sciml,performance,fixed,fixed,none,2048,dt,0.0009765625,20,0.653,0.6549,0.6985,0.76694,0.7734
julia,rosenbrock23_sciml,performance,fixed,fixed,none,2097152,dt,0.0009765625,20,20.7583,20.87534,21.36845,21.696859999999997,21.8405
julia,rosenbrock23_sciml,performance,fixed,fixed,none,32,dt,0.0009765625,20,1.1843,1.190475,1.2570000000000001,1.31784,1.3642
julia,rosenbrock23_sciml,performance,fixed,fixed,none,32768,dt,0.0009765625,20,0.7719,0.772375,0.79175,0.9028250000000001,0.9375
julia,rosenbrock23_sciml,performance,fixed,fixed,none,512,dt,0.0009765625,20,0.6653,0.6664399999999999,0.69245,0.7757450000000001,0.7956
julia,rosenbrock23_sciml,performance,fixed,fixed,none,524288,dt,0.0009765625,20,5.6392,5.6743500000000004,5.78585,6.112895,6.3598
julia,rosenbrock23_sciml,performance,fixed,fixed,none,8,dt,0.0009765625,20,1.3733,1.37843,1.4034499999999999,1.471665,1.5622
julia,rosenbrock23_sciml,performance,fixed,fixed,none,8192,dt,0.0009765625,20,0.6994,0.70225,0.78925,0.811435,0.814
julia,rosenbrock23_sciml,performance,fixed,fixed,none,8388608,dt,0.0009765625,20,83.4549,84.240265,84.7552,85.75523,85.7748
julia,rosenbrock23_sciml,work_precision,adaptive,julia,both,131072,tol,0.0001,20,1.2502,1.30036,1.5110999999999999,2.0506250000000024,5.0474
julia,rosenbrock23_sciml,work_precision,adaptive,julia,both,131072,tol,0.001,20,1.1785,1.21232,1.5516999999999999,2.620240000000004,7.162
julia,rosenbrock23_sciml,work_precision,adaptive,julia,both,131072,tol,0.010000000000000002,20,1.016,1.03538,1.1595,1.727120000000005,8.6188
julia,rosenbrock23_sciml,work_precision,adaptive,julia,both,131072,tol,1.0000000000000001e-7,20,4.0712,4.0769,4.2360500000000005,4.842140000000001,7.0564
julia,rosenbrock23_sciml,work_precision,adaptive,julia,both,131072,tol,1.0e-5,20,1.6222,1.6734999999999998,1.95735,12.495495000000046,75.5602
julia,rosenbrock23_sciml,work_precision,adaptive,julia,both,131072,tol,1.0e-6,20,2.3855,2.3940499999999996,2.50725,2.71364,2.7638
julia,rosenbrock23_sciml,work_precision,adaptive,julia,both,131072,tol,1.0e-8,20,7.7325,7.754825,7.9092,8.319505,8.3329
julia,rosenbrock23_sciml,work_precision,adaptive,julia,none,131072,tol,0.0001,20,0.3726,0.37621000000000004,0.38205,0.45094500000000004,0.505
julia,rosenbrock23_sciml,work_precision,adaptive,julia,none,131072,tol,0.001,20,0.221,0.222995,0.24735000000000001,0.32785000000000003,0.3307
julia,rosenbrock23_sciml,work_precision,adaptive,julia,none,131072,tol,0.010000000000000002,20,0.1236,0.123695,0.1365,0.23802500000000007,0.3031
julia,rosenbrock23_sciml,work_precision,adaptive,julia,none,131072,tol,1.0000000000000001e-7,20,3.2035,3.205685,3.26285,3.356435,3.5395
julia,rosenbrock23_sciml,work_precision,adaptive,julia,none,131072,tol,1.0e-5,20,0.7367,0.737175,0.76875,0.84036,0.8567
julia,rosenbrock23_sciml,work_precision,adaptive,julia,none,131072,tol,1.0e-6,20,1.5074,1.5322900000000002,1.564,1.6054000000000002,1.613
julia,rosenbrock23_sciml,work_precision,adaptive,julia,none,131072,tol,1.0e-8,20,6.8076,6.81045,6.8743,7.1420200000000005,7.1633
julia,rosenbrock23_sciml,work_precision,fixed,fixed,both,131072,dt,0.0001220703125,20,14.3515,14.366605,14.571200000000001,14.915985,14.9974
julia,rosenbrock23_sciml,work_precision,fixed,fixed,both,131072,dt,0.000244140625,20,7.7228,7.74655,7.9549,8.411880000000002,10.302
julia,rosenbrock23_sciml,work_precision,fixed,fixed,both,131072,dt,0.00048828125,20,4.4623,4.545235,4.667949999999999,5.01482,5.1235
julia,rosenbrock23_sciml,work_precision,fixed,fixed,both,131072,dt,0.0009765625,20,2.7591,2.7621400000000005,3.07935,3.488315,3.5114
julia,rosenbrock23_sciml,work_precision,fixed,fixed,both,131072,dt,0.001953125,20,1.8907,1.90438,2.27175,2.459475,2.5369
julia,rosenbrock23_sciml,work_precision,fixed,fixed,both,131072,dt,0.00390625,20,1.6417,1.7367,2.03585,4.709600000000005,11.5477
julia,rosenbrock23_sciml,work_precision,fixed,fixed,both,131072,dt,0.0078125,20,1.1934,1.20727,1.73745,1.907535,1.9424
julia,rosenbrock23_sciml,work_precision,fixed,fixed,both,131072,dt,0.015625,20,1.1078,1.1347800000000001,1.3433,2.1393000000000026,5.7797
julia,rosenbrock23_sciml,work_precision,fixed,fixed,both,131072,dt,0.03125,20,1.2179,1.251245,1.51395,1.7254500000000002,1.7739
julia,rosenbrock23_sciml,work_precision,fixed,fixed,both,131072,dt,0.0625,20,0.9796,1.06073,1.4494,2.960580000000016,24.2839
julia,rosenbrock23_sciml,work_precision,fixed,fixed,none,131072,dt,0.0001220703125,20,13.4744,13.481050000000002,13.55285,13.7684,13.9831
julia,rosenbrock23_sciml,work_precision,fixed,fixed,none,131072,dt,0.000244140625,20,6.8139,6.82891,6.9111,7.1208,7.3032
julia,rosenbrock23_sciml,work_precision,fixed,fixed,none,131072,dt,0.00048828125,20,3.455,3.45899,3.50565,3.60523,3.6894
julia,rosenbrock23_sciml,work_precision,fixed,fixed,none,131072,dt,0.0009765625,20,1.7453,1.750715,1.8301,1.9556200000000001,2.0586
julia,rosenbrock23_sciml,work_precision,fixed,fixed,none,131072,dt,0.001953125,20,0.9697,0.990505,1.0281,1.1094300000000001,1.1157
julia,rosenbrock23_sciml,work_precision,fixed,fixed,none,131072,dt,0.00390625,20,0.5534,0.55682,0.6053,0.659535,0.6602
julia,rosenbrock23_sciml,work_precision,fixed,fixed,none,131072,dt,0.0078125,20,0.306,0.30657,0.31655,0.365305,0.3882
julia,rosenbrock23_sciml,work_precision,fixed,fixed,none,131072,dt,0.015625,20,0.1415,0.141595,0.17295,0.26380000000000003,0.3189
julia,rosenbrock23_sciml,work_precision,fixed,fixed,none,131072,dt,0.03125,20,0.1336,0.13417,0.13785,0.1628100000000001,0.2637
julia,rosenbrock23_sciml,work_precision,fixed,fixed,none,131072,dt,0.0625,20,0.0625,0.0625,0.06365000000000001,0.11928500000000009,0.2444
julia,tsit5,performance,adaptive,julia,both,128,tol,1.0e-8,20,1.1508,1.1599200000000003,1.26125,1.4909000000000001,1.5137
julia,tsit5,performance,adaptive,julia,both,131072,tol,1.0e-8,20,1.9449,2.013585,2.37415,13.779000000000053,86.6535
julia,tsit5,performance,adaptive,julia,both,2048,tol,1.0e-8,20,0.3236,0.34887,0.42515000000000003,0.561615,0.5619
julia,tsit5,performance,adaptive,julia,both,2097152,tol,1.0e-8,20,22.9964,23.19419,25.49875,96.81091,104.9412
julia,tsit5,performance,adaptive,julia,both,32,tol,1.0e-8,20,1.1689,1.18752,1.47755,2.133515,2.2345
julia,tsit5,performance,adaptive,julia,both,32768,tol,1.0e-8,20,0.6946,0.77117,1.0540500000000002,1.5348650000000017,3.9358
julia,tsit5,performance,adaptive,julia,both,512,tol,1.0e-8,20,0.341,0.34641500000000003,0.37295,0.6983550000000002,0.9939
julia,tsit5,performance,adaptive,julia,both,524288,tol,1.0e-8,20,6.0292,6.05599,7.05605,15.607530000000043,74.3447
julia,tsit5,performance,adaptive,julia,both,8,tol,1.0e-8,20,1.6128,1.649945,2.0571,2.1107199999999997,2.1434
julia,tsit5,performance,adaptive,julia,both,8192,tol,1.0e-8,20,0.4667,0.46831500000000004,0.5056499999999999,0.539165,0.5423
julia,tsit5,performance,adaptive,julia,both,8388608,tol,1.0e-8,20,89.8244,90.032735,99.4339,171.021675,177.1582
julia,tsit5,performance,adaptive,julia,none,128,tol,1.0e-8,20,1.0439,1.0527349999999998,1.1167500000000001,1.19415,1.2179
julia,tsit5,performance,adaptive,julia,none,131072,tol,1.0e-8,20,0.7499,0.7534150000000001,0.7867,0.8821300000000001,0.9302
julia,tsit5,performance,adaptive,julia,none,2048,tol,1.0e-8,20,0.2578,0.26644500000000004,0.27925,0.3731950000000001,0.508
julia,tsit5,performance,adaptive,julia,none,2097152,tol,1.0e-8,20,9.3526,9.45691,9.59805,9.866690000000002,10.7519
julia,tsit5,performance,adaptive,julia,none,32,tol,1.0e-8,20,1.0952,1.104035,1.1468,1.3987150000000006,2.1286
julia,tsit5,performance,adaptive,julia,none,32768,tol,1.0e-8,20,0.387,0.38909,0.50475,0.543205,0.5604
julia,tsit5,performance,adaptive,julia,none,512,tol,1.0e-8,20,0.2478,0.25407,0.263,0.28905000000000003,0.4135
julia,tsit5,performance,adaptive,julia,none,524288,tol,1.0e-8,20,2.4718,2.48263,2.5805,2.69343,2.7928
julia,tsit5,performance,adaptive,julia,none,8,tol,1.0e-8,20,1.5792,1.5850899999999999,1.6242,1.725265,1.7322
julia,tsit5,performance,adaptive,julia,none,8192,tol,1.0e-8,20,0.2681,0.26914499999999997,0.2945,0.315975,0.3174
julia,tsit5,performance,adaptive,julia,none,8388608,tol,1.0e-8,20,36.2633,36.97694,37.69415,37.84331,37.8891
julia,tsit5,performance,fixed,fixed,both,128,dt,0.0009765625,20,1.0324,1.0431350000000001,1.1213,1.3600400000000001,1.4805
julia,tsit5,performance,fixed,fixed,both,131072,dt,0.0009765625,20,2.7505,2.934705,3.35945,4.38885,4.5931
julia,tsit5,performance,fixed,fixed,both,2048,dt,0.0009765625,20,0.3406,0.3428800000000001,0.37825,0.463635,0.4681
julia,tsit5,performance,fixed,fixed,both,2097152,dt,0.0009765625,20,33.9317,34.20283,36.2033,45.883215000000035,97.6794
julia,tsit5,performance,fixed,fixed,both,32,dt,0.0009765625,20,1.4604,1.50562,1.8672499999999999,2.097060000000002,5.0242
julia,tsit5,performance,fixed,fixed,both,32768,dt,0.0009765625,20,0.7847,0.815955,0.9389000000000001,1.0338600000000002,1.073
julia,tsit5,performance,fixed,fixed,both,512,dt,0.0009765625,20,1.0363,1.07563,1.3054000000000001,1.7243000000000006,2.4292
julia,tsit5,performance,fixed,fixed,both,524288,dt,0.0009765625,20,8.6759,8.79465,9.658750000000001,16.820510000000052,84.8749
julia,tsit5,performance,fixed,fixed,both,8,dt,0.0009765625,20,0.7244,0.73694,0.83595,1.1037649999999999,1.1506
julia,tsit5,performance,fixed,fixed,both,8192,dt,0.0009765625,20,0.4147,0.41945,0.5102,0.629535,0.6549
julia,tsit5,performance,fixed,fixed,both,8388608,dt,0.0009765625,10,131.3926,131.98498,140.07395,166.59850500000002,168.7761
julia,tsit5,performance,fixed,fixed,none,128,dt,0.0009765625,20,0.9425,0.958555,1.01235,1.09657,1.1017
julia,tsit5,performance,fixed,fixed,none,131072,dt,0.0009765625,20,1.8246,1.8332450000000002,1.9163999999999999,2.1464800000000004,3.212
julia,tsit5,performance,fixed,fixed,none,2048,dt,0.0009765625,20,0.198,0.20598000000000002,0.23285,0.2792450000000001,0.3124
julia,tsit5,performance,fixed,fixed,none,2097152,dt,0.0009765625,20,18.8669,19.058895,21.4063,22.07421,22.0972
julia,tsit5,performance,fixed,fixed,none,32,dt,0.0009765625,20,1.437,1.453245,1.5051,1.5910000000000002,1.6081
julia,tsit5,performance,fixed,fixed,none,32768,dt,0.0009765625,20,0.5032,0.5114650000000001,0.5724,0.6585650000000001,0.8308
julia,tsit5,performance,fixed,fixed,none,512,dt,0.0009765625,20,0.9972,1.01145,1.07855,1.283815,1.305
julia,tsit5,performance,fixed,fixed,none,524288,dt,0.0009765625,20,5.2192,5.244185,5.37305,6.672445000000001,6.9089
julia,tsit5,performance,fixed,fixed,none,8,dt,0.0009765625,20,0.6413,0.64947,0.6819999999999999,0.757195,0.7723
julia,tsit5,performance,fixed,fixed,none,8192,dt,0.0009765625,20,0.2865,0.28669000000000006,0.2908,0.313715,0.3216
julia,tsit5,performance,fixed,fixed,none,8388608,dt,0.0009765625,20,75.3334,77.58955499999999,83.42885,84.329845,84.61
julia,tsit5,work_precision,adaptive,julia,both,131072,tol,0.0001,20,1.0776,1.19597,1.52135,1.9215350000000002,1.9602
julia,tsit5,work_precision,adaptive,julia,both,131072,tol,0.001,20,0.9564,0.9642850000000001,1.12235,1.2473300000000003,1.3828
julia,tsit5,work_precision,adaptive,julia,both,131072,tol,0.010000000000000002,20,0.9219,0.922565,1.0967500000000001,2.0547200000000085,13.4342
julia,tsit5,work_precision,adaptive,julia,both,131072,tol,1.0000000000000001e-7,20,1.201,1.24451,1.45055,2.089905000000005,8.3543
julia,tsit5,work_precision,adaptive,julia,both,131072,tol,1.0e-5,20,1.1085,1.13605,1.4483000000000001,1.744875,1.7482
julia,tsit5,work_precision,adaptive,julia,both,131072,tol,1.0e-6,20,1.132,1.1547999999999998,1.30775,1.7858400000000048,8.3986
julia,tsit5,work_precision,adaptive,julia,both,131072,tol,1.0e-8,20,1.6016,1.6290550000000001,1.7904,2.274295000000002,5.28
julia,tsit5,work_precision,adaptive,julia,none,131072,tol,0.0001,20,0.1769,0.17709000000000003,0.1802,0.30245000000000005,0.3984
julia,tsit5,work_precision,adaptive,julia,none,131072,tol,0.001,20,0.1069,0.10699499999999999,0.10785,0.12899500000000005,0.1859
julia,tsit5,work_precision,adaptive,julia,none,131072,tol,0.010000000000000002,20,0.0912,0.091485,0.0959,0.1293500000000001,0.2443
julia,tsit5,work_precision,adaptive,julia,none,131072,tol,1.0000000000000001e-7,20,0.3558,0.356845,0.419,0.47636,0.4908
julia,tsit5,work_precision,adaptive,julia,none,131072,tol,1.0e-5,20,0.1927,0.193935,0.21185,0.262255,0.2899
julia,tsit5,work_precision,adaptive,julia,none,131072,tol,1.0e-6,20,0.2502,0.25238499999999997,0.25475000000000003,0.3563500000000001,0.4542
julia,tsit5,work_precision,adaptive,julia,none,131072,tol,1.0e-8,20,0.7481,0.749715,0.77875,0.836775,0.8553
julia,tsit5,work_precision,fixed,fixed,both,131072,dt,0.0001220703125,20,13.2305,13.238100000000001,13.395,13.563300000000002,13.569
julia,tsit5,work_precision,fixed,fixed,both,131072,dt,0.000244140625,20,7.1558,7.172235,7.30825,7.675915,7.794
julia,tsit5,work_precision,fixed,fixed,both,131072,dt,0.00048828125,20,4.164,4.164475,4.2849,4.714815000000001,4.7512
julia,tsit5,work_precision,fixed,fixed,both,131072,dt,0.0009765625,20,2.5368,2.537845,2.6378500000000003,6.518965000000001,6.771
julia,tsit5,work_precision,fixed,fixed,both,131072,dt,0.001953125,20,1.6767,1.68126,1.7808000000000002,1.97785,2.0339
julia,tsit5,work_precision,fixed,fixed,both,131072,dt,0.00390625,20,1.3806,1.414515,1.7319,6.980795000000068,99.2371
julia,tsit5,work_precision,fixed,fixed,both,131072,dt,0.0078125,20,1.6192,1.63516,1.78935,1.9419350000000002,1.954
julia,tsit5,work_precision,fixed,fixed,both,131072,dt,0.015625,20,1.0178,1.03395,1.25085,1.506605,1.5485
julia,tsit5,work_precision,fixed,fixed,both,131072,dt,0.03125,20,0.936,0.9493,1.0528,1.52166,1.5266
julia,tsit5,work_precision,fixed,fixed,both,131072,dt,0.0625,20,0.8678,0.895065,1.1031499999999999,1.3048400000000002,1.3303
julia,tsit5,work_precision,fixed,fixed,none,131072,dt,0.0001220703125,20,12.3033,12.308715,12.365300000000001,12.687930000000001,13.0495
julia,tsit5,work_precision,fixed,fixed,none,131072,dt,0.000244140625,20,6.1777,6.182734999999999,6.24205,6.450305,6.4656
julia,tsit5,work_precision,fixed,fixed,none,131072,dt,0.00048828125,20,3.1325,3.14105,3.17925,3.255745,3.2661
julia,tsit5,work_precision,fixed,fixed,none,131072,dt,0.0009765625,20,1.5904,1.60161,1.62625,1.688285,1.7279
julia,tsit5,work_precision,fixed,fixed,none,131072,dt,0.001953125,20,0.811,0.811285,0.8311999999999999,0.9254300000000003,1.2718
julia,tsit5,work_precision,fixed,fixed,none,131072,dt,0.00390625,20,0.4349,0.43718,0.45845,0.505085,0.5257
julia,tsit5,work_precision,fixed,fixed,none,131072,dt,0.0078125,20,0.2985,0.30059,0.31595,0.3343000000000001,0.435
julia,tsit5,work_precision,fixed,fixed,none,131072,dt,0.015625,20,0.155,0.155665,0.17504999999999998,0.25495,0.292
julia,tsit5,work_precision,fixed,fixed,none,131072,dt,0.03125,20,0.1299,0.129995,0.134,0.14807000000000006,0.2273
julia,tsit5,work_precision,fixed,fixed,none,131072,dt,0.0625,20,0.109,0.109,0.11005000000000001,0.12470000000000005,0.1836
julia,vern7,performance,adaptive,julia,both,128,tol,1.0e-8,20,0.8116,0.8139750000000001,0.8467,0.9857499999999999,0.9962
julia,vern7,performance,adaptive,julia,both,131072,tol,1.0e-8,20,2.3416,2.4024,2.63155,3.0768250000000004,3.2806
julia,vern7,performance,adaptive,julia,both,2048,tol,1.0e-8,20,0.3367,0.33679499999999996,0.368,0.424455,0.4426
julia,vern7,performance,adaptive,julia,both,2097152,tol,1.0e-8,20,31.8462,32.032875000000004,33.893,40.33697000000004,99.9166
julia,vern7,performance,adaptive,julia,both,32,tol,1.0e-8,20,0.7641,0.779775,0.80505,0.8466450000000001,0.9558
julia,vern7,performance,adaptive,julia,both,32768,tol,1.0e-8,20,0.9329,0.946105,1.01185,1.057365,1.3455
julia,vern7,performance,adaptive,julia,both,512,tol,1.0e-8,20,0.8452,0.8588800000000001,0.89975,0.954345,1.0046
julia,vern7,performance,adaptive,julia,both,524288,tol,1.0e-8,20,8.2749,8.306725,8.727450000000001,9.67645,10.16
julia,vern7,performance,adaptive,julia,both,8,tol,1.0e-8,20,0.7583,0.75868,0.8013,0.92992,0.9322
julia,vern7,performance,adaptive,julia,both,8192,tol,1.0e-8,20,0.4177,0.427675,0.45945,0.556315,0.625
julia,vern7,performance,adaptive,julia,both,8388608,tol,1.0e-8,10,131.6795,131.76189499999998,135.8749,142.69017,144.2307
julia,vern7,performance,adaptive,julia,none,128,tol,1.0e-8,20,0.7742,0.78218,0.8351,0.9387800000000001,0.9821
julia,vern7,performance,adaptive,julia,none,131072,tol,1.0e-8,20,1.4004,1.41199,1.46695,1.510745,1.5496
julia,vern7,performance,adaptive,julia,none,2048,tol,1.0e-8,20,0.285,0.28557,0.32620000000000005,0.39715000000000006,0.4
julia,vern7,performance,adaptive,julia,none,2097152,tol,1.0e-8,20,19.0321,19.280334999999997,19.7446,19.99938,20.0313
julia,vern7,performance,adaptive,julia,none,32,tol,1.0e-8,20,0.7566,0.7680950000000001,0.79865,0.8976900000000004,1.4314
julia,vern7,performance,adaptive,julia,none,32768,tol,1.0e-8,20,0.5758,0.580075,0.62825,0.721085,0.7645
julia,vern7,performance,adaptive,julia,none,512,tol,1.0e-8,20,0.7817,0.783125,0.81385,0.8644649999999999,0.8695
julia,vern7,performance,adaptive,julia,none,524288,tol,1.0e-8,20,5.0113,5.02422,5.1043,5.220375000000001,5.8469
julia,vern7,performance,adaptive,julia,none,8,tol,1.0e-8,20,0.7078,0.71673,0.7436,0.78634,0.8232
julia,vern7,performance,adaptive,julia,none,8192,tol,1.0e-8,20,0.3122,0.313625,0.3295,0.40792500000000004,0.4502
julia,vern7,performance,adaptive,julia,none,8388608,tol,1.0e-8,20,76.9155,77.675785,78.03295,79.538015,79.5934
julia,vern7,performance,fixed,fixed,both,128,dt,0.0009765625,20,0.8722,0.87429,0.91225,1.16357,1.2409
julia,vern7,performance,fixed,fixed,both,131072,dt,0.0009765625,20,3.5267,3.52727,3.72185,4.1782449999999995,4.2399
julia,vern7,performance,fixed,fixed,both,2048,dt,0.0009765625,20,0.8875,0.9253100000000001,0.9739,1.0487000000000002,1.1019
julia,vern7,performance,fixed,fixed,both,2097152,dt,0.0009765625,20,50.4347,50.993965,53.1117,97.79404,104.0914
julia,vern7,performance,fixed,fixed,both,32,dt,0.0009765625,20,0.8138,0.8254849999999999,0.8531500000000001,1.011725,1.0293
julia,vern7,performance,fixed,fixed,both,32768,dt,0.0009765625,20,1.0645,1.0830250000000001,1.1339000000000001,1.36403,1.3874
julia,vern7,performance,fixed,fixed,both,512,dt,0.0009765625,20,0.8462,0.85361,0.9056,1.2461700000000004,1.6313
julia,vern7,performance,fixed,fixed,both,524288,dt,0.0009765625,20,12.8701,12.903255,13.40685,14.493115,14.5884
julia,vern7,performance,fixed,fixed,both,8,dt,0.0009765625,20,0.5391,0.54043,0.57535,0.689595,0.7408
julia,vern7,performance,fixed,fixed,both,8192,dt,0.0009765625,20,0.4545,0.45715999999999996,0.48119999999999996,0.65567,0.657
julia,vern7,performance,fixed,fixed,both,8388608,dt,0.0009765625,10,206.6366,208.543475,219.1193,234.38012,237.6716
julia,vern7,performance,fixed,fixed,none,128,dt,0.0009765625,20,0.8076,0.8105450000000001,0.8362499999999999,0.88444,0.8928
julia,vern7,performance,fixed,fixed,none,131072,dt,0.0009765625,20,2.6187,2.63143,2.6755,2.825355,2.8321
julia,vern7,performance,fixed,fixed,none,2048,dt,0.0009765625,20,0.2852,0.29888,0.8602000000000001,0.9481750000000001,1.018
julia,vern7,performance,fixed,fixed,none,2097152,dt,0.0009765625,20,37.108,37.607985000000006,41.419,42.07059,42.2072
julia,vern7,performance,fixed,fixed,none,32,dt,0.0009765625,20,0.7641,0.764385,0.7997000000000001,0.83035,0.8598
julia,vern7,performance,fixed,fixed,none,32768,dt,0.0009765625,20,0.7885,0.789735,0.82975,0.9160350000000002,1.2169
julia,vern7,performance,fixed,fixed,none,512,dt,0.0009765625,20,0.8033,0.8053899999999999,0.8281000000000001,0.870005,0.91
julia,vern7,performance,fixed,fixed,none,524288,dt,0.0009765625,20,9.5115,9.525275,10.28555,10.88864,11.125
julia,vern7,performance,fixed,fixed,none,8,dt,0.0009765625,20,0.5122,0.52132,0.54945,0.6728850000000001,0.6821
julia,vern7,performance,fixed,fixed,none,8192,dt,0.0009765625,20,0.356,0.35676,0.37285,0.448345,0.4492
julia,vern7,performance,fixed,fixed,none,8388608,dt,0.0009765625,10,159.0774,161.58943499999998,165.668,165.885375,165.9513
julia,vern7,work_precision,adaptive,julia,both,131072,tol,0.0001,20,1.3532,1.3553849999999998,1.5639,1.981005,1.9849
julia,vern7,work_precision,adaptive,julia,both,131072,tol,0.001,20,1.1693,1.2347549999999998,1.705,14.255700000000058,90.5445
julia,vern7,work_precision,adaptive,julia,both,131072,tol,0.010000000000000002,20,1.0753,1.106365,1.25505,1.7046600000000025,4.9016
julia,vern7,work_precision,adaptive,julia,both,131072,tol,1.0000000000000001e-7,20,1.5183,1.56637,1.6463999999999999,1.762995,1.8294
julia,vern7,work_precision,adaptive,julia,both,131072,tol,1.0e-5,20,1.2145,1.243285,1.39085,1.831155,1.9652
julia,vern7,work_precision,adaptive,julia,both,131072,tol,1.0e-6,20,1.3315,1.339575,1.4234499999999999,6.9083900000000025,10.1078
julia,vern7,work_precision,adaptive,julia,both,131072,tol,1.0e-8,20,2.3629,2.36841,2.5317499999999997,3.321465000000005,10.4363
julia,vern7,work_precision,adaptive,julia,none,131072,tol,0.0001,20,0.3891,0.392045,0.40265,0.4617,0.4655
julia,vern7,work_precision,adaptive,julia,none,131072,tol,0.001,20,0.3404,0.34762,0.3671,0.48539,0.4966
julia,vern7,work_precision,adaptive,julia,none,131072,tol,0.010000000000000002,20,0.2729,0.27309,0.30525,0.36410500000000007,0.4288
julia,vern7,work_precision,adaptive,julia,none,131072,tol,1.0000000000000001e-7,20,0.6059,0.60704,0.6507000000000001,0.817185,0.9024
julia,vern7,work_precision,adaptive,julia,none,131072,tol,1.0e-5,20,0.3389,0.342415,0.35105,0.39072000000000007,0.4614
julia,vern7,work_precision,adaptive,julia,none,131072,tol,1.0e-6,20,0.4067,0.406795,0.44635,0.5005700000000001,0.6045
julia,vern7,work_precision,adaptive,julia,none,131072,tol,1.0e-8,20,1.4078,1.4130250000000002,1.47545,1.5842299999999998,1.5962
julia,vern7,work_precision,fixed,fixed,both,131072,dt,0.0001220703125,20,20.7219,20.80455,21.13725,21.678685,22.1591
julia,vern7,work_precision,fixed,fixed,both,131072,dt,0.000244140625,20,10.8402,10.913160000000001,11.133,11.563765000000002,12.04
julia,vern7,work_precision,fixed,fixed,both,131072,dt,0.00048828125,20,6.1044,6.115895,6.3759999999999994,10.224050000000048,76.0543
julia,vern7,work_precision,fixed,fixed,both,131072,dt,0.0009765625,20,3.5437,3.570965,3.67375,4.047665,4.9362
julia,vern7,work_precision,fixed,fixed,both,131072,dt,0.001953125,20,2.3396,2.349765,2.4421999999999997,2.6256150000000003,2.6601
julia,vern7,work_precision,fixed,fixed,both,131072,dt,0.00390625,20,1.7028,1.7090699999999999,1.78185,2.11329,2.2993
julia,vern7,work_precision,fixed,fixed,both,131072,dt,0.0078125,20,1.444,1.478675,1.6476,2.14417,2.174
julia,vern7,work_precision,fixed,fixed,both,131072,dt,0.015625,20,1.242,1.2466549999999998,1.43575,3.073760000000016,24.1022
julia,vern7,work_precision,fixed,fixed,both,131072,dt,0.03125,20,1.1234,1.130525,1.3302,1.795255,1.8267
julia,vern7,work_precision,fixed,fixed,both,131072,dt,0.0625,20,1.6004,1.61009,1.63595,1.7751350000000001,2.0019
julia,vern7,work_precision,fixed,fixed,none,131072,dt,0.0001220703125,20,19.8849,20.376904999999997,20.96035,21.358695,21.8089
julia,vern7,work_precision,fixed,fixed,none,131072,dt,0.000244140625,20,9.9596,10.04852,10.5678,10.740545000000001,10.8402
julia,vern7,work_precision,fixed,fixed,none,131072,dt,0.00048828125,20,5.0879,5.090845000000001,5.2371,5.32181,5.3828
julia,vern7,work_precision,fixed,fixed,none,131072,dt,0.0009765625,20,2.5821,2.61174,2.66965,2.7302150000000003,3.1599
julia,vern7,work_precision,fixed,fixed,none,131072,dt,0.001953125,20,1.3914,1.4040350000000001,1.46285,1.5382500000000001,1.6646
julia,vern7,work_precision,fixed,fixed,none,131072,dt,0.00390625,20,0.8021,0.80381,0.8428,0.89554,0.9514
julia,vern7,work_precision,fixed,fixed,none,131072,dt,0.0078125,20,0.533,0.54383,0.56795,0.63008,0.643
julia,vern7,work_precision,fixed,fixed,none,131072,dt,0.015625,20,0.4128,0.41318,0.47204999999999997,0.54862,0.5984
julia,vern7,work_precision,fixed,fixed,none,131072,dt,0.03125,20,0.3044,0.310195,0.3428,0.44335,0.5507
julia,vern7,work_precision,fixed,fixed,none,131072,dt,0.0625,20,0.3059,0.31008,0.3168,0.35217000000000004,0.4371
