analysis,problem,algorithm,mode,transfers,setting_kind,setting,n,states,repeat,ms
states,lorenz96,euler,fixed,both,none,nan,131072,4,0,217.692182
states,lorenz96,euler,fixed,both,none,nan,131072,4,1,223.011834
states,lorenz96,euler,fixed,both,none,nan,131072,4,2,214.846135
states,lorenz96,euler,fixed,both,none,nan,131072,4,3,228.906945
states,lorenz96,euler,fixed,both,none,nan,131072,4,4,215.442856
states,lorenz96,euler,fixed,both,none,nan,131072,4,5,213.160391
states,lorenz96,euler,fixed,both,none,nan,131072,4,6,212.812640
states,lorenz96,euler,fixed,both,none,nan,131072,4,7,213.451576
states,lorenz96,euler,fixed,both,none,nan,131072,4,8,213.422933
states,lorenz96,euler,fixed,both,none,nan,131072,4,9,212.750558
states,lorenz96,euler,fixed,both,none,nan,131072,4,10,212.877112
states,lorenz96,euler,fixed,both,none,nan,131072,4,11,212.019131
states,lorenz96,euler,fixed,both,none,nan,131072,4,12,212.860587
states,lorenz96,euler,fixed,both,none,nan,131072,4,13,211.414478
states,lorenz96,euler,fixed,both,none,nan,131072,4,14,212.664566
states,lorenz96,euler,fixed,both,none,nan,131072,4,15,211.587254
states,lorenz96,euler,fixed,both,none,nan,131072,4,16,212.111216
states,lorenz96,euler,fixed,both,none,nan,131072,4,17,214.854841
states,lorenz96,euler,fixed,both,none,nan,131072,4,18,212.066017
states,lorenz96,euler,fixed,both,none,nan,131072,4,19,212.377030
states,lorenz96,euler,fixed,both,none,nan,131072,4,20,212.930847
states,lorenz96,euler,fixed,none,none,nan,131072,4,0,209.715290
states,lorenz96,euler,fixed,none,none,nan,131072,4,1,211.028122
states,lorenz96,euler,fixed,none,none,nan,131072,4,2,210.182609
states,lorenz96,euler,fixed,none,none,nan,131072,4,3,211.191657
states,lorenz96,euler,fixed,none,none,nan,131072,4,4,205.372827
states,lorenz96,euler,fixed,none,none,nan,131072,4,5,215.489354
states,lorenz96,euler,fixed,none,none,nan,131072,4,6,206.329956
states,lorenz96,euler,fixed,none,none,nan,131072,4,7,205.956774
states,lorenz96,euler,fixed,none,none,nan,131072,4,8,205.439528
states,lorenz96,euler,fixed,none,none,nan,131072,4,9,205.790595
states,lorenz96,euler,fixed,none,none,nan,131072,4,10,215.391046
states,lorenz96,euler,fixed,none,none,nan,131072,4,11,205.898627
states,lorenz96,euler,fixed,none,none,nan,131072,4,12,205.585472
states,lorenz96,euler,fixed,none,none,nan,131072,4,13,205.570777
states,lorenz96,euler,fixed,none,none,nan,131072,4,14,205.934671
states,lorenz96,euler,fixed,none,none,nan,131072,4,15,217.004042
states,lorenz96,euler,fixed,none,none,nan,131072,4,16,206.643125
states,lorenz96,euler,fixed,none,none,nan,131072,4,17,206.363639
states,lorenz96,euler,fixed,none,none,nan,131072,4,18,206.290283
states,lorenz96,euler,fixed,none,none,nan,131072,4,19,215.944212
states,lorenz96,euler,fixed,none,none,nan,131072,4,20,206.714500
states,lorenz96,euler,fixed,both,none,nan,131072,8,0,379.543702
states,lorenz96,euler,fixed,both,none,nan,131072,8,1,382.678768
states,lorenz96,euler,fixed,both,none,nan,131072,8,2,378.300318
states,lorenz96,euler,fixed,both,none,nan,131072,8,3,381.503210
states,lorenz96,euler,fixed,both,none,nan,131072,8,4,379.337211
states,lorenz96,euler,fixed,both,none,nan,131072,8,5,377.191295
states,lorenz96,euler,fixed,both,none,nan,131072,8,6,382.095915
states,lorenz96,euler,fixed,both,none,nan,131072,8,7,378.683529
states,lorenz96,euler,fixed,both,none,nan,131072,8,8,377.288030
states,lorenz96,euler,fixed,both,none,nan,131072,8,9,382.445845
states,lorenz96,euler,fixed,both,none,nan,131072,8,10,378.722256
states,lorenz96,euler,fixed,both,none,nan,131072,8,11,381.391341
states,lorenz96,euler,fixed,both,none,nan,131072,8,12,378.576361
states,lorenz96,euler,fixed,both,none,nan,131072,8,13,378.733408
states,lorenz96,euler,fixed,both,none,nan,131072,8,14,380.949349
states,lorenz96,euler,fixed,both,none,nan,131072,8,15,378.938929
states,lorenz96,euler,fixed,both,none,nan,131072,8,16,378.694919
states,lorenz96,euler,fixed,both,none,nan,131072,8,17,380.915794
states,lorenz96,euler,fixed,both,none,nan,131072,8,18,378.457288
states,lorenz96,euler,fixed,both,none,nan,131072,8,19,380.590468
states,lorenz96,euler,fixed,both,none,nan,131072,8,20,379.836019
states,lorenz96,euler,fixed,none,none,nan,131072,8,0,375.593562
states,lorenz96,euler,fixed,none,none,nan,131072,8,1,379.399140
states,lorenz96,euler,fixed,none,none,nan,131072,8,2,377.002004
states,lorenz96,euler,fixed,none,none,nan,131072,8,3,375.529221
states,lorenz96,euler,fixed,none,none,nan,131072,8,4,379.873262
states,lorenz96,euler,fixed,none,none,nan,131072,8,5,375.596684
states,lorenz96,euler,fixed,none,none,nan,131072,8,6,376.711237
states,lorenz96,euler,fixed,none,none,nan,131072,8,7,378.840834
states,lorenz96,euler,fixed,none,none,nan,131072,8,8,377.131578
states,lorenz96,euler,fixed,none,none,nan,131072,8,9,378.988386
states,lorenz96,euler,fixed,none,none,nan,131072,8,10,376.627930
states,lorenz96,euler,fixed,none,none,nan,131072,8,11,375.674729
states,lorenz96,euler,fixed,none,none,nan,131072,8,12,380.044742
states,lorenz96,euler,fixed,none,none,nan,131072,8,13,375.642294
states,lorenz96,euler,fixed,none,none,nan,131072,8,14,376.741804
states,lorenz96,euler,fixed,none,none,nan,131072,8,15,378.956418
states,lorenz96,euler,fixed,none,none,nan,131072,8,16,376.638734
states,lorenz96,euler,fixed,none,none,nan,131072,8,17,377.464644
states,lorenz96,euler,fixed,none,none,nan,131072,8,18,379.079793
states,lorenz96,euler,fixed,none,none,nan,131072,8,19,375.689629
states,lorenz96,euler,fixed,none,none,nan,131072,8,20,379.707904
states,lorenz96,euler,fixed,both,none,nan,131072,16,0,678.557850
states,lorenz96,euler,fixed,both,none,nan,131072,16,1,679.830053
states,lorenz96,euler,fixed,both,none,nan,131072,16,2,676.134666
states,lorenz96,euler,fixed,both,none,nan,131072,16,3,678.516978
states,lorenz96,euler,fixed,both,none,nan,131072,16,4,678.787128
states,lorenz96,euler,fixed,both,none,nan,131072,16,5,675.302220
states,lorenz96,euler,fixed,both,none,nan,131072,16,6,678.364060
states,lorenz96,euler,fixed,both,none,nan,131072,16,7,678.907621
states,lorenz96,euler,fixed,both,none,nan,131072,16,8,675.034104
states,lorenz96,euler,fixed,both,none,nan,131072,16,9,678.654571
states,lorenz96,euler,fixed,both,none,nan,131072,16,10,678.837712
states,lorenz96,euler,fixed,both,none,nan,131072,16,11,678.315975
states,lorenz96,euler,fixed,both,none,nan,131072,16,12,678.793347
states,lorenz96,euler,fixed,both,none,nan,131072,16,13,679.362161
states,lorenz96,euler,fixed,both,none,nan,131072,16,14,676.316709
states,lorenz96,euler,fixed,both,none,nan,131072,16,15,678.328076
states,lorenz96,euler,fixed,both,none,nan,131072,16,16,677.153421
states,lorenz96,euler,fixed,both,none,nan,131072,16,17,676.757834
states,lorenz96,euler,fixed,both,none,nan,131072,16,18,678.601664
states,lorenz96,euler,fixed,both,none,nan,131072,16,19,677.072726
states,lorenz96,euler,fixed,both,none,nan,131072,16,20,676.854838
states,lorenz96,euler,fixed,none,none,nan,131072,16,0,673.293513
states,lorenz96,euler,fixed,none,none,nan,131072,16,1,670.434423
states,lorenz96,euler,fixed,none,none,nan,131072,16,2,673.678930
states,lorenz96,euler,fixed,none,none,nan,131072,16,3,675.339112
states,lorenz96,euler,fixed,none,none,nan,131072,16,4,671.234181
states,lorenz96,euler,fixed,none,none,nan,131072,16,5,672.649224
states,lorenz96,euler,fixed,none,none,nan,131072,16,6,672.559863
states,lorenz96,euler,fixed,none,none,nan,131072,16,7,670.514325
states,lorenz96,euler,fixed,none,none,nan,131072,16,8,672.655163
states,lorenz96,euler,fixed,none,none,nan,131072,16,9,671.890121
states,lorenz96,euler,fixed,none,none,nan,131072,16,10,671.540159
states,lorenz96,euler,fixed,none,none,nan,131072,16,11,672.257908
states,lorenz96,euler,fixed,none,none,nan,131072,16,12,672.658785
states,lorenz96,euler,fixed,none,none,nan,131072,16,13,670.468215
states,lorenz96,euler,fixed,none,none,nan,131072,16,14,672.607073
states,lorenz96,euler,fixed,none,none,nan,131072,16,15,672.203020
states,lorenz96,euler,fixed,none,none,nan,131072,16,16,670.973199
states,lorenz96,euler,fixed,none,none,nan,131072,16,17,672.305583
states,lorenz96,euler,fixed,none,none,nan,131072,16,18,672.772270
states,lorenz96,euler,fixed,none,none,nan,131072,16,19,670.512811
states,lorenz96,euler,fixed,none,none,nan,131072,16,20,672.889477
states,lorenz96,euler,fixed,both,none,nan,131072,32,0,1279.356355
states,lorenz96,euler,fixed,both,none,nan,131072,32,1,1281.589933
states,lorenz96,euler,fixed,both,none,nan,131072,32,2,1280.437290
states,lorenz96,euler,fixed,both,none,nan,131072,32,3,1280.553785
states,lorenz96,euler,fixed,both,none,nan,131072,32,4,1280.775356
states,lorenz96,euler,fixed,both,none,nan,131072,32,5,1281.172041
states,lorenz96,euler,fixed,both,none,nan,131072,32,6,1280.698985
states,lorenz96,euler,fixed,both,none,nan,131072,32,7,1280.439950
states,lorenz96,euler,fixed,both,none,nan,131072,32,8,1280.412969
states,lorenz96,euler,fixed,both,none,nan,131072,32,9,1283.078174
states,lorenz96,euler,fixed,both,none,nan,131072,32,10,1280.622462
states,lorenz96,euler,fixed,both,none,nan,131072,32,11,1280.457880
states,lorenz96,euler,fixed,both,none,nan,131072,32,12,1280.474723
states,lorenz96,euler,fixed,both,none,nan,131072,32,13,1280.527670
states,lorenz96,euler,fixed,both,none,nan,131072,32,14,1278.572144
states,lorenz96,euler,fixed,both,none,nan,131072,32,15,1281.324342
states,lorenz96,euler,fixed,both,none,nan,131072,32,16,1280.481348
states,lorenz96,euler,fixed,both,none,nan,131072,32,17,1280.365727
states,lorenz96,euler,fixed,both,none,nan,131072,32,18,1280.892748
states,lorenz96,euler,fixed,both,none,nan,131072,32,19,1282.324957
states,lorenz96,euler,fixed,both,none,nan,131072,32,20,1280.923574
states,lorenz96,euler,fixed,none,none,nan,131072,32,0,1267.100358
states,lorenz96,euler,fixed,none,none,nan,131072,32,1,1267.078134
states,lorenz96,euler,fixed,none,none,nan,131072,32,2,1267.147168
states,lorenz96,euler,fixed,none,none,nan,131072,32,3,1266.542838
states,lorenz96,euler,fixed,none,none,nan,131072,32,4,1266.690419
states,lorenz96,euler,fixed,none,none,nan,131072,32,5,1267.152531
states,lorenz96,euler,fixed,none,none,nan,131072,32,6,1268.654608
states,lorenz96,euler,fixed,none,none,nan,131072,32,7,1268.411567
states,lorenz96,euler,fixed,none,none,nan,131072,32,8,1270.131898
states,lorenz96,euler,fixed,none,none,nan,131072,32,9,1299.339333
states,lorenz96,euler,fixed,none,none,nan,131072,32,10,1268.641675
states,lorenz96,euler,fixed,none,none,nan,131072,32,11,1269.017288
states,lorenz96,euler,fixed,none,none,nan,131072,32,12,1268.794512
states,lorenz96,euler,fixed,none,none,nan,131072,32,13,1268.503549
states,lorenz96,euler,fixed,none,none,nan,131072,32,14,1269.527370
states,lorenz96,euler,fixed,none,none,nan,131072,32,15,1274.061503
states,lorenz96,euler,fixed,none,none,nan,131072,32,16,1269.121111
states,lorenz96,euler,fixed,none,none,nan,131072,32,17,1267.132545
states,lorenz96,euler,fixed,none,none,nan,131072,32,18,1266.871799
states,lorenz96,euler,fixed,none,none,nan,131072,32,19,1266.849713
states,lorenz96,euler,fixed,none,none,nan,131072,32,20,1266.870920
states,lorenz96,euler,fixed,both,none,nan,131072,64,0,2481.540670
states,lorenz96,euler,fixed,both,none,nan,131072,64,1,2484.353850
states,lorenz96,euler,fixed,both,none,nan,131072,64,2,2486.355216
states,lorenz96,euler,fixed,both,none,nan,131072,64,3,2484.346545
states,lorenz96,euler,fixed,both,none,nan,131072,64,4,2484.652692
states,lorenz96,euler,fixed,both,none,nan,131072,64,5,2484.416199
states,lorenz96,euler,fixed,both,none,nan,131072,64,6,2485.050979
states,lorenz96,euler,fixed,both,none,nan,131072,64,7,2483.317579
states,lorenz96,euler,fixed,both,none,nan,131072,64,8,2484.769059
states,lorenz96,euler,fixed,both,none,nan,131072,64,9,2483.815063
states,lorenz96,euler,fixed,both,none,nan,131072,64,10,2483.598913
states,lorenz96,euler,fixed,both,none,nan,131072,64,11,2486.529238
states,lorenz96,euler,fixed,both,none,nan,131072,64,12,2485.626768
states,lorenz96,euler,fixed,both,none,nan,131072,64,13,2485.248860
states,lorenz96,euler,fixed,both,none,nan,131072,64,14,2485.385624
states,lorenz96,euler,fixed,both,none,nan,131072,64,15,2485.289701
states,lorenz96,euler,fixed,both,none,nan,131072,64,16,2487.847583
states,lorenz96,euler,fixed,both,none,nan,131072,64,17,2486.483777
states,lorenz96,euler,fixed,both,none,nan,131072,64,18,2485.095971
states,lorenz96,euler,fixed,both,none,nan,131072,64,19,2485.350315
states,lorenz96,euler,fixed,both,none,nan,131072,64,20,2496.946039
states,lorenz96,euler,fixed,none,none,nan,131072,64,0,2453.633351
states,lorenz96,euler,fixed,none,none,nan,131072,64,1,2453.546995
states,lorenz96,euler,fixed,none,none,nan,131072,64,2,2453.587157
states,lorenz96,euler,fixed,none,none,nan,131072,64,3,2453.114388
states,lorenz96,euler,fixed,none,none,nan,131072,64,4,2453.469390
states,lorenz96,euler,fixed,none,none,nan,131072,64,5,2453.229465
states,lorenz96,euler,fixed,none,none,nan,131072,64,6,2453.228174
states,lorenz96,euler,fixed,none,none,nan,131072,64,7,2453.551392
states,lorenz96,euler,fixed,none,none,nan,131072,64,8,2454.111739
states,lorenz96,euler,fixed,none,none,nan,131072,64,9,2454.397693
states,lorenz96,euler,fixed,none,none,nan,131072,64,10,2454.652650
states,lorenz96,euler,fixed,none,none,nan,131072,64,11,2454.143722
states,lorenz96,euler,fixed,none,none,nan,131072,64,12,2454.609800
states,lorenz96,euler,fixed,none,none,nan,131072,64,13,2454.826983
states,lorenz96,euler,fixed,none,none,nan,131072,64,14,2454.215073
states,lorenz96,euler,fixed,none,none,nan,131072,64,15,2454.323395
states,lorenz96,euler,fixed,none,none,nan,131072,64,16,2454.408687
states,lorenz96,euler,fixed,none,none,nan,131072,64,17,2466.386094
states,lorenz96,euler,fixed,none,none,nan,131072,64,18,2455.254997
states,lorenz96,euler,fixed,none,none,nan,131072,64,19,2455.672123
states,lorenz96,euler,fixed,none,none,nan,131072,64,20,2456.074746
states,lorenz96,euler,fixed,both,none,nan,131072,128,0,4888.080515
states,lorenz96,euler,fixed,both,none,nan,131072,128,1,4901.120578
states,lorenz96,euler,fixed,both,none,nan,131072,128,2,4893.894932
states,lorenz96,euler,fixed,both,none,nan,131072,128,3,4893.365939
states,lorenz96,euler,fixed,both,none,nan,131072,128,4,4893.895054
states,lorenz96,euler,fixed,both,none,nan,131072,128,5,4893.703222
states,lorenz96,euler,fixed,both,none,nan,131072,128,6,4892.709780
states,lorenz96,euler,fixed,both,none,nan,131072,128,7,4891.032400
states,lorenz96,euler,fixed,both,none,nan,131072,128,8,4891.394558
states,lorenz96,euler,fixed,both,none,nan,131072,128,9,4890.825066
states,lorenz96,euler,fixed,both,none,nan,131072,128,10,4893.411667
states,lorenz96,euler,fixed,both,none,nan,131072,128,11,4892.374862
states,lorenz96,euler,fixed,both,none,nan,131072,128,12,4896.898176
states,lorenz96,euler,fixed,both,none,nan,131072,128,13,4891.196340
states,lorenz96,euler,fixed,both,none,nan,131072,128,14,4890.891878
states,lorenz96,euler,fixed,both,none,nan,131072,128,15,4892.060255
states,lorenz96,euler,fixed,both,none,nan,131072,128,16,4891.313858
states,lorenz96,euler,fixed,both,none,nan,131072,128,17,4891.655233
states,lorenz96,euler,fixed,both,none,nan,131072,128,18,4892.144102
states,lorenz96,euler,fixed,both,none,nan,131072,128,19,4891.940522
states,lorenz96,euler,fixed,both,none,nan,131072,128,20,4899.354768
states,lorenz96,euler,fixed,none,none,nan,131072,128,0,4839.066723
states,lorenz96,euler,fixed,none,none,nan,131072,128,1,4838.862586
states,lorenz96,euler,fixed,none,none,nan,131072,128,2,4839.802062
states,lorenz96,euler,fixed,none,none,nan,131072,128,3,4839.657385
states,lorenz96,euler,fixed,none,none,nan,131072,128,4,4842.179161
states,lorenz96,euler,fixed,none,none,nan,131072,128,5,4838.891641
states,lorenz96,euler,fixed,none,none,nan,131072,128,6,4843.220395
states,lorenz96,euler,fixed,none,none,nan,131072,128,7,4841.671941
states,lorenz96,euler,fixed,none,none,nan,131072,128,8,4842.969650
states,lorenz96,euler,fixed,none,none,nan,131072,128,9,4841.507670
states,lorenz96,euler,fixed,none,none,nan,131072,128,10,4851.302508
states,lorenz96,euler,fixed,none,none,nan,131072,128,11,4840.996445
states,lorenz96,euler,fixed,none,none,nan,131072,128,12,4840.631437
states,lorenz96,euler,fixed,none,none,nan,131072,128,13,4839.926616
states,lorenz96,euler,fixed,none,none,nan,131072,128,14,4841.055921
states,lorenz96,euler,fixed,none,none,nan,131072,128,15,4848.691273
states,lorenz96,euler,fixed,none,none,nan,131072,128,16,4844.161070
states,lorenz96,euler,fixed,none,none,nan,131072,128,17,4840.791658
states,lorenz96,euler,fixed,none,none,nan,131072,128,18,4840.731750
states,lorenz96,euler,fixed,none,none,nan,131072,128,19,4840.634236
states,lorenz96,euler,fixed,none,none,nan,131072,128,20,4848.706446
