timestamp, clocks.current.sm [MHz], clocks.current.memory [MHz], temperature.gpu, power.draw [W], utilization.gpu [%], clocks_event_reasons.active
2026/07/30 16:27:56.409, 300, 405, 40, 14.85, 0, 0x0000000000000001
2026/07/30 16:27:57.445, 1470, 6801, 43, 66.65, 0, 0x0000000000000000
2026/07/30 16:27:58.463, 1470, 6801, 43, 66.69, 84, 0x0000000000000000
2026/07/30 16:27:59.483, 1470, 6801, 44, 66.86, 93, 0x0000000000000000
2026/07/30 16:28:00.500, 1470, 6801, 44, 66.90, 93, 0x0000000000000000
2026/07/30 16:28:01.517, 1470, 6801, 44, 67.00, 93, 0x0000000000000000
2026/07/30 16:28:02.535, 1470, 6801, 44, 66.94, 93, 0x0000000000000000
2026/07/30 16:28:03.552, 1470, 6801, 45, 66.90, 93, 0x0000000000000000
2026/07/30 16:28:04.568, 1470, 6801, 45, 66.80, 93, 0x0000000000000000
2026/07/30 16:28:05.588, 1470, 6801, 45, 67.16, 93, 0x0000000000000000
2026/07/30 16:28:06.606, 1470, 6801, 45, 67.18, 93, 0x0000000000000000
2026/07/30 16:28:07.623, 1470, 6801, 45, 67.08, 93, 0x0000000000000000
2026/07/30 16:28:08.640, 1470, 6801, 46, 67.04, 93, 0x0000000000000000
2026/07/30 16:28:09.658, 1470, 6801, 46, 67.32, 93, 0x0000000000000000
2026/07/30 16:28:10.675, 1470, 6801, 46, 67.16, 93, 0x0000000000000000
2026/07/30 16:28:11.692, 1470, 6801, 46, 67.09, 93, 0x0000000000000000
2026/07/30 16:28:12.711, 1470, 6801, 46, 65.82, 93, 0x0000000000000000
2026/07/30 16:28:13.727, 1470, 6801, 46, 67.24, 93, 0x0000000000000000
2026/07/30 16:28:14.745, 1470, 6801, 46, 67.23, 93, 0x0000000000000000
2026/07/30 16:28:15.763, 1470, 6801, 47, 67.17, 93, 0x0000000000000000
2026/07/30 16:28:16.780, 1470, 6801, 47, 67.30, 93, 0x0000000000000000
2026/07/30 16:28:17.800, 1470, 6801, 47, 67.22, 93, 0x0000000000000000
2026/07/30 16:28:18.818, 1470, 6801, 47, 67.30, 93, 0x0000000000000000
2026/07/30 16:28:19.836, 1470, 6801, 47, 67.17, 93, 0x0000000000000000
2026/07/30 16:28:20.852, 1470, 6801, 47, 67.32, 93, 0x0000000000000000
2026/07/30 16:28:21.869, 1470, 6801, 47, 67.36, 93, 0x0000000000000000
2026/07/30 16:28:22.886, 1470, 6801, 47, 67.37, 93, 0x0000000000000000
2026/07/30 16:28:23.904, 1470, 6801, 47, 67.27, 93, 0x0000000000000000
2026/07/30 16:28:24.923, 1470, 6801, 48, 67.29, 93, 0x0000000000000000
2026/07/30 16:28:25.941, 1470, 6801, 48, 67.65, 93, 0x0000000000000000
2026/07/30 16:28:26.958, 1470, 6801, 48, 67.62, 93, 0x0000000000000000
2026/07/30 16:28:27.976, 1470, 6801, 48, 67.55, 93, 0x0000000000000000
2026/07/30 16:28:28.995, 1470, 6801, 48, 67.60, 93, 0x0000000000000000
2026/07/30 16:28:30.011, 1470, 6801, 48, 67.67, 93, 0x0000000000000000
2026/07/30 16:28:31.028, 1470, 6801, 48, 67.60, 93, 0x0000000000000000
2026/07/30 16:28:32.047, 1470, 6801, 48, 67.68, 93, 0x0000000000000000
2026/07/30 16:28:33.065, 1470, 6801, 49, 67.78, 93, 0x0000000000000000
2026/07/30 16:28:34.084, 1470, 6801, 49, 67.50, 93, 0x0000000000000000
2026/07/30 16:28:35.102, 1470, 6801, 49, 67.86, 93, 0x0000000000000000
2026/07/30 16:28:36.121, 1470, 6801, 49, 67.77, 93, 0x0000000000000000
2026/07/30 16:28:37.138, 1470, 6801, 49, 67.80, 93, 0x0000000000000000
2026/07/30 16:28:38.155, 1470, 6801, 49, 67.96, 93, 0x0000000000000000
2026/07/30 16:28:39.175, 1470, 6801, 49, 67.78, 93, 0x0000000000000000
2026/07/30 16:28:40.194, 1470, 6801, 49, 67.78, 93, 0x0000000000000000
2026/07/30 16:28:41.210, 1470, 6801, 49, 67.79, 93, 0x0000000000000000
2026/07/30 16:28:42.228, 1470, 6801, 49, 67.74, 93, 0x0000000000000000
2026/07/30 16:28:43.247, 1470, 6801, 49, 67.95, 93, 0x0000000000000000
2026/07/30 16:28:44.264, 1470, 6801, 50, 67.77, 93, 0x0000000000000000
2026/07/30 16:28:45.282, 1470, 6801, 50, 67.70, 93, 0x0000000000000000
2026/07/30 16:28:46.301, 1470, 6801, 50, 67.54, 93, 0x0000000000000000
2026/07/30 16:28:47.318, 1470, 6801, 50, 67.95, 93, 0x0000000000000000
2026/07/30 16:28:48.335, 1470, 6801, 50, 67.83, 93, 0x0000000000000000
2026/07/30 16:28:49.352, 1470, 6801, 50, 67.80, 93, 0x0000000000000000
2026/07/30 16:28:50.370, 1470, 6801, 50, 67.85, 93, 0x0000000000000000
2026/07/30 16:28:51.387, 1470, 6801, 50, 68.03, 93, 0x0000000000000000
2026/07/30 16:28:52.405, 1470, 6801, 50, 67.85, 93, 0x0000000000000000
2026/07/30 16:28:53.424, 1470, 6801, 50, 67.99, 93, 0x0000000000000000
2026/07/30 16:28:54.441, 1470, 6801, 50, 68.05, 93, 0x0000000000000000
2026/07/30 16:28:55.458, 1470, 6801, 51, 68.14, 93, 0x0000000000000000
2026/07/30 16:28:56.475, 1470, 6801, 51, 68.16, 93, 0x0000000000000000
2026/07/30 16:28:57.492, 1470, 6801, 51, 68.14, 93, 0x0000000000000000
2026/07/30 16:28:58.509, 1470, 6801, 51, 68.23, 93, 0x0000000000000000
2026/07/30 16:28:59.526, 1470, 6801, 51, 68.01, 93, 0x0000000000000000
2026/07/30 16:29:00.544, 1470, 6801, 51, 68.02, 93, 0x0000000000000000
2026/07/30 16:29:01.561, 1470, 6801, 51, 68.15, 93, 0x0000000000000000
2026/07/30 16:29:02.578, 1470, 6801, 51, 68.27, 93, 0x0000000000000000
2026/07/30 16:29:03.599, 1470, 6801, 51, 68.08, 93, 0x0000000000000000
2026/07/30 16:29:04.616, 1470, 6801, 51, 68.16, 93, 0x0000000000000000
2026/07/30 16:29:05.633, 1470, 6801, 51, 68.35, 93, 0x0000000000000000
2026/07/30 16:29:06.652, 1470, 6801, 51, 68.24, 93, 0x0000000000000000
2026/07/30 16:29:07.670, 1470, 6801, 52, 68.32, 93, 0x0000000000000000
2026/07/30 16:29:08.687, 1470, 6801, 52, 68.29, 93, 0x0000000000000000
2026/07/30 16:29:09.704, 1470, 6801, 52, 68.38, 93, 0x0000000000000000
2026/07/30 16:29:10.723, 1470, 6801, 52, 68.32, 93, 0x0000000000000000
2026/07/30 16:29:11.740, 1470, 6801, 52, 68.36, 93, 0x0000000000000000
2026/07/30 16:29:12.757, 1470, 6801, 52, 68.54, 93, 0x0000000000000000
2026/07/30 16:29:13.774, 1470, 6801, 52, 68.49, 93, 0x0000000000000000
2026/07/30 16:29:14.792, 1470, 6801, 52, 68.48, 93, 0x0000000000000000
2026/07/30 16:29:15.808, 1470, 6801, 52, 68.37, 93, 0x0000000000000000
2026/07/30 16:29:16.825, 1470, 6801, 52, 68.32, 93, 0x0000000000000000
2026/07/30 16:29:17.843, 1470, 6801, 52, 68.52, 93, 0x0000000000000000
2026/07/30 16:29:18.860, 1470, 6801, 52, 68.65, 93, 0x0000000000000000
2026/07/30 16:29:19.878, 1470, 6801, 52, 68.46, 93, 0x0000000000000000
2026/07/30 16:29:20.896, 1470, 6801, 52, 68.29, 93, 0x0000000000000000
2026/07/30 16:29:21.913, 1470, 6801, 53, 68.60, 93, 0x0000000000000000
2026/07/30 16:29:22.931, 1470, 6801, 53, 68.68, 93, 0x0000000000000000
2026/07/30 16:29:23.950, 1470, 6801, 53, 68.52, 93, 0x0000000000000000
2026/07/30 16:29:24.967, 1470, 6801, 53, 68.73, 93, 0x0000000000000000
2026/07/30 16:29:25.986, 1470, 6801, 53, 68.66, 93, 0x0000000000000000
2026/07/30 16:29:27.003, 1470, 6801, 53, 39.73, 75, 0x0000000000000000
2026/07/30 16:29:28.021, 1470, 6801, 51, 39.36, 0, 0x0000000000000000
