traj,x,y,z
0,3.25273068e-05,0,0
1,0.000976911513,0.000852836471,1.02578351e-05
2,0.00195012102,0.00173600065,2.15024629e-05
3,0.0029527361,0.00265018293,3.2730135e-05
4,0.00398520054,0.00359595101,4.5755125e-05
5,0.00504809106,0.00457399804,5.99298073e-05
6,0.00614194712,0.00558498688,7.53126878e-05
7,0.0072673317,0.00662960531,9.19648155e-05
8,0.00842630211,0.00770991994,0.000106311963
9,0.00961663667,0.00882406533,0.000125260092
10,0.0108402027,0.00997393951,0.000145679252
11,0.0120975887,0.0111602647,0.000167640275
12,0.0133893797,0.0123837655,0.000191216881
13,0.0147161791,0.0136451945,0.000216485496
14,0.016078582,0.0149452882,0.00024352521
15,0.0174772013,0.016284816,0.000272418489
16,0.0189126749,0.0176645555,0.000303250679
17,0.0203856137,0.0190852862,0.000336110184
18,0.0218966696,0.0205478128,0.000371088681
19,0.0234464668,0.0220529269,0.000408281427
20,0.0250356738,0.0236014612,0.000447786937
21,0.0266649555,0.0251942482,0.000489707629
22,0.0283349529,0.0268321112,0.000534148654
23,0.0300463662,0.0285159163,0.0005812202
24,0.0317998901,0.030246539,0.000631035888
25,0.033596199,0.0320248455,0.000683713006
26,0.0354359969,0.0338517278,0.000739373383
27,0.0373200029,0.0357280821,0.000798143097
28,0.0392489322,0.0376548357,0.000860152533
29,0.0412234962,0.0396328941,0.0009255365
30,0.0432444662,0.0416632295,0.000994434929
31,0.0453125611,0.0437467657,0.00106699206
32,0.0474285372,0.0458844714,0.00114335679
33,0.049593173,0.0480773374,0.00122368487
34,0.0518072359,0.0503263548,0.00130813546
35,0.0540714785,0.0526324958,0.00139687303
36,0.0563873984,0.0549974814,0.00148903008
37,0.0587544516,0.0574210212,0.00158683886
38,0.0611741282,0.05990481,0.00168946548
39,0.0636472255,0.0624499209,0.00179709867
40,0.0661745593,0.0650573596,0.00190993142
41,0.068757005,0.0677282885,0.00202816655
42,0.0713953972,0.070463784,0.00215201126
43,0.074090533,0.0732649192,0.00228167837
44,0.0768433362,0.0761328489,0.00241739023
45,0.0796546713,0.0790687427,0.00255937711
46,0.082525447,0.0820737258,0.00270787301
47,0.0854565054,0.0851489678,0.00286312145
48,0.0884487703,0.088295646,0.00302537321
49,0.0915031955,0.0915149972,0.00319489022
50,0.0946206525,0.0948081911,0.0033719365
51,0.0978021771,0.0981765538,0.00355679309
52,0.101048581,0.101621203,0.00374973798
53,0.104360931,0.105143487,0.00395107083
54,0.107740089,0.108744614,0.00416108873
55,0.111187123,0.112425931,0.00438010739
56,0.114702947,0.116188698,0.0046084458
57,0.118288599,0.120034255,0.00484643877
58,0.121945113,0.123963967,0.00509442575
59,0.125673473,0.127979144,0.0053527602
60,0.129474714,0.132081211,0.00562180579
61,0.133349866,0.136271477,0.00590193318
62,0.137300029,0.140551418,0.00619353168
63,0.1413261,0.144922301,0.00649699057
64,0.145429373,0.14938575,0.00681272708
65,0.149610847,0.153943166,0.00714116124
66,0.153871596,0.158595935,0.007482721
67,0.158212692,0.163345531,0.00783785526
68,0.162635267,0.168193489,0.00820702128
69,0.167140484,0.173141375,0.00859069452
70,0.171729505,0.178190678,0.00898936391
71,0.176403418,0.183342919,0.00940352492
72,0.1811634,0.188599676,0.00983369909
73,0.186010674,0.193962559,0.0102804117
74,0.190946355,0.199433118,0.0107442103
75,0.195971593,0.205012947,0.0112256482
76,0.201087713,0.210703731,0.0117253158
77,0.206295878,0.216507107,0.0122438008
78,0.211597204,0.222424567,0.0127816992
79,0.216993153,0.228458077,0.0133396666
80,0.222484812,0.234609187,0.0139183328
81,0.228073433,0.240879536,0.0145183541
82,0.233760327,0.247270897,0.015140417
83,0.239546925,0.253785193,0.0157852415
84,0.245434269,0.260423899,0.0164535232
85,0.251423895,0.267189085,0.0171460193
86,0.257516801,0.274082184,0.0178634673
87,0.263714612,0.28110528,0.0186066683
88,0.270018488,0.288260013,0.0193764027
89,0.276430041,0.295548528,0.0201735422
90,0.282950372,0.302972347,0.0209988821
91,0.289580733,0.310533375,0.0218533017
92,0.296322852,0.318233758,0.0227377117
93,0.303177863,0.326075166,0.0236530192
94,0.310147464,0.334059745,0.0246001724
95,0.317232788,0.342189193,0.0255801324
96,0.324435294,0.350465536,0.0265938714
97,0.331756443,0.358890653,0.027642414
98,0.339197755,0.367466778,0.0287268423
99,0.34676072,0.376195699,0.0298481695
100,0.35444665,0.385079473,0.0310075339
101,0.362257123,0.394120216,0.0322060585
102,0.370193511,0.403319746,0.0334448777
103,0.378257364,0.412680209,0.0347251706
104,0.386451811,0.422205448,0.0360503867
105,0.394775361,0.431894243,0.0374174118
106,0.403230846,0.441750169,0.0388296396
107,0.411819994,0.451775461,0.040288426
108,0.420544177,0.461972147,0.0417950973
109,0.429405183,0.472342551,0.0433510393
110,0.438404322,0.48288855,0.0449576527
111,0.447543234,0.493612379,0.0466163754
112,0.456823736,0.504516482,0.0483287089
113,0.466247022,0.515602529,0.050096143
114,0.475814909,0.526872993,0.0519202463
115,0.485529095,0.538330257,0.0538026318
116,0.495391101,0.54997623,0.0557449274
117,0.505402565,0.561813235,0.0577487797
118,0.515564859,0.5738433,0.0598158836
119,0.525880098,0.586069226,0.0619480535
120,0.536349475,0.598492444,0.0641469806
121,0.546974897,0.611115813,0.0664146096
122,0.557757974,0.623941302,0.0687527433
123,0.568700194,0.636971354,0.0711633116
124,0.579803646,0.650208056,0.0736483186
125,0.59106952,0.663653851,0.0762097538
126,0.602499664,0.677310586,0.0788496211
127,0.614096045,0.691181302,0.0815701485
128,0.625860095,0.705267727,0.0843733922
129,0.637793601,0.719572186,0.0872615948
130,0.649897635,0.734096706,0.0902368501
131,0.662174821,0.748844206,0.0933017433
132,0.67462647,0.763816416,0.0964583904
133,0.687254369,0.779016018,0.0997093543
134,0.70006001,0.794444859,0.103056967
135,0.713045418,0.81010586,0.106503852
136,0.726211846,0.826000333,0.110052407
137,0.739561379,0.842131317,0.113705449
138,0.753095627,0.85850054,0.117465489
139,0.76681608,0.875110388,0.121335313
140,0.7807253,0.891964018,0.125317931
141,0.794823766,0.909062088,0.129415795
142,0.809113681,0.926407516,0.133632004
143,0.823597193,0.944002926,0.137969628
144,0.838275015,0.961849153,0.142431363
145,0.853150249,0.979950368,0.147020862
146,0.86822319,0.99830687,0.15174076
147,0.883496165,1.01692176,0.15659447
148,0.898970842,1.03579712,0.161585331
149,0.914648771,1.0549345,0.166716546
150,0.930531859,1.07433653,0.171991736
151,0.946621478,1.09400523,0.177414253
152,0.96290803,1.11392093,0.183005914
153,0.979414999,1.1341269,0.18873477
154,0.996133566,1.15460527,0.194621906
155,1.0130651,1.17535746,0.200671002
156,1.03019369,1.19636345,0.206895992
157,1.04755461,1.21766818,0.213280901
158,1.06513381,1.23925281,0.219839722
159,1.08293176,1.26111841,0.226576149
160,1.10095084,1.28326714,0.233494341
161,1.11919224,1.30570102,0.240598708
162,1.1376363,1.32839561,0.247896835
163,1.15632534,1.35140204,0.255386084
164,1.17524052,1.37469745,0.26307404
165,1.1943841,1.39828384,0.270965517
166,1.21375775,1.42216325,0.279065341
167,1.23336089,1.44633484,0.287377268
168,1.25319719,1.47080207,0.295906901
169,1.27324367,1.49553812,0.304656923
170,1.29354382,1.52059007,0.313640237
171,1.31408215,1.54594636,0.322850496
172,1.33485818,1.57160246,0.332297921
173,1.35587239,1.59755874,0.341987252
174,1.37712526,1.62381494,0.351923436
175,1.39861965,1.65037405,0.362112254
176,1.42032361,1.67719662,0.372554243
177,1.4423008,1.70435917,0.383263409
178,1.46452141,1.73182476,0.394240856
179,1.48698699,1.75959444,0.405492514
180,1.5096637,1.78762901,0.417009383
181,1.5326196,1.81600559,0.428825051
182,1.55582225,1.84468627,0.440931469
183,1.57926631,1.87366319,0.453335226
184,1.60296535,1.90295219,0.466041237
185,1.62691379,1.93254554,0.47905618
186,1.65111184,1.96244228,0.492385536
187,1.67556,1.99264169,0.506035626
188,1.70025957,2.02314448,0.520012915
189,1.72521079,2.05394912,0.534323752
190,1.75041294,2.0850544,0.54897356
191,1.77586699,2.11645961,0.563969254
192,1.80157387,2.14816403,0.57931757
193,1.82752478,2.18015599,0.59502238
194,1.85373545,2.21245313,0.611094296
195,1.88019848,2.24504423,0.627537787
196,1.90691423,2.27792883,0.644360304
197,1.93388212,2.31110382,0.661567926
198,1.96110177,2.34456754,0.679166913
199,1.98857331,2.37831736,0.697165191
200,2.01629519,2.41235065,0.715568423
201,2.04426956,2.44666696,0.734384954
202,2.07249236,2.48126006,0.753619492
203,2.10096526,2.51612949,0.773280978
204,2.12967777,2.55125999,0.793370605
205,2.15864754,2.58667088,0.81390506
206,2.18786216,2.62234497,0.834885418
207,2.21732354,2.65828156,0.856320262
208,2.2470336,2.69447994,0.878220916
209,2.27698278,2.73092747,0.900584519
210,2.30717468,2.76762438,0.923424125
211,2.33760691,2.80456567,0.946745753
212,2.36827731,2.84174609,0.97055608
213,2.39918447,2.87916017,0.994862318
214,2.43031597,2.91679096,1.01966345
215,2.46169019,2.9546566,1.04498184
216,2.49329591,2.99274039,1.07081687
217,2.52513075,3.03103566,1.09717584
218,2.55719066,3.06953502,1.12406421
219,2.5894742,3.10823298,1.15148973
220,2.62197971,3.14712358,1.17946017
221,2.65470266,3.18619823,1.20798016
222,2.68764067,3.22545052,1.23705649
223,2.72079039,3.26487184,1.26669621
224,2.75414848,3.30445457,1.29690552
225,2.78771353,3.34419274,1.32769179
226,2.82147884,3.38407493,1.35905862
227,2.85544372,3.42409563,1.39101481
228,2.88960147,3.46424246,1.42356324
229,2.92395067,3.50450945,1.45671284
230,2.95848465,3.54488468,1.49046707
231,2.99320126,3.58536005,1.52483201
232,3.02809572,3.62592626,1.55981398
233,3.06316137,3.66657066,1.59541535
234,3.09839416,3.70728302,1.63164258
235,3.1337893,3.74805307,1.66850042
236,3.16934252,3.78887129,1.70599377
237,3.20504832,3.82972574,1.74412692
238,3.24090004,3.8706038,1.78290391
239,3.27689099,3.91149259,1.82232618
240,3.3130188,3.95238304,1.86240029
241,3.3492763,3.99326324,1.90313017
242,3.38565516,4.03411722,1.94451702
243,3.42215037,4.07493353,1.98656225
244,3.45875478,4.11569881,2.02926993
245,3.49546385,4.15640306,2.07264471
246,3.53226876,4.19702864,2.11668491
247,3.56916213,4.23756361,2.16139317
248,3.60613847,4.27799463,2.20677185
249,3.64318895,4.31830645,2.25282001
250,3.68030643,4.35848522,2.29954004
251,3.71748114,4.39851522,2.3469286
252,3.7547121,4.43838882,2.39499378
253,3.79198074,4.47807455,2.44372034
254,3.82927155,4.51756907,2.49309874
255,3.86659718,4.55684996,2.54315495
256,3.90394974,4.59592247,2.59389043
257,3.94131279,4.634758,2.64529133
258,3.97867393,4.67333794,2.69734931
259,4.01602983,4.71165085,2.7500701
260,4.05336714,4.74967909,2.80344343
261,4.09068012,4.78740978,2.85747075
262,4.12795734,4.8248229,2.91214395
263,4.16520071,4.86192608,2.96745467
264,4.20237923,4.89866209,3.02340746
265,4.23949528,4.93503857,3.07999396
266,4.27653694,4.97103357,3.13720465
267,4.31349611,5.0066371,3.19503617
268,4.35036135,5.04182863,3.25347614
269,4.38712597,5.07659674,3.31252599
270,4.4237771,5.11092424,3.37217212
271,4.46030426,5.14479399,3.43240309
272,4.49669838,5.17819214,3.49321651
273,4.53294897,5.21110439,3.55460191
274,4.5690465,5.24351358,3.61654663
275,4.60498047,5.27540588,3.67904401
276,4.64073896,5.30676556,3.74207926
277,4.67631388,5.33757973,3.8056438
278,4.71169329,5.36783361,3.86972666
279,4.74686766,5.39751148,3.93431616
280,4.78182697,5.42660141,3.99939775
281,4.81655979,5.45508862,4.06496
282,4.85105658,5.48296022,4.13099051
283,4.88530731,5.51020288,4.19747496
284,4.91930151,5.53680372,4.26440001
285,4.95304012,5.56276703,4.33175039
286,4.9864912,5.58804893,4.39951134
287,5.01965332,5.61265182,4.46766615
288,5.05251932,5.63656664,4.53620195
289,5.08507919,5.65978146,4.60510635
290,5.11732054,5.68228388,4.67435598
291,5.1492362,5.70406628,4.74393749
292,5.18081474,5.72511768,4.81383419
293,5.21204662,5.74542713,4.88402891
294,5.24292421,5.7649889,4.9545064
295,5.2734375,5.78379297,5.02524614
296,5.30357552,5.80183029,5.09623289
297,5.33333397,5.81909561,5.16745043
298,5.36269712,5.83557892,5.23887253
299,5.39166307,5.85127687,5.31049109
300,5.42021894,5.86617994,5.38228226
301,5.44835854,5.88028431,5.4542284
302,5.4760685,5.89358425,5.52630091
303,5.50335264,5.90607834,5.59850645
304,5.53019094,5.91775751,5.6708045
305,5.55658245,5.92862177,5.7431798
306,5.58251667,5.93866539,5.81561661
307,5.60798788,5.94788742,5.88809299
308,5.63299036,5.95628548,5.96059275
309,5.65751362,5.96385813,6.0330925
310,5.68155432,5.97060585,6.10557652
311,5.70510674,5.97652483,6.17802763
312,5.72816181,5.98161697,6.250422
313,5.75071573,5.98588228,6.32274342
314,5.7727623,5.98932219,6.39497137
315,5.79429626,5.99194002,6.46708727
316,5.81531286,5.99373388,6.53907442
317,5.83580732,5.99470997,6.61091328
318,5.85578299,5.9948802,6.6825881
319,5.87521935,5.99422693,6.75407457
320,5.89412117,5.9927659,6.82535887
321,5.91248322,5.99049759,6.89642525
322,5.93030214,5.98743248,6.96724701
323,5.94757462,5.98357248,7.03781462
324,5.96429825,5.97892332,7.108109
325,5.98047113,5.97349405,7.17811155
326,5.99608803,5.96728754,7.24780893
327,6.01114845,5.96031237,7.31718206
328,6.02565145,5.95257759,7.38621759
329,6.0395937,5.94408798,7.45489883
330,6.05297279,5.93485451,7.5232048
331,6.06578922,5.92488289,7.5911274
332,6.07803631,5.91417837,7.65862942
333,6.08972502,5.90276289,7.72574043
334,6.1008482,5.89063931,7.79241991
335,6.11140585,5.87781525,7.85865641
336,6.1213975,5.86430264,7.92443609
337,6.13082266,5.85011101,7.98974609
338,6.13968468,5.83525324,8.05457306
339,6.14798403,5.81973791,8.11890697
340,6.15571356,5.80357313,8.18271065
341,6.16288328,5.78677511,8.24601173
342,6.16949368,5.76936007,8.30877876
343,6.17554712,5.75133181,8.37101078
344,6.18104029,5.73270321,8.43268871
345,6.18597984,5.71349049,8.49380493
346,6.19036531,5.69370127,8.55435181
347,6.19420242,5.67335415,8.61431408
348,6.1974926,5.65245914,8.6736927
349,6.20023727,5.63102627,8.73247147
350,6.20243979,5.60907125,8.79064369
351,6.20410395,5.58660269,8.8482275
352,6.20523357,5.5636425,8.90516472
353,6.20583057,5.54019594,8.96147633
354,6.20590258,5.5162797,9.01715755
355,6.2054491,5.49190664,9.07219505
356,6.20447636,5.46709013,9.12658882
357,6.2029891,5.44184446,9.18032932
358,6.20099211,5.41618109,9.2334156
359,6.1984868,5.39011288,9.28584099
360,6.19548082,5.36365557,9.33760166
361,6.19198036,5.33682251,9.38869476
362,6.18798685,5.30962753,9.43911171
363,6.18350697,5.28207827,9.48885918
364,6.17854595,5.25419235,9.53792572
365,6.17310953,5.22598648,9.58631134
366,6.16720295,5.1974678,9.63401699
367,6.16083145,5.16865158,9.6810379
368,6.15400028,5.13954973,9.72737503
369,6.14671707,5.11017704,9.77302361
370,6.13898706,5.08054781,9.81798744
371,6.13082409,5.05068159,9.86226559
372,6.12221718,5.02057076,9.90585613
373,6.11317825,4.99023533,9.94875717
374,6.10371923,4.95969582,9.99096966
375,6.09384203,4.92895699,10.0324984
376,6.08355474,4.8980341,10.0733423
377,6.07286263,4.86693859,10.1135025
378,6.06177139,4.83568096,10.152976
379,6.05029154,4.80427647,10.1917734
380,6.03842497,4.7727294,10.2298937
381,6.02617931,4.74105787,10.2673359
382,6.01356316,4.70927334,10.3041029
383,6.00058031,4.67738008,10.3402004
384,5.98724079,4.64539576,10.3756323
385,5.97354698,4.61332703,10.4103966
386,5.95950937,4.58118534,10.4445009
387,5.94513273,4.54897976,10.4779491
388,5.93042183,4.51672173,10.5107441
389,5.91538668,4.48441219,10.5429029
390,5.90003443,4.4520793,10.5744019
391,5.88436747,4.41972113,10.6052599
392,5.86839533,4.38734865,10.635479
393,5.85212517,4.35497189,10.6650658
394,5.83556271,4.32259846,10.6940279
395,5.81871414,4.29023647,10.7223644
396,5.80158615,4.2578969,10.7500849
397,5.78418636,4.22558212,10.7771931
398,5.76651955,4.19330692,10.8036938
399,5.74859524,4.16107941,10.8295898
400,5.73041773,4.12890244,10.8548946
401,5.71199179,4.09678364,10.8796072
402,5.69333076,4.06474066,10.9037333
403,5.67443085,4.03276443,10.9272823
404,5.65530252,4.0008707,10.9502516
405,5.63595867,3.96907139,10.9726543
406,5.616395,3.93735504,10.9945087
407,5.59662771,3.90575409,11.0157948
408,5.57665396,3.87425184,11.0365362
409,5.55648422,3.84286284,11.0567322
410,5.53612804,3.81159902,11.0763941
411,5.51558781,3.7804594,11.0955267
412,5.49486256,3.74944258,11.1141291
413,5.47396946,3.71856761,11.1322184
414,5.45290947,3.68783236,11.1497946
415,5.43168688,3.65723896,11.1668673
416,5.41030979,3.62679505,11.183444
417,5.38878345,3.59650874,11.1995239
418,5.36711359,3.56637955,11.2151213
419,5.3453064,3.53641653,11.230237
420,5.32336426,3.50661826,11.2448816
421,5.30129671,3.47699261,11.259059
422,5.27910614,3.44754148,11.2727785
423,5.25680161,3.41827154,11.2860451
424,5.23437977,3.38917756,11.2988615
425,5.21185446,3.36026978,11.3112402
426,5.18922901,3.33155441,11.3231869
427,5.16650057,3.30302143,11.3347025
428,5.1436882,3.2746892,11.3458014
429,5.12078476,3.24655032,11.3564835
430,5.09780312,3.21861172,11.3667603
431,5.07473898,3.19086933,11.3766356
432,5.05160379,3.16333294,11.3861113
433,5.02839899,3.13600206,11.3951998
434,5.00513363,3.10887718,11.4039097
435,4.98180389,3.08195996,11.4122362
436,4.95842457,3.05525732,11.4201994
437,4.93499088,3.0287621,11.4277964
438,4.91152239,3.0025034,11.4350271
439,4.88799858,2.97643566,11.4419127
440,4.86443853,2.95058584,11.4484549
441,4.84084463,2.92495346,11.4546576
442,4.81721687,2.89953756,11.4605236
443,4.7935605,2.8743391,11.4660625
444,4.76988554,2.849365,11.4712801
445,4.74618721,2.82460594,11.476182
446,4.72247887,2.80007458,11.480773
447,4.69870853,2.77572298,11.4850254
448,4.67497396,2.75162983,11.489007
449,4.6512332,2.72775793,11.4926996
450,4.62749434,2.70411253,11.4961052
451,4.60374928,2.68068099,11.4992228
452,4.58001041,2.65747738,11.5020638
453,4.55628395,2.63449812,11.5046368
454,4.53256702,2.61173606,11.5069447
455,4.5088625,2.58920097,11.5089865
456,4.48517179,2.56688309,11.5107718
457,4.46150064,2.54478717,11.5123062
458,4.43785381,2.52291441,11.5135965
459,4.41423035,2.50126028,11.5146446
460,4.39063454,2.4798255,11.5154552
461,4.36705542,2.45859337,11.5160389
462,4.34352303,2.43759751,11.5163937
463,4.32002163,2.41681361,11.5165253
464,4.29655981,2.39625072,11.5164433
465,4.27313328,2.37590075,11.51614
466,4.24975586,2.35576987,11.5156393
467,4.22641563,2.33584881,11.5149279
468,4.203125,2.31614447,11.5140181
469,4.17988396,2.29665208,11.5129147
470,4.15668583,2.27736139,11.5116224
471,4.13355064,2.25829172,11.5101461
472,4.11046314,2.23942614,11.508481
473,4.08743477,2.22077036,11.5066423
474,4.06446362,2.20231795,11.5046301
475,4.04156494,2.18407702,11.5024624
476,4.01871777,2.16603565,11.5001163
477,3.99593115,2.14819574,11.4976034
478,3.97321081,2.13055491,11.494936
479,3.95055532,2.11311364,11.4921093
480,3.92797136,2.09587359,11.4891376
481,3.90545487,2.07882833,11.4860153
482,3.88300967,2.06197882,11.4827518
483,3.86063981,2.04532266,11.4793501
484,3.83833838,2.0288558,11.4758072
485,3.81611443,2.01258397,11.4721279
486,3.79396677,1.99649727,11.4683275
487,3.77190018,1.98060226,11.4643965
488,3.74990773,1.96488845,11.4603424
489,3.72799611,1.94936204,11.4561653
490,3.70616746,1.9340173,11.4518785
491,3.68441772,1.91885149,11.4474716
492,3.66275454,1.90386748,11.442955
493,3.64117527,1.88906085,11.4383326
494,3.6196754,1.87442696,11.4336014
495,3.59826875,1.85997164,11.4287729
496,3.57694292,1.84568429,11.4238424
497,3.55570745,1.83157098,11.4188156
498,3.53455687,1.81762362,11.4136925
499,3.51349854,1.80384672,11.4084787
500,3.49252963,1.79023314,11.4031801
501,3.47165251,1.77678609,11.3977947
502,3.45086288,1.7634995,11.3923206
503,3.43016458,1.75037241,11.3867683
504,3.40956116,1.73740709,11.3811359
505,3.38905048,1.72459626,11.375432
506,3.36863136,1.7119416,11.3696489
507,3.34830761,1.69944108,11.3637972
508,3.32807851,1.68709314,11.3578749
509,3.30794454,1.67489386,11.3518887
510,3.28791046,1.66285408,11.3458319
511,3.26796937,1.65095282,11.339716
512,3.24811792,1.63919222,11.3335371
513,3.22836924,1.62758029,11.3273039
514,3.20871258,1.61610651,11.3210096
515,3.18914986,1.60477102,11.3146553
516,3.1696527,1.5935626,11.3082056
517,3.15028715,1.5825032,11.301753
518,3.1310153,1.57157695,11.2952452
519,3.11184502,1.56078696,11.2886963
520,3.09276986,1.55012727,11.282094
521,3.07379293,1.53959513,11.2754545
522,3.05491424,1.52919352,11.2687712
523,3.03613091,1.51891446,11.2620449
524,3.01744771,1.50876343,11.2552805
525,2.99885988,1.498734,11.2484789
526,2.9803741,1.48882878,11.2416391
527,2.96198797,1.47904396,11.2347717
528,2.94369197,1.46937346,11.2278614
529,2.92549849,1.45982063,11.2209263
530,2.90739822,1.45037758,11.2139416
531,2.88940001,1.44105625,11.2069492
532,2.87150025,1.43184626,11.1999359
533,2.85369945,1.42275035,11.1928911
534,2.83599663,1.41376197,11.1858234
535,2.81838799,1.40487778,11.1787291
536,2.80087161,1.39609098,11.1715927
537,2.78345633,1.38741708,11.1644478
538,2.7661376,1.37884414,11.1572866
539,2.74891639,1.37037289,11.1501055
540,2.73178959,1.36200154,11.1429043
541,2.71475887,1.35372794,11.1356878
542,2.69782686,1.34555173,11.1284618
543,2.68098497,1.33746755,11.1212149
544,2.66424108,1.32948041,11.1139545
545,2.64759111,1.32158303,11.1066856
546,2.63103747,1.31377971,11.0994015
547,2.61457467,1.30606461,11.0921059
548,2.59820795,1.29843688,11.0848017
549,2.58193469,1.29089665,11.0774918
550,2.56575584,1.28344214,11.0701742
551,2.54966807,1.27607203,11.0628443
552,2.53367138,1.26877999,11.0555153
553,2.51777053,1.26157582,11.0481758
554,2.50195885,1.25444722,11.0408382
555,2.48623705,1.24739683,11.0334911
556,2.47061014,1.24042714,11.026145
557,2.45506763,1.23352814,11.0187922
558,2.43961859,1.22670734,11.0114393
559,2.42425966,1.21995974,11.0040884
560,2.40898609,1.21328151,10.9967356
561,2.39381766,1.20669043,10.9893885
562,2.37872362,1.20015419,10.9820423
563,2.36371613,1.1936847,10.9746952
564,2.34879732,1.1872853,10.967351
565,2.3339622,1.1809485,10.9600086
566,2.31921697,1.17467892,10.952673
567,2.30455303,1.16846883,10.9453421
568,2.28998208,1.16232872,10.9380169
569,2.27549052,1.15624452,10.9306946
570,2.26108122,1.15021956,10.9233799
571,2.24675751,1.1442529,10.9160748
572,2.23251486,1.13834417,10.9087715
573,2.2183547,1.1324904,10.9014807
574,2.20427823,1.12669182,10.8942003
575,2.19029832,1.1209681,10.8869247
576,2.17638111,1.11527336,10.8796663
577,2.16254663,1.10963655,10.8724051
578,2.14877272,1.10402906,10.8651581
579,2.13509607,1.09848988,10.8579245
580,2.12149334,1.09299612,10.8506975
581,2.10797143,1.08755183,10.8434849
582,2.09452391,1.08214986,10.8362856
583,2.08115816,1.07679892,10.8291006
584,2.06786633,1.07149112,10.8219233
585,2.05465198,1.06622863,10.8147612
586,2.04151011,1.06100166,10.807621
587,2.02844357,1.05582201,10.8004837
588,2.01544976,1.05067825,10.7933683
589,2.00253177,1.04557979,10.7862606
590,1.98968601,1.04051685,10.7791739
591,1.9769125,1.03549147,10.7721004
592,1.96420908,1.03049898,10.765048
593,1.95157623,1.02554476,10.7580051
594,1.93900251,1.02061284,10.7509775
595,1.92650664,1.01572359,10.7439671
596,1.91408169,1.01086664,10.7369795
597,1.90172172,1.00604033,10.7300014
598,1.88943422,1.0012486,10.7230453
599,1.87721086,0.996483207,10.7161074
600,1.86505151,0.991744936,10.7091846
601,1.85296357,0.987040997,10.7022791
602,1.84093881,0.982365191,10.6953878
603,1.82897723,0.977710009,10.6885223
604,1.81708074,0.973080099,10.6816788
605,1.80524421,0.968472362,10.6748505
606,1.79347312,0.963891625,10.6680431
607,1.78176498,0.959333003,10.6612577
608,1.77011681,0.954794109,10.6544943
609,1.75852942,0.950278044,10.6477451
610,1.74700224,0.945782781,10.641016
611,1.73553181,0.941304088,10.6343079
612,1.72413933,0.936869204,10.6276445
613,1.71279001,0.932430625,10.6209812
614,1.70149541,0.928004324,10.6143389
615,1.69026089,0.923597217,10.6077185
616,1.67908192,0.919206321,10.6011171
617,1.66796112,0.914831161,10.5945415
618,1.65689123,0.910464883,10.587986
619,1.64587855,0.90611589,10.5814514
620,1.63492012,0.901777983,10.5749416
621,1.62401545,0.89745307,10.5684528
622,1.6131655,0.893139958,10.5619888
623,1.60236561,0.888836026,10.5555439
624,1.5916158,0.884539962,10.5491228
625,1.5809176,0.880251646,10.5427275
626,1.57027197,0.875975132,10.536355
627,1.559677,0.871707797,10.5299997
628,1.54912984,0.867443085,10.5236778
629,1.5386343,0.863188326,10.5173769
630,1.52818155,0.858933508,10.5110979
631,1.51778126,0.854689896,10.5048418
632,1.50740373,0.850423098,10.498601
633,1.49709535,0.846186697,10.4923878
634,1.48683274,0.841948628,10.4862108
635,1.4766109,0.837711453,10.4800472
636,1.46644282,0.833483398,10.473918
637,1.45631468,0.829252779,10.4678087
638,1.44623089,0.825023651,10.4617224
639,1.43618739,0.820790291,10.4556646
640,1.42618775,0.816558957,10.4496298
641,1.41623104,0.812326133,10.4436207
642,1.40631723,0.808092833,10.4376383
643,1.39644289,0.803856611,10.4316788
644,1.38661098,0.799619496,10.4257441
645,1.37681758,0.795376182,10.419838
646,1.36706185,0.791127801,10.4139557
647,1.35734797,0.786876738,10.408103
648,1.34767568,0.782626092,10.4022694
649,1.33803439,0.77836132,10.3964663
650,1.32843149,0.774091601,10.390686
651,1.31886768,0.76981771,10.3849335
652,1.30934143,0.765536904,10.3792114
653,1.29984891,0.7612468,10.3735123
654,1.29039514,0.756952167,10.3678389
655,1.28097272,0.752646327,10.3621893
656,1.27158594,0.748332381,10.3565655
657,1.26223171,0.744006276,10.350975
658,1.25293541,0.739697933,10.345418
659,1.24364734,0.735352099,10.3398762
660,1.23439384,0.730998278,10.3343573
661,1.2251693,0.72662735,10.3288755
662,1.21597934,0.72224915,10.3234148
663,1.2068156,0.717853546,10.3179798
664,1.1976862,0.713449836,10.3125725
665,1.18859005,0.709035397,10.3071947
666,1.1795193,0.704602838,10.3018427
667,1.17048001,0.700158,10.2965193
668,1.16146564,0.695695758,10.2912216
669,1.15248311,0.691222548,10.2859488
670,1.14352989,0.686734974,10.2807083
671,1.13459754,0.682226181,10.2754869
672,1.12569666,0.677704751,10.2702971
673,1.116822,0.673164964,10.265151
674,1.10797334,0.668611526,10.2600079
675,1.09915328,0.664042652,10.2549038
676,1.09035575,0.65945375,10.2498226
677,1.0815804,0.654842257,10.2447758
678,1.07283521,0.650220871,10.2397518
679,1.06411242,0.645579755,10.2347527
680,1.05541086,0.640914559,10.2297878
681,1.04673135,0.63623035,10.2248468
682,1.03807688,0.631527424,10.2199383
683,1.02944458,0.626804471,10.2150574
684,1.02083695,0.622065663,10.2102003
685,1.01224577,0.617298126,10.2053747
686,1.00367343,0.612509131,10.200572
687,0.995131671,0.607709229,10.1957998
688,0.986607611,0.602882981,10.191061
689,0.978094935,0.598026752,10.1863432
690,0.969611049,0.593157828,10.1816578
691,0.961165965,0.588289738,10.1770058
692,0.952720702,0.58337605,10.1723785
693,0.944295526,0.578440845,10.1677761
694,0.935883403,0.573476613,10.1632023
695,0.927489102,0.568487167,10.158659
696,0.919119,0.563482761,10.1541424
697,0.910763443,0.558450103,10.1496572
698,0.902421474,0.553389728,10.1451969
699,0.894100249,0.548309207,10.1407661
700,0.885789275,0.543197632,10.1363602
701,0.877497315,0.538063109,10.1319857
702,0.869223714,0.532906353,10.1276426
703,0.860960722,0.527719378,10.1233234
704,0.8527143,0.522507071,10.1190395
705,0.844483376,0.517270505,10.1147776
706,0.836264789,0.512005687,10.1105442
707,0.82805872,0.506711721,10.1063414
708,0.819867551,0.501393676,10.1021614
709,0.811690092,0.496047229,10.0980196
710,0.803523481,0.490670502,10.0939026
711,0.79536736,0.485264599,10.0898123
712,0.787229002,0.479836226,10.0857534
713,0.779098928,0.474375486,10.0817223
714,0.770977139,0.468882322,10.0777197
715,0.762872159,0.463366181,10.0737495
716,0.75477463,0.457818866,10.0698004
717,0.746689498,0.45224309,10.0658817
718,0.738606632,0.446628749,10.0619926
719,0.730543733,0.440996051,10.058136
720,0.722489297,0.435329914,10.054285
721,0.714444935,0.429636598,10.0504818
722,0.706402242,0.423904181,10.0467091
723,0.698371828,0.418144047,10.0429678
724,0.690347433,0.412351459,10.0392485
725,0.682331443,0.406526804,10.0355644
726,0.674322844,0.40067032,10.031908
727,0.666321635,0.394783229,10.0282736
728,0.658330083,0.38886565,10.0246782
729,0.650343895,0.38291502,10.0211039
730,0.642363191,0.376930296,10.017561
731,0.63438499,0.370908618,10.0140467
732,0.626420975,0.364863515,10.0105658
733,0.61845535,0.358777314,10.0071049
734,0.610496461,0.35265857,10.0036802
735,0.602541149,0.346504927,10.0002813
736,0.594596505,0.340324521,9.996912
737,0.586652815,0.33410573,9.99357224
738,0.578712225,0.327851355,9.99026203
739,0.570776761,0.321564138,9.98697948
740,0.562842727,0.315239638,9.98372555
741,0.554907858,0.308875263,9.98050117
742,0.546982527,0.302483261,9.97730541
743,0.539054632,0.296049654,9.97413921
744,0.531136155,0.289588898,9.97100258
745,0.52321434,0.283085763,9.96789265
746,0.515297294,0.276549876,9.96481323
747,0.507378101,0.269973218,9.96176338
748,0.499461889,0.263361543,9.958745
749,0.491542757,0.25670898,9.95575237
750,0.483633965,0.250031829,9.95278549
751,0.475717843,0.243307292,9.94985199
752,0.467803776,0.236547157,9.94695187
753,0.459888339,0.229748189,9.94407463
754,0.451971889,0.22291097,9.94122601
755,0.444056928,0.216038227,9.9384079
756,0.436137736,0.209122926,9.93561935
757,0.428220332,0.202173173,9.93285942
758,0.420299351,0.195181087,9.93013191
759,0.412376493,0.188150525,9.92743111
760,0.404448897,0.181077287,9.92475891
761,0.396523654,0.17397067,9.92211723
762,0.388586819,0.166811824,9.91950893
763,0.380661309,0.159632444,9.91692638
764,0.372711748,0.152387664,9.914361
765,0.364771754,0.145118132,9.91183376
766,0.356832922,0.137813836,9.90933609
767,0.34888199,0.130456224,9.90687943
768,0.340931445,0.123064704,9.90444756
769,0.332972288,0.115627639,9.90203762
770,0.325012267,0.10815344,9.89966011
771,0.31704405,0.100633629,9.89731216
772,0.309069514,0.0930700153,9.89499855
773,0.30109629,0.0854728222,9.89271164
774,0.293114066,0.0778297707,9.89045238
775,0.285122156,0.0701393932,9.8882246
776,0.277121961,0.0624046102,9.88601875
777,0.269122571,0.0546341613,9.88385582
778,0.26110664,0.0468091667,9.88171768
779,0.253086507,0.0389442593,9.87960815
780,0.245059162,0.0310353264,9.87752914
781,0.237023562,0.0230827704,9.87547588
782,0.228980571,0.0150856078,9.87345791
783,0.220925465,0.00703879446,9.8714695
784,0.21286419,-0.00104981661,9.8695116
785,0.204797849,-0.0091778785,9.86757851
786,0.196712464,-0.0173652545,9.86568069
787,0.18862325,-0.0255905166,9.86381149
788,0.18052277,-0.0338640586,9.86197281
789,0.172403365,-0.0421954058,9.86016464
790,0.164289296,-0.050553672,9.85839176
791,0.156154484,-0.058971379,9.85664368
792,0.14800626,-0.067439124,9.85492229
793,0.139856115,-0.0759385601,9.85320854
794,0.131685197,-0.084506996,9.85158539
795,0.123511389,-0.0931021273,9.8499279
796,0.115322478,-0.101755247,9.84833431
797,0.107116498,-0.110462517,9.8467741
798,0.098902829,-0.119212106,9.84523773
799,0.0906883702,-0.127996266,9.84374046
800,0.0824474394,-0.136846423,9.8422718
801,0.0742092431,-0.145726025,9.84083652
802,0.0659412369,-0.154675901,9.8394289
803,0.0576555207,-0.163681015,9.83805561
804,0.0493486673,-0.172745585,9.83671093
805,0.0410327166,-0.181853786,9.83539772
806,0.0327065885,-0.191006988,9.83411026
807,0.0243600309,-0.200219244,9.83286476
808,0.0160060301,-0.209473103,9.83164787
809,0.0076289773,-0.218788236,9.83046246
810,-0.000764578581,-0.228156149,9.82930565
811,-0.0091695264,-0.237571076,9.82818508
812,-0.0175969899,-0.247047067,9.82709789
813,-0.0260340571,-0.256566048,9.82603836
814,-0.0344907939,-0.266142368,9.82501125
815,-0.0429688394,-0.275777906,9.82402039
816,-0.0514582098,-0.285459459,9.82306099
817,-0.0599692315,-0.295200497,9.82213402
818,-0.068496421,-0.304993868,9.82124043
819,-0.0770379752,-0.314836442,9.8203764
820,-0.0856027305,-0.324741095,9.81955338
821,-0.0941864848,-0.334700525,9.8187542
822,-0.10278818,-0.344714582,9.81799126
823,-0.111414209,-0.354791403,9.81726551
824,-0.120055556,-0.364919305,9.81657314
825,-0.128713325,-0.375098348,9.81590843
826,-0.137393549,-0.385338217,9.81528091
827,-0.146096349,-0.395637661,9.81468773
828,-0.154820979,-0.405996591,9.81412697
829,-0.16356796,-0.416415274,9.81360435
830,-0.17233479,-0.426889837,9.81311226
831,-0.181145802,-0.437452883,9.81265068
832,-0.189962372,-0.448053867,9.81223202
833,-0.198792592,-0.458702236,9.8118391
834,-0.207648739,-0.469415486,9.81149006
835,-0.216531351,-0.480193466,9.81117058
836,-0.225438118,-0.491032809,9.81088829
837,-0.234363556,-0.501927018,9.81063843
838,-0.243315011,-0.512885511,9.81042767
839,-0.252286315,-0.523900032,9.8102541
840,-0.261287332,-0.534983397,9.810112
841,-0.270311207,-0.546126544,9.8100071
842,-0.279359668,-0.55733192,9.80993843
843,-0.288429976,-0.568595648,9.8099041
844,-0.297531962,-0.5799312,9.80990887
845,-0.306653857,-0.591322422,9.80994987
846,-0.315804899,-0.602781534,9.81002522
847,-0.324973017,-0.614292622,9.81014061
848,-0.334173381,-0.62587589,9.8102932
849,-0.343411028,-0.637538433,9.81048012
850,-0.352663517,-0.649249494,9.810709
851,-0.361947298,-0.661031365,9.81097221
852,-0.371255219,-0.672874629,9.81127739
853,-0.380595833,-0.684790313,9.81161213
854,-0.389963031,-0.696770489,9.81199169
855,-0.399358064,-0.708816826,9.81240845
856,-0.408781052,-0.720928907,9.81286144
857,-0.418230504,-0.7331056,9.81335354
858,-0.42771852,-0.745362759,9.81388855
859,-0.437223017,-0.757670641,9.81446075
860,-0.446764112,-0.770056129,9.81507206
861,-0.456332892,-0.782507002,9.8157177
862,-0.465936124,-0.795033634,9.81641674
863,-0.475562871,-0.807619572,9.81714535
864,-0.485228002,-0.82028538,9.8179121
865,-0.494918168,-0.833013892,9.81873035
866,-0.504646063,-0.845821202,9.81958294
867,-0.514393747,-0.858683288,9.82047272
868,-0.524184465,-0.871631801,9.82140923
869,-0.533994794,-0.884634972,9.82237911
870,-0.543850899,-0.897728562,9.82340622
871,-0.553732574,-0.910884202,9.82446194
872,-0.563646913,-0.92411232,9.82556534
873,-0.57359755,-0.937417209,9.82671165
874,-0.583576202,-0.950788081,9.82789516
875,-0.593595743,-0.964242876,9.82912445
876,-0.603635609,-0.977752388,9.83039474
877,-0.613719404,-0.991349638,9.83171463
878,-0.623833358,-1.00501537,9.83306885
879,-0.633990228,-1.0187676,9.83447838
880,-0.644174874,-1.03258467,9.83592129
881,-0.654396236,-1.04647958,9.8374157
882,-0.664641321,-1.06043434,9.83895016
883,-0.674933374,-1.07448065,9.84053516
884,-0.685264945,-1.08860862,9.84216404
885,-0.695624471,-1.10280192,9.84383297
886,-0.70602262,-1.11707532,9.84555149
887,-0.716453016,-1.13142037,9.84731483
888,-0.726922512,-1.14584589,9.84912586
889,-0.737434387,-1.16035652,9.85097885
890,-0.747974813,-1.17493391,9.85288525
891,-0.758558691,-1.18959773,9.85483551
892,-0.769178033,-1.20433724,9.85683346
893,-0.779831231,-1.2191503,9.8588829
894,-0.79052335,-1.23404396,9.8609705
895,-0.80124867,-1.24900973,9.8631134
896,-0.812018216,-1.26406395,9.86531067
897,-0.822825909,-1.27919698,9.86754417
898,-0.833671808,-1.29440951,9.86983395
899,-0.844557643,-1.30970407,9.8721714
900,-0.855482459,-1.32507873,9.87456036
901,-0.866449594,-1.34053898,9.87699795
902,-0.877453506,-1.35607624,9.87948799
903,-0.888498783,-1.37169743,9.88202763
904,-0.899580061,-1.38739491,9.88461399
905,-0.910706997,-1.40318203,9.88725758
906,-0.921866894,-1.4190414,9.88995361
907,-0.933079362,-1.43499947,9.89270115
908,-0.944327354,-1.45103359,9.89549828
909,-0.955608487,-1.46713972,9.8983469
910,-0.966912627,-1.48330367,9.90124893
911,-0.978284419,-1.49958837,9.90420628
912,-0.989719093,-1.5159868,9.90722179
913,-1.00117445,-1.53243995,9.91028976
914,-1.01268327,-1.54899335,9.91340733
915,-1.0242312,-1.56562757,9.91658497
916,-1.03582454,-1.58235097,9.91981792
917,-1.04742086,-1.59910357,9.92309856
918,-1.0590899,-1.61598384,9.92644119
919,-1.07079875,-1.63294566,9.92983818
920,-1.08255446,-1.6499989,9.9332943
921,-1.09435296,-1.66713738,9.93680477
922,-1.10619724,-1.68436575,9.94037533
923,-1.11808181,-1.70167577,9.94400311
924,-1.13000917,-1.71907151,9.94768524
925,-1.14198232,-1.73655689,9.95143127
926,-1.15400577,-1.75413799,9.95523834
927,-1.16606617,-1.77179635,9.959095
928,-1.17817235,-1.78954446,9.96301651
929,-1.19032884,-1.80738831,9.96700096
930,-1.20252717,-1.82531619,9.97104073
931,-1.21476829,-1.84332919,9.97514343
932,-1.22706199,-1.86144161,9.97930813
933,-1.23939598,-1.87963581,9.98353767
934,-1.2517767,-1.89792061,9.98782253
935,-1.26420331,-1.91629505,9.99217606
936,-1.27667999,-1.93476486,9.99658871
937,-1.28919399,-1.9533124,10.0010672
938,-1.30176759,-1.97196877,10.0056038
939,-1.3143841,-1.99071038,10.0102139
940,-1.32704031,-2.00953245,10.0148821
941,-1.33975005,-2.02845478,10.0196209
942,-1.35251045,-2.04747391,10.0244179
943,-1.36531258,-2.066576,10.0292873
944,-1.37815833,-2.08576417,10.0342207
945,-1.39105678,-2.10505176,10.0392151
946,-1.40400887,-2.12443948,10.0442867
947,-1.41700172,-2.14390898,10.0494184
948,-1.4300499,-2.16348147,10.0546265
949,-1.44313908,-2.18313646,10.0598965
950,-1.45628095,-2.20288992,10.0652418
951,-1.46946359,-2.22272444,10.0706463
952,-1.48270953,-2.24267387,10.076129
953,-1.49599576,-2.26270413,10.0816784
954,-1.50933051,-2.28282714,10.0873041
955,-1.5227176,-2.30304813,10.0929985
956,-1.53615296,-2.32336164,10.0987682
957,-1.5496397,-2.3437717,10.1046076
958,-1.56317449,-2.36427402,10.1105156
959,-1.57675707,-2.38486767,10.1164989
960,-1.59039736,-2.40556788,10.1225595
961,-1.60408401,-2.42635536,10.1286955
962,-1.61781526,-2.44723177,10.134901
963,-1.631603,-2.46820688,10.1411839
964,-1.6454345,-2.48927569,10.1475391
965,-1.65932822,-2.51045251,10.1539783
966,-1.67326748,-2.53171754,10.16049
967,-1.68725193,-2.55306935,10.1670809
968,-1.70129728,-2.57453108,10.1737528
969,-1.71538043,-2.59606957,10.1804991
970,-1.72952974,-2.61772633,10.1873217
971,-1.74370968,-2.63944912,10.1942177
972,-1.75797534,-2.66131616,10.2012157
973,-1.77225232,-2.68322229,10.2082701
974,-1.7866199,-2.70528078,10.2154284
975,-1.8010031,-2.72738338,10.2226439
976,-1.81545782,-2.74961042,10.2299585
977,-1.82996309,-2.77193284,10.2373495
978,-1.84451389,-2.79434085,10.2448292
979,-1.85913277,-2.81686974,10.252389
980,-1.87379384,-2.83948112,10.2600327
981,-1.88851333,-2.86219645,10.2677679
982,-1.90328121,-2.88500357,10.2755871
983,-1.91810024,-2.90790606,10.2834911
984,-1.93296742,-2.93089843,10.2914772
985,-1.94790161,-2.95400882,10.2995567
986,-1.96287596,-2.97719789,10.3077221
987,-1.97790909,-3.00049329,10.3159676
988,-1.99300051,-3.0238924,10.3243151
989,-2.00814247,-3.04738545,10.3327484
990,-2.02332973,-3.07096386,10.3412733
991,-2.03857183,-3.09464216,10.3498802
992,-2.0538702,-3.11842227,10.3585873
993,-2.06922626,-3.14230561,10.3673859
994,-2.08463168,-3.16627979,10.3762732
995,-2.10009193,-3.19035435,10.3852558
996,-2.1156075,-3.21452713,10.3943348
997,-2.13117218,-3.23879147,10.4035082
998,-2.14679289,-3.26315594,10.4127741
999,-2.16247106,-3.28762293,10.4221401
1000,-2.1782167,-3.31220913,10.4315758
1001,-2.19399333,-3.33685589,10.4411411
1002,-2.20983028,-3.3616097,10.4508009
1003,-2.2257061,-3.38643861,10.460556
1004,-2.24164534,-3.41137838,10.4704113
1005,-2.25763512,-3.43640852,10.4803696
1006,-2.27367711,-3.46153259,10.4904251
1007,-2.28977871,-3.48676348,10.5005751
1008,-2.30596805,-3.51214123,10.5108118
1009,-2.32218099,-3.53756881,10.5211649
1010,-2.33844781,-3.56309199,10.5316277
1011,-2.35476851,-3.58871222,10.5421858
1012,-2.37114501,-3.61442924,10.5528517
1013,-2.38757849,-3.64024711,10.5636263
1014,-2.40406322,-3.66615701,10.5744972
1015,-2.42060566,-3.69216728,10.5854807
1016,-2.4371984,-3.71826696,10.5965681
1017,-2.45384455,-3.74446058,10.6077633
1018,-2.47054887,-3.77075481,10.6190748
1019,-2.48730612,-3.79714322,10.6304855
1020,-2.5041213,-3.82363224,10.6420069
1021,-2.52098608,-3.85020828,10.6536417
1022,-2.53790355,-3.87687683,10.6653852
1023,-2.55487156,-3.90363407,10.6772394
