framework,algorithm,phase,mode,tier,transfers,n,setting_kind,setting,sample,time_ms
cubie,tsit5,performance,fixed,fixed,both,8,dt,0.0009765625,0,4.870748001849279
cubie,tsit5,performance,fixed,fixed,none,8,dt,0.0009765625,0,0.7768960058456287
cubie,tsit5,performance,fixed,fixed,both,8,dt,0.0009765625,1,5.219787009991705
cubie,tsit5,performance,fixed,fixed,none,8,dt,0.0009765625,1,0.9112779953284189
cubie,tsit5,performance,adaptive,default,both,8,tol,1e-08,0,4.800843002158217
cubie,tsit5,performance,adaptive,default,none,8,tol,1e-08,0,0.7519969949498773
cubie,tsit5,performance,adaptive,default,both,8,tol,1e-08,1,4.65706099930685
cubie,tsit5,performance,adaptive,default,none,8,tol,1e-08,1,0.7682809955440462
cubie,tsit5,performance,adaptive,pi,both,8,tol,1e-08,0,5.002656005672179
cubie,tsit5,performance,adaptive,pi,none,8,tol,1e-08,0,0.7303250022232533
cubie,tsit5,performance,adaptive,pi,both,8,tol,1e-08,1,5.032156012021005
cubie,tsit5,performance,adaptive,pi,none,8,tol,1e-08,1,0.7025840022834018
cubie,tsit5,performance,fixed,fixed,both,32,dt,0.0009765625,0,3.5322010080562904
cubie,tsit5,performance,fixed,fixed,none,32,dt,0.0009765625,0,0.724761004676111
cubie,tsit5,performance,fixed,fixed,both,32,dt,0.0009765625,1,3.6909839982399717
cubie,tsit5,performance,fixed,fixed,none,32,dt,0.0009765625,1,0.8888529991963878
cubie,tsit5,performance,adaptive,default,both,32,tol,1e-08,0,3.600254000048153
cubie,tsit5,performance,adaptive,default,none,32,tol,1e-08,0,0.5945199955021963
cubie,tsit5,performance,adaptive,default,both,32,tol,1e-08,1,4.879772997810505
cubie,tsit5,performance,adaptive,default,none,32,tol,1e-08,1,0.757004992919974
cubie,tsit5,performance,adaptive,pi,both,32,tol,1e-08,0,5.317659990396351
cubie,tsit5,performance,adaptive,pi,none,32,tol,1e-08,0,1.937088993145153
cubie,tsit5,performance,adaptive,pi,both,32,tol,1e-08,1,5.656350011122413
cubie,tsit5,performance,adaptive,pi,none,32,tol,1e-08,1,1.1281890037935227
cubie,vern7,performance,fixed,fixed,both,8,dt,0.0009765625,0,5.772753007477149
cubie,vern7,performance,fixed,fixed,none,8,dt,0.0009765625,0,2.189177001127973
cubie,vern7,performance,fixed,fixed,both,8,dt,0.0009765625,1,6.234694999875501
cubie,vern7,performance,fixed,fixed,none,8,dt,0.0009765625,1,2.149799998733215
cubie,vern7,performance,adaptive,default,both,8,tol,1e-08,0,4.69118999899365
cubie,vern7,performance,adaptive,default,none,8,tol,1e-08,0,0.6791999912820756
cubie,vern7,performance,adaptive,default,both,8,tol,1e-08,1,5.472288001328707
cubie,vern7,performance,adaptive,default,none,8,tol,1e-08,1,1.780043006874621
cubie,vern7,performance,adaptive,pi,both,8,tol,1e-08,0,4.701735990238376
cubie,vern7,performance,adaptive,pi,none,8,tol,1e-08,0,0.6219839997356758
cubie,vern7,performance,adaptive,pi,both,8,tol,1e-08,1,6.78267799958121
cubie,vern7,performance,adaptive,pi,none,8,tol,1e-08,1,2.1670689893653616
cubie,vern7,performance,fixed,fixed,both,32,dt,0.0009765625,0,5.506731002242304
cubie,vern7,performance,fixed,fixed,none,32,dt,0.0009765625,0,1.0003399947891012
cubie,vern7,performance,fixed,fixed,both,32,dt,0.0009765625,1,4.1308910003863275
cubie,vern7,performance,fixed,fixed,none,32,dt,0.0009765625,1,1.0447459935676306
cubie,vern7,performance,adaptive,default,both,32,tol,1e-08,0,4.591942997649312
cubie,vern7,performance,adaptive,default,none,32,tol,1e-08,0,0.7056860049488023
cubie,vern7,performance,adaptive,default,both,32,tol,1e-08,1,3.624082004535012
cubie,vern7,performance,adaptive,default,none,32,tol,1e-08,1,0.6921150052221492
cubie,vern7,performance,adaptive,pi,both,32,tol,1e-08,0,4.731549997814
cubie,vern7,performance,adaptive,pi,none,32,tol,1e-08,0,0.8000200032256544
cubie,vern7,performance,adaptive,pi,both,32,tol,1e-08,1,4.987113003153354
cubie,vern7,performance,adaptive,pi,none,32,tol,1e-08,1,0.793379993410781
cubie,rosenbrock23_sciml,performance,fixed,fixed,both,8,dt,0.0009765625,0,3.8350670074578375
cubie,rosenbrock23_sciml,performance,fixed,fixed,none,8,dt,0.0009765625,0,1.786212989827618
cubie,rosenbrock23_sciml,performance,fixed,fixed,both,8,dt,0.0009765625,1,3.423875998123549
cubie,rosenbrock23_sciml,performance,fixed,fixed,none,8,dt,0.0009765625,1,1.6226250008912757
cubie,rosenbrock23_sciml,performance,adaptive,default,both,8,tol,1e-08,0,5.930622006417252
cubie,rosenbrock23_sciml,performance,adaptive,default,none,8,tol,1e-08,0,6.840483998530544
cubie,rosenbrock23_sciml,performance,adaptive,default,both,8,tol,1e-08,1,7.493233002605848
cubie,rosenbrock23_sciml,performance,adaptive,default,none,8,tol,1e-08,1,5.00176299829036
cubie,rosenbrock23_sciml,performance,adaptive,pi,both,8,tol,1e-08,0,6.731596004101448
cubie,rosenbrock23_sciml,performance,adaptive,pi,none,8,tol,1e-08,0,5.9829990059370175
cubie,rosenbrock23_sciml,performance,adaptive,pi,both,8,tol,1e-08,1,6.628508999710903
cubie,rosenbrock23_sciml,performance,adaptive,pi,none,8,tol,1e-08,1,5.958535009995103
cubie,rosenbrock23_sciml,performance,fixed,fixed,both,32,dt,0.0009765625,0,4.4360159954521805
cubie,rosenbrock23_sciml,performance,fixed,fixed,none,32,dt,0.0009765625,0,1.6271869972115383
cubie,rosenbrock23_sciml,performance,fixed,fixed,both,32,dt,0.0009765625,1,4.531282000243664
cubie,rosenbrock23_sciml,performance,fixed,fixed,none,32,dt,0.0009765625,1,1.6104779933812097
cubie,rosenbrock23_sciml,performance,adaptive,default,both,32,tol,1e-08,0,6.168263993458822
cubie,rosenbrock23_sciml,performance,adaptive,default,none,32,tol,1e-08,0,5.29302800714504
cubie,rosenbrock23_sciml,performance,adaptive,default,both,32,tol,1e-08,1,5.997676998958923
cubie,rosenbrock23_sciml,performance,adaptive,default,none,32,tol,1e-08,1,5.270425986964256
cubie,rosenbrock23_sciml,performance,adaptive,pi,both,32,tol,1e-08,0,7.311321998713538
cubie,rosenbrock23_sciml,performance,adaptive,pi,none,32,tol,1e-08,0,8.304289003717713
cubie,rosenbrock23_sciml,performance,adaptive,pi,both,32,tol,1e-08,1,8.75776399334427
cubie,rosenbrock23_sciml,performance,adaptive,pi,none,32,tol,1e-08,1,6.477254995843396
cubie,kvaerno3,performance,fixed,fixed,both,8,dt,0.0009765625,0,3.9187309885164723
cubie,kvaerno3,performance,fixed,fixed,none,8,dt,0.0009765625,0,3.638708993094042
cubie,kvaerno3,performance,fixed,fixed,both,8,dt,0.0009765625,1,4.235383996274322
cubie,kvaerno3,performance,fixed,fixed,none,8,dt,0.0009765625,1,2.4473759985994548
cubie,kvaerno3,performance,adaptive,default,both,8,tol,1e-08,0,110.85822799941525
cubie,kvaerno3,performance,adaptive,default,none,8,tol,1e-08,0,104.88995999912731
cubie,kvaerno3,performance,adaptive,default,both,8,tol,1e-08,1,106.03788499429356
cubie,kvaerno3,performance,adaptive,default,none,8,tol,1e-08,1,104.78808400512207
cubie,kvaerno3,performance,adaptive,pi,both,8,tol,1e-08,0,92.41004499199335
cubie,kvaerno3,performance,adaptive,pi,none,8,tol,1e-08,0,92.82203500333708
cubie,kvaerno3,performance,adaptive,pi,both,8,tol,1e-08,1,90.81488000811078
cubie,kvaerno3,performance,adaptive,pi,none,8,tol,1e-08,1,87.2596720000729
cubie,kvaerno3,performance,fixed,fixed,both,32,dt,0.0009765625,0,4.645833003451116
cubie,kvaerno3,performance,fixed,fixed,none,32,dt,0.0009765625,0,2.9493960028048605
cubie,kvaerno3,performance,fixed,fixed,both,32,dt,0.0009765625,1,4.46380399807822
cubie,kvaerno3,performance,fixed,fixed,none,32,dt,0.0009765625,1,2.4963780015241355
cubie,kvaerno3,performance,adaptive,default,both,32,tol,1e-08,0,197.6394219964277
cubie,kvaerno3,performance,adaptive,default,none,32,tol,1e-08,0,197.58441900194157
cubie,kvaerno3,performance,adaptive,default,both,32,tol,1e-08,1,203.1733979965793
cubie,kvaerno3,performance,adaptive,default,none,32,tol,1e-08,1,201.29213899781462
cubie,kvaerno3,performance,adaptive,pi,both,32,tol,1e-08,0,157.60614800092299
cubie,kvaerno3,performance,adaptive,pi,none,32,tol,1e-08,0,151.27450399450026
cubie,kvaerno3,performance,adaptive,pi,both,32,tol,1e-08,1,161.50864399969578
cubie,kvaerno3,performance,adaptive,pi,none,32,tol,1e-08,1,155.4839590098709
cubie,kvaerno5,performance,fixed,fixed,both,8,dt,0.0009765625,0,11.029154993593693
cubie,kvaerno5,performance,fixed,fixed,none,8,dt,0.0009765625,0,7.308195999939926
cubie,kvaerno5,performance,fixed,fixed,both,8,dt,0.0009765625,1,7.590516994241625
cubie,kvaerno5,performance,fixed,fixed,none,8,dt,0.0009765625,1,6.787910999264568
cubie,kvaerno5,performance,adaptive,default,both,8,tol,1e-08,0,108.13962201063987
cubie,kvaerno5,performance,adaptive,default,none,8,tol,1e-08,0,106.89536000427324
cubie,kvaerno5,performance,adaptive,default,both,8,tol,1e-08,1,107.8431299974909
cubie,kvaerno5,performance,adaptive,default,none,8,tol,1e-08,1,102.63554900302552
cubie,kvaerno5,performance,adaptive,pi,both,8,tol,1e-08,0,39.8040919972118
cubie,kvaerno5,performance,adaptive,pi,none,8,tol,1e-08,0,42.95796400401741
cubie,kvaerno5,performance,adaptive,pi,both,8,tol,1e-08,1,40.015966005739756
cubie,kvaerno5,performance,adaptive,pi,none,8,tol,1e-08,1,38.97470400261227
cubie,kvaerno5,performance,fixed,fixed,both,32,dt,0.0009765625,0,7.809381990227848
cubie,kvaerno5,performance,fixed,fixed,none,32,dt,0.0009765625,0,6.867909993161447
cubie,kvaerno5,performance,fixed,fixed,both,32,dt,0.0009765625,1,10.379497005487792
cubie,kvaerno5,performance,fixed,fixed,none,32,dt,0.0009765625,1,7.221088992082514
cubie,kvaerno5,performance,adaptive,default,both,32,tol,1e-08,0,277.91124100622255
cubie,kvaerno5,performance,adaptive,default,none,32,tol,1e-08,0,280.91186098754406
cubie,kvaerno5,performance,adaptive,default,both,32,tol,1e-08,1,277.913070996874
cubie,kvaerno5,performance,adaptive,default,none,32,tol,1e-08,1,276.7408579966286
cubie,kvaerno5,performance,adaptive,pi,both,32,tol,1e-08,0,104.01960099989083
cubie,kvaerno5,performance,adaptive,pi,none,32,tol,1e-08,0,111.09505800413899
cubie,kvaerno5,performance,adaptive,pi,both,32,tol,1e-08,1,108.20648200751748
cubie,kvaerno5,performance,adaptive,pi,none,32,tol,1e-08,1,106.94387000694405
