implementation,repeat,milliseconds
myokit_cuda,1,8.011800004169345
myokit_cuda,2,8.052299963310361
myokit_cuda,3,7.588000036776066
myokit_cuda,4,7.457799976691604
myokit_cuda,5,7.645300007425249
myokit_cuda,6,7.523700012825429
myokit_cuda,7,8.139499928802252
myokit_cuda,8,7.24950002040714
myokit_cuda,9,7.767600007355213
myokit_cuda,10,7.240999955683947
myokit_cuda,11,7.46140000410378
myokit_cuda,12,7.5156999519094825
myokit_cuda,13,7.605399936437607
myokit_cuda,14,7.49250000808388
myokit_cuda,15,7.1850999956950545
myokit_cuda,16,7.5598000548779964
myokit_cuda,17,7.254200056195259
myokit_cuda,18,7.748100091703236
myokit_cuda,19,7.267500041052699
myokit_cuda,20,7.687699981033802
myokit_cuda,21,7.6015000231564045
myokit_cuda,22,7.624599966220558
myokit_cuda,23,7.4745999881997705
myokit_cuda,24,7.492100005038083
myokit_cuda,25,7.457099971361458
myokit_cuda,26,7.074399967677891
myokit_cuda,27,7.713299943134189
myokit_cuda,28,6.541099981404841
myokit_cuda,29,6.6368000116199255
myokit_cuda,30,6.573699996806681
myokit_cuda,31,6.39320001937449
myokit_cuda,32,6.984499981626868
myokit_cuda,33,6.464599980972707
myokit_cuda,34,6.633800105191767
myokit_cuda,35,6.783300079405308
myokit_cuda,36,6.558099994435906
myokit_cuda,37,6.868300028145313
myokit_cuda,38,6.451499997638166
myokit_cuda,39,6.610600044950843
myokit_cuda,40,6.664099986664951
myokit_cuda,41,6.600599968805909
myokit_cuda,42,6.976500037126243
myokit_cuda,43,6.516600027680397
myokit_cuda,44,6.69239996932447
myokit_cuda,45,7.045899983495474
myokit_cuda,46,6.51770003605634
myokit_cuda,47,6.757099996320903
myokit_cuda,48,6.54580001719296
myokit_cuda,49,6.802599993534386
myokit_cuda,50,6.735399947501719
myokit_cuda,51,6.517799920402467
myokit_cuda,52,6.793599925003946
myokit_cuda,53,6.4613999566063285
myokit_cuda,54,6.689300062134862
myokit_cuda,55,6.6368000116199255
myokit_cuda,56,6.476899958215654
myokit_cuda,57,7.182199973613024
myokit_cuda,58,6.6784999798983335
myokit_cuda,59,6.924799992702901
myokit_cuda,60,7.087099947966635
myokit_cuda,61,7.035700022242963
myokit_cuda,62,6.971299997530878
myokit_cuda,63,6.650800001807511
myokit_cuda,64,6.7998000886291265
myokit_cuda,65,6.580000044777989
myokit_cuda,66,6.81110005825758
myokit_cuda,67,7.100800052285194
myokit_cuda,68,6.547099910676479
myokit_cuda,69,7.012599962763488
myokit_cuda,70,6.6142999567091465
myokit_cuda,71,6.874699960462749
myokit_cuda,72,6.782299955375493
myokit_cuda,73,6.5015999134629965
myokit_cuda,74,7.073499960824847
myokit_cuda,75,6.442900048568845
myokit_cuda,76,6.69539999216795
myokit_cuda,77,6.8627999862656
myokit_cuda,78,6.750299944542348
myokit_cuda,79,6.98419997934252
myokit_cuda,80,6.416499963961542
myokit_cuda,81,6.62409991491586
myokit_cuda,82,6.661599967628717
myokit_cuda,83,6.580899935215712
myokit_cuda,84,6.906699971295893
myokit_cuda,85,6.506099947728217
myokit_cuda,86,6.821900024078786
myokit_cuda,87,6.906999973580241
myokit_cuda,88,6.649599992670119
myokit_cuda,89,6.956299999728799
myokit_cuda,90,6.503100041300058
myokit_cuda,91,6.873399950563908
myokit_cuda,92,6.928699905984104
myokit_cuda,93,6.810300052165985
myokit_cuda,94,6.654100026935339
myokit_cuda,95,6.477899965830147
myokit_cuda,96,6.872600060887635
myokit_cuda,97,6.639800034463406
myokit_cuda,98,6.772599997930229
myokit_cuda,99,6.708999979309738
myokit_cuda,100,6.482900003902614
cubie,1,6.397400051355362
cubie,2,7.988000055775046
cubie,3,6.7798999371007085
cubie,4,6.962700048461556
cubie,5,8.035399951040745
cubie,6,8.120200014673173
cubie,7,7.398399990051985
cubie,8,8.64380004350096
cubie,9,8.125499938614666
cubie,10,7.987200049683452
cubie,11,7.278400007635355
cubie,12,8.305199909955263
cubie,13,8.226300007663667
cubie,14,7.789200055412948
cubie,15,7.541299914009869
cubie,16,6.839800043962896
cubie,17,6.335100042633712
cubie,18,7.225399953313172
cubie,19,8.756799972616136
cubie,20,7.256099954247475
cubie,21,8.447300060652196
cubie,22,6.368299946188927
cubie,23,6.7492000525817275
cubie,24,7.998800021596253
cubie,25,8.004600065760314
cubie,26,6.429199944250286
cubie,27,6.488400045782328
cubie,28,6.515800021588802
cubie,29,5.165699985809624
cubie,30,7.772899931296706
cubie,31,6.384000065736473
cubie,32,7.937199901789427
cubie,33,8.133700001053512
cubie,34,6.43340009264648
cubie,35,6.4616999588906765
cubie,36,6.6018999787047505
cubie,37,6.703600054606795
cubie,38,6.7804999416694045
cubie,39,4.981799982488155
cubie,40,7.804800057783723
cubie,41,7.216500001959503
cubie,42,6.102000013925135
cubie,43,6.901000044308603
cubie,44,5.348299979232252
cubie,45,6.136200041510165
cubie,46,6.423599901609123
cubie,47,6.842100061476231
cubie,48,6.39739993494004
cubie,49,6.249000085517764
cubie,50,6.334699923172593
cubie,51,6.789200007915497
cubie,52,4.891599994152784
cubie,53,6.217499962076545
cubie,54,6.588099990040064
cubie,55,7.014900096692145
cubie,56,6.322700064629316
cubie,57,6.667600013315678
cubie,58,6.265099975280464
cubie,59,7.869799970649183
cubie,60,8.052799967117608
cubie,61,7.868700078688562
cubie,62,6.387299974448979
cubie,63,7.8928000293672085
cubie,64,6.261399947106838
cubie,65,7.613299996592104
cubie,66,7.750099990516901
cubie,67,7.7581999357789755
cubie,68,7.752800011076033
cubie,69,6.249800091609359
cubie,70,5.912099964916706
cubie,71,6.287300027906895
cubie,72,5.848199944011867
cubie,73,6.142799975350499
cubie,74,7.904800004325807
cubie,75,6.111399969086051
cubie,76,6.081200088374317
cubie,77,6.036999984644353
cubie,78,5.712399957701564
cubie,79,6.317200022749603
cubie,80,5.648899939842522
cubie,81,7.528700050897896
cubie,82,7.489799987524748
cubie,83,5.730399978347123
cubie,84,5.863199941813946
cubie,85,4.705000086687505
cubie,86,4.382599960081279
cubie,87,4.753199988044798
cubie,88,4.577700048685074
cubie,89,5.8243999956175685
cubie,90,6.243399926461279
cubie,91,6.325899972580373
cubie,92,4.490200080908835
cubie,93,5.9139999793842435
cubie,94,6.103700026869774
cubie,95,6.198999937623739
cubie,96,4.889899981208146
cubie,97,5.754000041633844
cubie,98,5.360899958759546
cubie,99,6.335200043395162
cubie,100,5.955799948424101
