traj,s1,s2,s3,s4,s5,s6,s7,s8,s9,s10,s11,s12,s13,s14,s15
0,0,0,0,0,0,0,0,0,0,0,0,0,0,0,0
1,9.08279799e-13,0.00100000005,0,0,0,0,0,0,0,0,0,0,0,0,1.40129846e-45
2,0,0,0,0,0,0,0,9.08311729e-13,0.00100000005,0,0,0,0,0,0
3,0,0,1.40129846e-45,9.08327667e-13,0.00100000005,0,0,0,0,0,0,0,0,0,0
4,0,0,0,0,0,0,0,0,0,1.40129846e-45,9.08359596e-13,0.00100000005,0,0,0
5,0,0,0,0,0,1.40129846e-45,9.08375534e-13,0,0,0,0,0,0,0,0
6,0,0,0,0,0,0,0,0,0,0,0,0,1.40129846e-45,9.08407464e-13,0.00100000005
7,0,0,0,0,0,0,0,0,0,0,0,0,0,0,0
8,1.40129846e-45,9.08455331e-13,0.00100000005,0,0,0,0,0,0,0,0,0,0,0,0
9,0,0,0,0,0,0,0,1.40129846e-45,9.08487261e-13,0.00100000005,0,0,0,0,0
10,0,0,0,1.40129846e-45,9.08503253e-13,0.00100000005,0,0,0,0,0,0,0,0,0
11,0,0,0,0,0,0,0,0,0,0,1.40129846e-45,9.08535129e-13,0.00100000005,0,0
12,0,0,0,0,0,0,1.40129846e-45,0,0,0,0,0,0,0,0
13,0.00100000005,0,0,0,0,0,0,0,0,0,0,0,0,1.40129846e-45,9.0858305e-13
14,0,0,0,0,0,0,0,0.00100000005,0,0,0,0,0,0,0
15,0,1.40129846e-45,9.08630918e-13,0.00100000005,0,0,0,0,0,0,0,0,0,0,0
16,0,0,0,0,0,0,0,0,1.40129846e-45,9.08662848e-13,0.00100000005,0,0,0,0
17,0,0,0,0,1.40129846e-45,9.08678785e-13,0.00100000005,0,0,0,0,0,0,0,0
18,0,0,0,0,0,0,0,0,0,0,0,1.40129846e-45,9.08710715e-13,0.00100000005,0
19,0,0,0,0,0,0,0,0,0,0,0,0,0,0,0
20,9.08758637e-13,0.00100000005,0,0,0,0,0,0,0,0,0,0,0,0,1.40129846e-45
21,0,0,0,0,0,0,0,9.08790567e-13,0.00100000005,0,0,0,0,0,0
22,0,0,1.40129846e-45,9.08806504e-13,0.00100000005,0,0,0,0,0,0,0,0,0,0
23,0,0,0,0,0,0,0,0,0,1.40129846e-45,9.08838434e-13,0.00100000005,0,0,0
24,0,0,0,0,0,1.40129846e-45,9.08854426e-13,0,0,0,0,0,0,0,0
25,0,0,0,0,0,0,0,0,0,0,0,0,1.40129846e-45,9.08886356e-13,0.00100000005
26,0,0,0,0,0,0,0,0,0,0,0,0,0,0,0
27,1.40129846e-45,9.08934278e-13,0.00100000005,0,0,0,0,0,0,0,0,0,0,0,0
28,0,0,0,0,0,0,0,1.40129846e-45,9.08966207e-13,0.00100000005,0,0,0,0,0
29,0,0,0,1.40129846e-45,9.08982145e-13,0.00100000005,0,0,0,0,0,0,0,0,0
30,0,0,0,0,0,0,0,0,0,0,1.40129846e-45,9.09014075e-13,0.00100000005,0,0
31,0,0,0,0,0,0,1.40129846e-45,0,0,0,0,0,0,0,0
32,0.00100000005,0,0,0,0,0,0,0,0,0,0,0,0,1.40129846e-45,9.09061997e-13
33,0,0,0,0,0,0,0,0.00100000005,0,0,0,0,0,0,0
34,0,1.40129846e-45,9.09109918e-13,0.00100000005,0,0,0,0,0,0,0,0,0,0,0
35,0,0,0,0,0,0,0,0,1.40129846e-45,9.09141848e-13,0.00100000005,0,0,0,0
36,0,0,0,0,1.40129846e-45,9.0915784e-13,0.00100000005,0,0,0,0,0,0,0,0
37,0,0,0,0,0,0,0,0,0,0,0,1.40129846e-45,9.0918977e-13,0.00100000005,0
38,0,0,0,0,0,0,0,0,0,0,0,0,0,0,0
39,9.09237692e-13,0.00100000005,0,0,0,0,0,0,0,0,0,0,0,0,1.40129846e-45
40,0,0,0,0,0,0,0,9.09269621e-13,0.00100000005,0,0,0,0,0,0
41,0,0,1.40129846e-45,9.09285613e-13,0.00100000005,0,0,0,0,0,0,0,0,0,0
42,0,0,0,0,0,0,0,0,0,1.40129846e-45,9.09317543e-13,0.00100000005,0,0,0
43,0,0,0,0,0,1.40129846e-45,9.09333535e-13,0,0,0,0,0,0,0,0
44,0,0,0,0,0,0,0,0,0,0,0,0,1.40129846e-45,9.09365465e-13,0.00100000005
45,0,0,0,0,0,0,0,0,0,0,0,0,0,0,0
46,1.40129846e-45,9.09413387e-13,0.00100000005,0,0,0,0,0,0,0,0,0,0,0,0
47,0,0,0,0,0,0,0,1.40129846e-45,9.09445371e-13,0.00100000005,0,0,0,0,0
48,0,0,0,1.40129846e-45,9.09461363e-13,0.00100000005,0,0,0,0,0,0,0,0,0
49,0,0,0,0,0,0,0,0,0,0,1.40129846e-45,9.09493292e-13,0.00100000005,0,0
50,0,0,0,0,0,0,1.40129846e-45,0,0,0,0,0,0,0,0
51,0.00100000005,0,0,0,0,0,0,0,0,0,0,0,0,1.40129846e-45,9.09541214e-13
52,0,0,0,0,0,0,0,0.00100000005,0,0,0,0,0,0,0
53,0,1.40129846e-45,9.09589136e-13,0.00100000005,0,0,0,0,0,0,0,0,0,0,0
54,0,0,0,0,0,0,0,0,1.40129846e-45,9.0962112e-13,0.00100000005,0,0,0,0
55,0,0,0,0,1.40129846e-45,9.09637058e-13,0.00100000005,0,0,0,0,0,0,0,0
56,0,0,0,0,0,0,0,0,0,0,0,1.40129846e-45,9.09669041e-13,0.00100000005,0
57,0,0,0,0,0,0,0,0,0,0,0,0,0,0,0
58,9.09716963e-13,0.00100000005,0,0,0,0,0,0,0,0,0,0,0,0,1.40129846e-45
59,0,0,0,0,0,0,0,9.09748947e-13,0.00100000005,0,0,0,0,0,0
60,0,0,1.40129846e-45,9.09764993e-13,0.00100000005,0,0,0,0,0,0,0,0,0,0
61,0,0,0,0,0,0,0,0,0,1.40129846e-45,9.09796869e-13,0.00100000005,0,0,0
62,0,0,0,0,0,1.40129846e-45,9.09812915e-13,0,0,0,0,0,0,0,0
63,0,0,0,0,0,0,0,0,0,0,0,0,1.40129846e-45,9.09844899e-13,0.00100000005
64,0,0,0,0,0,0,0,0,0,0,0,0,0,0,0
65,1.40129846e-45,9.09892821e-13,0.00100000005,0,0,0,0,0,0,0,0,0,0,0,0
66,0,0,0,0,0,0,0,1.40129846e-45,9.09924805e-13,0.00100000005,0,0,0,0,0
67,0,0,0,1.40129846e-45,9.09940743e-13,0.00100000005,0,0,0,0,0,0,0,0,0
68,0,0,0,0,0,0,0,0,0,0,1.40129846e-45,9.09972727e-13,0.00100000005,0,0
69,0,0,0,0,0,0,1.40129846e-45,0,0,0,0,0,0,0,0
70,0.00100000005,0,0,0,0,0,0,0,0,0,0,0,0,1.40129846e-45,9.10020648e-13
71,0,0,0,0,0,0,0,0.00100000005,0,0,0,0,0,0,0
72,0,1.40129846e-45,9.10068678e-13,0.00100000005,0,0,0,0,0,0,0,0,0,0,0
73,0,0,0,0,0,0,0,0,1.40129846e-45,9.10100662e-13,0.00100000005,0,0,0,0
74,0,0,0,0,1.40129846e-45,9.101166e-13,0.00100000005,0,0,0,0,0,0,0,0
75,0,0,0,0,0,0,0,0,0,0,0,1.40129846e-45,9.10148584e-13,0.00100000005,0
76,0,0,0,0,0,0,0,0,0,0,0,0,0,0,0
77,9.10196614e-13,0.00100000005,0,0,0,0,0,0,0,0,0,0,0,0,1.40129846e-45
78,0,0,0,0,0,0,0,9.10228598e-13,0.00100000005,0,0,0,0,0,0
79,0,0,1.40129846e-45,9.10244536e-13,0.00100000005,0,0,0,0,0,0,0,0,0,0
80,0,0,0,0,0,0,0,0,0,1.40129846e-45,9.1027652e-13,0.00100000005,0,0,0
81,0,0,0,0,0,1.40129846e-45,9.10292458e-13,0,0,0,0,0,0,0,0
82,0,0,0,0,0,0,0,0,0,0,0,0,1.40129846e-45,9.10324442e-13,0.00100000005
83,0,0,0,0,0,0,0,0,0,0,0,0,0,0,0
84,1.40129846e-45,9.10372472e-13,0.00100000005,0,0,0,0,0,0,0,0,0,0,0,0
85,0,0,0,0,0,0,0,1.40129846e-45,9.10404456e-13,0.00100000005,0,0,0,0,0
86,0,0,0,1.40129846e-45,9.10420502e-13,0.00100000005,0,0,0,0,0,0,0,0,0
87,0,0,0,0,0,0,0,0,0,0,1.40129846e-45,9.10452486e-13,0.00100000005,0,0
88,0,0,0,0,0,0,1.40129846e-45,0,0,0,0,0,0,0,0
89,0.00100000005,0,0,0,0,0,0,0,0,0,0,0,0,1.40129846e-45,9.10500408e-13
90,0,0,0,0,0,0,0,0.00100000005,0,0,0,0,0,0,0
91,0,1.40129846e-45,9.10548438e-13,0.00100000005,0,0,0,0,0,0,0,0,0,0,0
92,0,0,0,0,0,0,0,0,1.40129846e-45,9.10580422e-13,0.00100000005,0,0,0,0
93,0,0,0,0,1.40129846e-45,9.1059636e-13,0.00100000005,0,0,0,0,0,0,0,0
94,0,0,0,0,0,0,0,0,0,0,0,1.40129846e-45,9.10628344e-13,0.00100000005,0
95,0,0,0,0,0,0,0,0,0,0,0,0,0,0,0
96,9.10676374e-13,0.00100000005,0,0,0,0,0,0,0,0,0,0,0,0,1.40129846e-45
97,0,0,0,0,0,0,0,9.10708358e-13,0.00100000005,0,0,0,0,0,0
98,0,0,1.40129846e-45,9.10724404e-13,0.00100000005,0,0,0,0,0,0,0,0,0,0
99,0,0,0,0,0,0,0,0,0,1.40129846e-45,9.10756388e-13,0.00100000005,0,0,0
100,0,0,0,0,0,1.40129846e-45,9.10772434e-13,0,0,0,0,0,0,0,0
101,0,0,0,0,0,0,0,0,0,0,0,0,1.40129846e-45,9.10804418e-13,0.00100000005
102,0,0,0,0,0,0,0,0,0,0,0,0,0,0,0
103,1.40129846e-45,9.1085234e-13,0.00100000005,0,0,0,0,0,0,0,0,0,0,0,0
104,0,0,0,0,0,0,0,1.40129846e-45,9.10884432e-13,0.00100000005,0,0,0,0,0
105,0,0,0,1.40129846e-45,9.1090037e-13,0.00100000005,0,0,0,0,0,0,0,0,0
106,0,0,0,0,0,0,0,0,0,0,1.40129846e-45,9.10932354e-13,0.00100000005,0,0
107,0,0,0,0,0,0,1.40129846e-45,0,0,0,0,0,0,0,0
108,0.00100000005,0,0,0,0,0,0,0,0,0,0,0,0,1.40129846e-45,9.10980384e-13
109,0,0,0,0,0,0,0,0.00100000005,0,0,0,0,0,0,0
110,0,1.40129846e-45,9.11028414e-13,0.00100000005,0,0,0,0,0,0,0,0,0,0,0
111,0,0,0,0,0,0,0,0,1.40129846e-45,9.11060398e-13,0.00100000005,0,0,0,0
112,0,0,0,0,1.40129846e-45,9.11076444e-13,0.00100000005,0,0,0,0,0,0,0,0
113,0,0,0,0,0,0,0,0,0,0,0,1.40129846e-45,9.11108428e-13,0.00100000005,0
114,0,0,0,0,0,0,0,0,0,0,0,0,0,0,0
115,9.11156458e-13,0.00100000005,0,0,0,0,0,0,0,0,0,0,0,0,1.40129846e-45
116,0,0,0,0,0,0,0,9.11188442e-13,0.00100000005,0,0,0,0,0,0
117,0,0,1.40129846e-45,9.11204489e-13,0.00100000005,0,0,0,0,0,0,0,0,0,0
118,0,0,0,0,0,0,0,0,0,1.40129846e-45,9.11236473e-13,0.00100000005,0,0,0
119,0,0,0,0,0,1.40129846e-45,9.11252519e-13,0,0,0,0,0,0,0,0
120,0,0,0,0,0,0,0,0,0,0,0,0,1.40129846e-45,9.11284503e-13,0.00100000005
121,0,0,0,0,0,0,0,0,0,0,0,0,0,0,0
122,1.40129846e-45,9.11332533e-13,0.00100000005,0,0,0,0,0,0,0,0,0,0,0,0
123,0,0,0,0,0,0,0,1.40129846e-45,9.11364517e-13,0.00100000005,0,0,0,0,0
124,0,0,0,1.40129846e-45,9.11380563e-13,0.00100000005,0,0,0,0,0,0,0,0,0
125,0,0,0,0,0,0,0,0,0,0,1.40129846e-45,9.11412655e-13,0.00100000005,0,0
126,0,0,0,0,0,0,1.40129846e-45,0,0,0,0,0,0,0,0
127,0.00100000005,0,0,0,0,0,0,0,0,0,0,0,0,1.40129846e-45,9.11460686e-13
128,0,0,0,0,0,0,0,0.00100000005,0,0,0,0,0,0,0
129,0,1.40129846e-45,9.11508716e-13,0.00100000005,0,0,0,0,0,0,0,0,0,0,0
130,0,0,0,0,0,0,0,0,1.40129846e-45,9.115407e-13,0.00100000005,0,0,0,0
131,0,0,0,0,1.40129846e-45,9.11556746e-13,0.00100000005,0,0,0,0,0,0,0,0
132,0,0,0,0,0,0,0,0,0,0,0,1.40129846e-45,9.1158873e-13,0.00100000005,0
133,0,0,0,0,0,0,0,0,0,0,0,0,0,0,0
134,9.1163676e-13,0.00100000005,0,0,0,0,0,0,0,0,0,0,0,0,1.40129846e-45
135,0,0,0,0,0,0,0,9.11668852e-13,0.00100000005,0,0,0,0,0,0
136,0,0,1.40129846e-45,9.1168479e-13,0.00100000005,0,0,0,0,0,0,0,0,0,0
137,0,0,0,0,0,0,0,0,0,1.40129846e-45,9.11716883e-13,0.00100000005,0,0,0
138,0,0,0,0,0,1.40129846e-45,9.11732929e-13,0,0,0,0,0,0,0,0
139,0,0,0,0,0,0,0,0,0,0,0,0,1.40129846e-45,9.11764913e-13,0.00100000005
140,0,0,0,0,0,0,0,0,0,0,0,0,0,0,0
141,1.40129846e-45,9.11812943e-13,0.00100000005,0,0,0,0,0,0,0,0,0,0,0,0
142,0,0,0,0,0,0,0,1.40129846e-45,9.11845035e-13,0.00100000005,0,0,0,0,0
143,0,0,0,1.40129846e-45,9.11860973e-13,0.00100000005,0,0,0,0,0,0,0,0,0
144,0,0,0,0,0,0,0,0,0,0,1.40129846e-45,9.11893065e-13,0.00100000005,0,0
145,0,0,0,0,0,0,1.40129846e-45,0,0,0,0,0,0,0,0
146,0.00100000005,0,0,0,0,0,0,0,0,0,0,0,0,1.40129846e-45,9.11941096e-13
147,0,0,0,0,0,0,0,0.00100000005,0,0,0,0,0,0,0
148,0,1.40129846e-45,9.11989234e-13,0.00100000005,0,0,0,0,0,0,0,0,0,0,0
149,0,0,0,0,0,0,0,0,1.40129846e-45,9.12021218e-13,0.00100000005,0,0,0,0
150,0,0,0,0,1.40129846e-45,9.12037264e-13,0.00100000005,0,0,0,0,0,0,0,0
151,0,0,0,0,0,0,0,0,0,0,0,1.40129846e-45,9.12069248e-13,0.00100000005,0
152,0,0,0,0,0,0,0,0,0,0,0,0,0,0,0
153,9.12117387e-13,0.00100000005,0,0,0,0,0,0,0,0,0,0,0,0,1.40129846e-45
154,0,0,0,0,0,0,0,9.12149371e-13,0.00100000005,0,0,0,0,0,0
155,0,0,1.40129846e-45,9.12165417e-13,0.00100000005,0,0,0,0,0,0,0,0,0,0
156,0,0,0,0,0,0,0,0,0,1.40129846e-45,9.12197509e-13,0.00100000005,0,0,0
157,0,0,0,0,0,1.40129846e-45,9.12213556e-13,0,0,0,0,0,0,0,0
158,0,0,0,0,0,0,0,0,0,0,0,0,1.40129846e-45,9.1224554e-13,0.00100000005
159,0,0,0,0,0,0,0,0,0,0,0,0,0,0,0
160,1.40129846e-45,9.12293678e-13,0.00100000005,0,0,0,0,0,0,0,0,0,0,0,0
161,0,0,0,0,0,0,0,1.40129846e-45,9.12325662e-13,0.00100000005,0,0,0,0,0
162,0,0,0,1.40129846e-45,9.12341708e-13,0.00100000005,0,0,0,0,0,0,0,0,0
163,0,0,0,0,0,0,0,0,0,0,1.40129846e-45,9.12373801e-13,0.00100000005,0,0
164,0,0,0,0,0,0,1.40129846e-45,0,0,0,0,0,0,0,0
165,0.00100000005,0,0,0,0,0,0,0,0,0,0,0,0,1.40129846e-45,9.12421831e-13
166,0,0,0,0,0,0,0,0.00100000005,0,0,0,0,0,0,0
167,0,1.40129846e-45,9.12469969e-13,0.00100000005,0,0,0,0,0,0,0,0,0,0,0
168,0,0,0,0,0,0,0,0,1.40129846e-45,9.12502062e-13,0.00100000005,0,0,0,0
169,0,0,0,0,1.40129846e-45,9.12518e-13,0.00100000005,0,0,0,0,0,0,0,0
170,0,0,0,0,0,0,0,0,0,0,0,1.40129846e-45,9.12550092e-13,0.00100000005,0
171,0,0,0,0,0,0,0,0,0,0,0,0,0,0,0
172,9.1259823e-13,0.00100000005,0,0,0,0,0,0,0,0,0,0,0,0,1.40129846e-45
173,0,0,0,0,0,0,0,9.12630214e-13,0.00100000005,0,0,0,0,0,0
174,0,0,1.40129846e-45,9.12646261e-13,0.00100000005,0,0,0,0,0,0,0,0,0,0
175,0,0,0,0,0,0,0,0,0,1.40129846e-45,9.12678353e-13,0.00100000005,0,0,0
176,0,0,0,0,0,1.40129846e-45,9.12694399e-13,0,0,0,0,0,0,0,0
177,0,0,0,0,0,0,0,0,0,0,0,0,1.40129846e-45,9.12726492e-13,0.00100000005
178,0,0,0,0,0,0,0,0,0,0,0,0,0,0,0
179,1.40129846e-45,9.12774522e-13,0.00100000005,0,0,0,0,0,0,0,0,0,0,0,0
180,0,0,0,0,0,0,0,1.40129846e-45,9.12806614e-13,0.00100000005,0,0,0,0,0
181,0,0,0,1.40129846e-45,9.1282266e-13,0.00100000005,0,0,0,0,0,0,0,0,0
182,0,0,0,0,0,0,0,0,0,0,1.40129846e-45,9.12854753e-13,0.00100000005,0,0
183,0,0,0,0,0,0,1.40129846e-45,0,0,0,0,0,0,0,0
184,0.00100000005,0,0,0,0,0,0,0,0,0,0,0,0,1.40129846e-45,9.12902891e-13
185,0,0,0,0,0,0,0,0.00100000005,0,0,0,0,0,0,0
186,0,1.40129846e-45,9.12950921e-13,0.00100000005,0,0,0,0,0,0,0,0,0,0,0
187,0,0,0,0,0,0,0,0,1.40129846e-45,9.12983014e-13,0.00100000005,0,0,0,0
188,0,0,0,0,1.40129846e-45,9.1299906e-13,0.00100000005,0,0,0,0,0,0,0,0
189,0,0,0,0,0,0,0,0,0,0,0,1.40129846e-45,9.13031152e-13,0.00100000005,0
190,0,0,0,0,0,0,0,0,0,0,0,0,0,0,0
191,9.13079291e-13,0.00100000005,0,0,0,0,0,0,0,0,0,0,0,0,1.40129846e-45
192,0,0,0,0,0,0,0,9.13111383e-13,0.00100000005,0,0,0,0,0,0
193,0,0,1.40129846e-45,9.1312743e-13,0.00100000005,0,0,0,0,0,0,0,0,0,0
194,0,0,0,0,0,0,0,0,0,1.40129846e-45,9.13159522e-13,0.00100000005,0,0,0
195,0,0,0,0,0,1.40129846e-45,9.13175568e-13,0,0,0,0,0,0,0,0
196,0,0,0,0,0,0,0,0,0,0,0,0,1.40129846e-45,9.13207661e-13,0.00100000005
197,0,0,0,0,0,0,0,0,0,0,0,0,0,0,0
198,1.40129846e-45,9.13255691e-13,0.00100000005,0,0,0,0,0,0,0,0,0,0,0,0
199,0,0,0,0,0,0,0,1.40129846e-45,9.13287783e-13,0.00100000005,0,0,0,0,0
200,0,0,0,1.40129846e-45,9.13303829e-13,0.00100000005,0,0,0,0,0,0,0,0,0
201,0,0,0,0,0,0,0,0,0,0,1.40129846e-45,9.13335922e-13,0.00100000005,0,0
202,0,0,0,0,0,0,1.40129846e-45,0,0,0,0,0,0,0,0
203,0.00100000005,0,0,0,0,0,0,0,0,0,0,0,0,1.40129846e-45,9.1338406e-13
204,0,0,0,0,0,0,0,0.00100000005,0,0,0,0,0,0,0
205,0,1.40129846e-45,9.13432199e-13,0.00100000005,0,0,0,0,0,0,0,0,0,0,0
206,0,0,0,0,0,0,0,0,1.40129846e-45,9.13464291e-13,0.00100000005,0,0,0,0
207,0,0,0,0,1.40129846e-45,9.13480337e-13,0.00100000005,0,0,0,0,0,0,0,0
208,0,0,0,0,0,0,0,0,0,0,0,1.40129846e-45,9.1351243e-13,0.00100000005,0
209,0,0,0,0,0,0,0,0,0,0,0,0,0,0,0
210,9.13560568e-13,0.00100000005,0,0,0,0,0,0,0,0,0,0,0,0,1.40129846e-45
211,0,0,0,0,0,0,0,9.13592769e-13,0.00100000005,0,0,0,0,0,0
212,0,0,1.40129846e-45,9.13608815e-13,0.00100000005,0,0,0,0,0,0,0,0,0,0
213,0,0,0,0,0,0,0,0,0,1.40129846e-45,9.13640908e-13,0.00100000005,0,0,0
214,0,0,0,0,0,1.40129846e-45,9.13656954e-13,0,0,0,0,0,0,0,0
215,0,0,0,0,0,0,0,0,0,0,0,0,1.40129846e-45,9.13689046e-13,0.00100000005
216,0,0,0,0,0,0,0,0,0,0,0,0,0,0,0
217,1.40129846e-45,9.13737185e-13,0.00100000005,0,0,0,0,0,0,0,0,0,0,0,0
218,0,0,0,0,0,0,0,1.40129846e-45,9.13769277e-13,0.00100000005,0,0,0,0,0
219,0,0,0,1.40129846e-45,9.13785323e-13,0.00100000005,0,0,0,0,0,0,0,0,0
220,0,0,0,0,0,0,0,0,0,0,1.40129846e-45,9.13817416e-13,0.00100000005,0,0
221,0,0,0,0,0,0,1.40129846e-45,0,0,0,0,0,0,0,0
222,0.00100000005,0,0,0,0,0,0,0,0,0,0,0,0,1.40129846e-45,9.13865554e-13
223,0,0,0,0,0,0,0,0.00100000005,0,0,0,0,0,0,0
224,0,1.40129846e-45,9.13913801e-13,0.00100000005,0,0,0,0,0,0,0,0,0,0,0
225,0,0,0,0,0,0,0,0,1.40129846e-45,9.13945894e-13,0.00100000005,0,0,0,0
226,0,0,0,0,1.40129846e-45,9.1396194e-13,0.00100000005,0,0,0,0,0,0,0,0
227,0,0,0,0,0,0,0,0,0,0,0,1.40129846e-45,9.13994032e-13,0.00100000005,0
228,0,0,0,0,0,0,0,0,0,0,0,0,0,0,0
229,9.14042171e-13,0.00100000005,0,0,0,0,0,0,0,0,0,0,0,0,1.40129846e-45
230,0,0,0,0,0,0,0,9.14074372e-13,0.00100000005,0,0,0,0,0,0
231,0,0,1.40129846e-45,9.14090418e-13,0.00100000005,0,0,0,0,0,0,0,0,0,0
232,0,0,0,0,0,0,0,0,0,1.40129846e-45,9.1412251e-13,0.00100000005,0,0,0
233,0,0,0,0,0,1.40129846e-45,9.14138557e-13,0,0,0,0,0,0,0,0
234,0,0,0,0,0,0,0,0,0,0,0,0,1.40129846e-45,9.14170649e-13,0.00100000005
235,0,0,0,0,0,0,0,0,0,0,0,0,0,0,0
236,1.40129846e-45,9.14218896e-13,0.00100000005,0,0,0,0,0,0,0,0,0,0,0,0
237,0,0,0,0,0,0,0,1.40129846e-45,9.14250988e-13,0.00100000005,0,0,0,0,0
238,0,0,0,1.40129846e-45,9.14267034e-13,0.00100000005,0,0,0,0,0,0,0,0,0
239,0,0,0,0,0,0,0,0,0,0,1.40129846e-45,9.14299127e-13,0.00100000005,0,0
240,0,0,0,0,0,0,1.40129846e-45,0,0,0,0,0,0,0,0
241,0.00100000005,0,0,0,0,0,0,0,0,0,0,0,0,1.40129846e-45,9.14347374e-13
242,0,0,0,0,0,0,0,0.00100000005,0,0,0,0,0,0,0
243,0,1.40129846e-45,9.14395512e-13,0.00100000005,0,0,0,0,0,0,0,0,0,0,0
244,0,0,0,0,0,0,0,0,1.40129846e-45,9.14427713e-13,0.00100000005,0,0,0,0
245,0,0,0,0,1.40129846e-45,9.14443759e-13,0.00100000005,0,0,0,0,0,0,0,0
246,0,0,0,0,0,0,0,0,0,0,0,1.40129846e-45,9.14475852e-13,0.00100000005,0
247,0,0,0,0,0,0,0,0,0,0,0,0,0,0,0
248,9.14524099e-13,0.00100000005,0,0,0,0,0,0,0,0,0,0,0,0,1.40129846e-45
249,0,0,0,0,0,0,0,9.14556191e-13,0.00100000005,0,0,0,0,0,0
250,0,0,1.40129846e-45,9.14572237e-13,0.00100000005,0,0,0,0,0,0,0,0,0,0
251,0,0,0,0,0,0,0,0,0,1.40129846e-45,9.14604438e-13,0.00100000005,0,0,0
252,0,0,0,0,0,1.40129846e-45,9.14620484e-13,0,0,0,0,0,0,0,0
253,0,0,0,0,0,0,0,0,0,0,0,0,1.40129846e-45,9.14652577e-13,0.00100000005
254,0,0,0,0,0,0,0,0,0,0,0,0,0,0,0
255,1.40129846e-45,9.14700824e-13,0.00100000005,0,0,0,0,0,0,0,0,0,0,0,0
256,0,0,0,0,0,0,0,1.40129846e-45,9.14732916e-13,0.00100000005,0,0,0,0,0
257,0,0,0,1.40129846e-45,9.14748962e-13,0.00100000005,0,0,0,0,0,0,0,0,0
258,0,0,0,0,0,0,0,0,0,0,1.40129846e-45,9.14781163e-13,0.00100000005,0,0
259,0,0,0,0,0,0,1.40129846e-45,0,0,0,0,0,0,0,0
260,0.00100000005,0,0,0,0,0,0,0,0,0,0,0,0,1.40129846e-45,9.1482941e-13
261,0,0,0,0,0,0,0,0.00100000005,0,0,0,0,0,0,0
262,0,1.40129846e-45,9.14877549e-13,0.00100000005,0,0,0,0,0,0,0,0,0,0,0
263,0,0,0,0,0,0,0,0,1.40129846e-45,9.1490975e-13,0.00100000005,0,0,0,0
264,0,0,0,0,1.40129846e-45,9.14925796e-13,0.00100000005,0,0,0,0,0,0,0,0
265,0,0,0,0,0,0,0,0,0,0,0,1.40129846e-45,9.14957888e-13,0.00100000005,0
266,0,0,0,0,0,0,0,0,0,0,0,0,0,0,0
267,9.15006135e-13,0.00100000005,0,0,0,0,0,0,0,0,0,0,0,0,1.40129846e-45
268,0,0,0,0,0,0,0,9.15038336e-13,0.00100000005,0,0,0,0,0,0
269,0,0,1.40129846e-45,9.15054382e-13,0.00100000005,0,0,0,0,0,0,0,0,0,0
270,0,0,0,0,0,0,0,0,0,1.40129846e-45,9.15086583e-13,0.00100000005,0,0,0
271,0,0,0,0,0,1.40129846e-45,9.15102629e-13,0,0,0,0,0,0,0,0
272,0,0,0,0,0,0,0,0,0,0,0,0,1.40129846e-45,9.15134721e-13,0.00100000005
273,0,0,0,0,0,0,0,0,0,0,0,0,0,0,0
274,1.40129846e-45,9.15182968e-13,0.00100000005,0,0,0,0,0,0,0,0,0,0,0,0
275,0,0,0,0,0,0,0,1.40129846e-45,9.15215169e-13,0.00100000005,0,0,0,0,0
276,0,0,0,1.40129846e-45,9.15231215e-13,0.00100000005,0,0,0,0,0,0,0,0,0
277,0,0,0,0,0,0,0,0,0,0,1.40129846e-45,9.15263416e-13,0.00100000005,0,0
278,0,0,0,0,0,0,1.40129846e-45,0,0,0,0,0,0,0,0
279,0.00100000005,0,0,0,0,0,0,0,0,0,0,0,0,1.40129846e-45,9.15311663e-13
280,0,0,0,0,0,0,0,0.00100000005,0,0,0,0,0,0,0
281,0,1.40129846e-45,9.1535991e-13,0.00100000005,0,0,0,0,0,0,0,0,0,0,0
282,0,0,0,0,0,0,0,0,1.40129846e-45,9.15392003e-13,0.00100000005,0,0,0,0
283,0,0,0,0,1.40129846e-45,9.15408049e-13,0.00100000005,0,0,0,0,0,0,0,0
284,0,0,0,0,0,0,0,0,0,0,0,1.40129846e-45,9.1544025e-13,0.00100000005,0
285,0,0,0,0,0,0,0,0,0,0,0,0,0,0,0
286,9.15488497e-13,0.00100000005,0,0,0,0,0,0,0,0,0,0,0,0,1.40129846e-45
287,0,0,0,0,0,0,0,9.15520697e-13,0.00100000005,0,0,0,0,0,0
288,0,0,1.40129846e-45,9.15536744e-13,0.00100000005,0,0,0,0,0,0,0,0,0,0
289,0,0,0,0,0,0,0,0,0,1.40129846e-45,9.15568944e-13,0.00100000005,0,0,0
290,0,0,0,0,0,1.40129846e-45,9.15584991e-13,0,0,0,0,0,0,0,0
291,0,0,0,0,0,0,0,0,0,0,0,0,1.40129846e-45,9.15617191e-13,0.00100000005
292,0,0,0,0,0,0,0,0,0,0,0,0,0,0,0
293,1.40129846e-45,9.15665438e-13,0.00100000005,0,0,0,0,0,0,0,0,0,0,0,0
294,0,0,0,0,0,0,0,1.40129846e-45,9.15697639e-13,0.00100000005,0,0,0,0,0
295,0,0,0,1.40129846e-45,9.15713685e-13,0.00100000005,0,0,0,0,0,0,0,0,0
296,0,0,0,0,0,0,0,0,0,0,1.40129846e-45,9.15745886e-13,0.00100000005,0,0
297,0,0,0,0,0,0,1.40129846e-45,0,0,0,0,0,0,0,0
298,0.00100000005,0,0,0,0,0,0,0,0,0,0,0,0,1.40129846e-45,9.15794133e-13
299,0,0,0,0,0,0,0,0.00100000005,0,0,0,0,0,0,0
300,0,1.40129846e-45,9.1584238e-13,0.00100000005,0,0,0,0,0,0,0,0,0,0,0
301,0,0,0,0,0,0,0,0,1.40129846e-45,9.15874581e-13,0.00100000005,0,0,0,0
302,0,0,0,0,1.40129846e-45,9.15890627e-13,0.00100000005,0,0,0,0,0,0,0,0
303,0,0,0,0,0,0,0,0,0,0,0,1.40129846e-45,9.15922828e-13,0.00100000005,0
304,0,0,0,0,0,0,0,0,0,0,0,0,0,0,0
305,9.15971075e-13,0.00100000005,0,0,0,0,0,0,0,0,0,0,0,0,1.40129846e-45
306,0,0,0,0,0,0,0,9.16003276e-13,0.00100000005,0,0,0,0,0,0
307,0,0,1.40129846e-45,9.1601943e-13,0.00100000005,0,0,0,0,0,0,0,0,0,0
308,0,0,0,0,0,0,0,0,0,1.40129846e-45,9.16051631e-13,0.00100000005,0,0,0
309,0,0,0,0,0,1.40129846e-45,9.16067677e-13,0,0,0,0,0,0,0,0
310,0,0,0,0,0,0,0,0,0,0,0,0,1.40129846e-45,9.16099878e-13,0.00100000005
311,0,0,0,0,0,0,0,0,0,0,0,0,0,0,0
312,1.40129846e-45,9.16148125e-13,0.00100000005,0,0,0,0,0,0,0,0,0,0,0,0
313,0,0,0,0,0,0,0,1.40129846e-45,9.16180326e-13,0.00100000005,0,0,0,0,0
314,0,0,0,1.40129846e-45,9.16196372e-13,0.00100000005,0,0,0,0,0,0,0,0,0
315,0,0,0,0,0,0,0,0,0,0,1.40129846e-45,9.16228573e-13,0.00100000005,0,0
316,0,0,0,0,0,0,1.40129846e-45,0,0,0,0,0,0,0,0
317,0.00100000005,0,0,0,0,0,0,0,0,0,0,0,0,1.40129846e-45,9.16276928e-13
318,0,0,0,0,0,0,0,0.00100000005,0,0,0,0,0,0,0
319,0,1.40129846e-45,9.16325175e-13,0.00100000005,0,0,0,0,0,0,0,0,0,0,0
320,0,0,0,0,0,0,0,0,1.40129846e-45,9.16357376e-13,0.00100000005,0,0,0,0
321,0,0,0,0,1.40129846e-45,9.16373531e-13,0.00100000005,0,0,0,0,0,0,0,0
322,0,0,0,0,0,0,0,0,0,0,0,1.40129846e-45,9.16405732e-13,0.00100000005,0
323,0,0,0,0,0,0,0,0,0,0,0,0,0,0,0
324,9.16453979e-13,0.00100000005,0,0,0,0,0,0,0,0,0,0,0,0,1.40129846e-45
325,0,0,0,0,0,0,0,9.16486179e-13,0.00100000005,0,0,0,0,0,0
326,0,0,1.40129846e-45,9.16502334e-13,0.00100000005,0,0,0,0,0,0,0,0,0,0
327,0,0,0,0,0,0,0,0,0,1.40129846e-45,9.16534535e-13,0.00100000005,0,0,0
328,0,0,0,0,0,1.40129846e-45,9.16550581e-13,0,0,0,0,0,0,0,0
329,0,0,0,0,0,0,0,0,0,0,0,0,1.40129846e-45,9.16582782e-13,0.00100000005
330,0,0,0,0,0,0,0,0,0,0,0,0,0,0,0
331,1.40129846e-45,9.16631137e-13,0.00100000005,0,0,0,0,0,0,0,0,0,0,0,0
332,0,0,0,0,0,0,0,1.40129846e-45,9.16663338e-13,0.00100000005,0,0,0,0,0
333,0,0,0,1.40129846e-45,9.16679384e-13,0.00100000005,0,0,0,0,0,0,0,0,0
334,0,0,0,0,0,0,0,0,0,0,1.40129846e-45,9.16711585e-13,0.00100000005,0,0
335,0,0,0,0,0,0,1.40129846e-45,0,0,0,0,0,0,0,0
336,0.00100000005,0,0,0,0,0,0,0,0,0,0,0,0,1.40129846e-45,9.16759941e-13
337,0,0,0,0,0,0,0,0.00100000005,0,0,0,0,0,0,0
338,0,1.40129846e-45,9.16808296e-13,0.00100000005,0,0,0,0,0,0,0,0,0,0,0
339,0,0,0,0,0,0,0,0,1.40129846e-45,9.16840497e-13,0.00100000005,0,0,0,0
340,0,0,0,0,1.40129846e-45,9.16856543e-13,0.00100000005,0,0,0,0,0,0,0,0
341,0,0,0,0,0,0,0,0,0,0,0,1.40129846e-45,9.16888744e-13,0.00100000005,0
342,0,0,0,0,0,0,0,0,0,0,0,0,0,0,0
343,9.16937099e-13,0.00100000005,0,0,0,0,0,0,0,0,0,0,0,0,1.40129846e-45
344,0,0,0,0,0,0,0,9.169693e-13,0.00100000005,0,0,0,0,0,0
345,0,0,1.40129846e-45,9.16985455e-13,0.00100000005,0,0,0,0,0,0,0,0,0,0
346,0,0,0,0,0,0,0,0,0,1.40129846e-45,9.17017655e-13,0.00100000005,0,0,0
347,0,0,0,0,0,1.40129846e-45,9.17033702e-13,0,0,0,0,0,0,0,0
348,0,0,0,0,0,0,0,0,0,0,0,0,1.40129846e-45,9.17066011e-13,0.00100000005
349,0,0,0,0,0,0,0,0,0,0,0,0,0,0,0
350,1.40129846e-45,9.17114258e-13,0.00100000005,0,0,0,0,0,0,0,0,0,0,0,0
351,0,0,0,0,0,0,0,1.40129846e-45,9.17146567e-13,0.00100000005,0,0,0,0,0
352,0,0,0,1.40129846e-45,9.17162613e-13,0.00100000005,0,0,0,0,0,0,0,0,0
353,0,0,0,0,0,0,0,0,0,0,1.40129846e-45,9.17194814e-13,0.00100000005,0,0
354,0,0,0,0,0,0,1.40129846e-45,0,0,0,0,0,0,0,0
355,0.00100000005,0,0,0,0,0,0,0,0,0,0,0,0,1.40129846e-45,9.17243169e-13
356,0,0,0,0,0,0,0,0.00100000005,0,0,0,0,0,0,0
357,0,1.40129846e-45,9.17291525e-13,0.00100000005,0,0,0,0,0,0,0,0,0,0,0
358,0,0,0,0,0,0,0,0,1.40129846e-45,9.17323726e-13,0.00100000005,0,0,0,0
359,0,0,0,0,1.40129846e-45,9.1733988e-13,0.00100000005,0,0,0,0,0,0,0,0
360,0,0,0,0,0,0,0,0,0,0,0,1.40129846e-45,9.17372081e-13,0.00100000005,0
361,0,0,0,0,0,0,0,0,0,0,0,0,0,0,0
362,9.17420436e-13,0.00100000005,0,0,0,0,0,0,0,0,0,0,0,0,1.40129846e-45
363,0,0,0,0,0,0,0,9.17452746e-13,0.00100000005,0,0,0,0,0,0
364,0,0,1.40129846e-45,9.17468792e-13,0.00100000005,0,0,0,0,0,0,0,0,0,0
365,0,0,0,0,0,0,0,0,0,1.40129846e-45,9.17501101e-13,0.00100000005,0,0,0
366,0,0,0,0,0,1.40129846e-45,9.17517147e-13,0,0,0,0,0,0,0,0
367,0,0,0,0,0,0,0,0,0,0,0,0,1.40129846e-45,9.17549457e-13,0.00100000005
368,0,0,0,0,0,0,0,0,0,0,0,0,0,0,0
369,1.40129846e-45,9.17597812e-13,0.00100000005,0,0,0,0,0,0,0,0,0,0,0,0
370,0,0,0,0,0,0,0,1.40129846e-45,9.17630013e-13,0.00100000005,0,0,0,0,0
371,0,0,0,1.40129846e-45,9.17646167e-13,0.00100000005,0,0,0,0,0,0,0,0,0
372,0,0,0,0,0,0,0,0,0,0,1.40129846e-45,9.17678368e-13,0.00100000005,0,0
373,0,0,0,0,0,0,1.40129846e-45,0,0,0,0,0,0,0,0
374,0.00100000005,0,0,0,0,0,0,0,0,0,0,0,0,1.40129846e-45,9.17726724e-13
375,0,0,0,0,0,0,0,0.00100000005,0,0,0,0,0,0,0
376,0,1.40129846e-45,9.17775079e-13,0.00100000005,0,0,0,0,0,0,0,0,0,0,0
377,0,0,0,0,0,0,0,0,1.40129846e-45,9.17807388e-13,0.00100000005,0,0,0,0
378,0,0,0,0,1.40129846e-45,9.17823434e-13,0.00100000005,0,0,0,0,0,0,0,0
379,0,0,0,0,0,0,0,0,0,0,0,1.40129846e-45,9.17855744e-13,0.00100000005,0
380,0,0,0,0,0,0,0,0,0,0,0,0,0,0,0
381,9.17904099e-13,0.00100000005,0,0,0,0,0,0,0,0,0,0,0,0,1.40129846e-45
382,0,0,0,0,0,0,0,9.179363e-13,0.00100000005,0,0,0,0,0,0
383,0,0,1.40129846e-45,9.17952455e-13,0.00100000005,0,0,0,0,0,0,0,0,0,0
384,0,0,0,0,0,0,0,0,0,1.40129846e-45,9.17984764e-13,0.00100000005,0,0,0
385,0,0,0,0,0,1.40129846e-45,9.1800081e-13,0,0,0,0,0,0,0,0
386,0,0,0,0,0,0,0,0,0,0,0,0,1.40129846e-45,9.18033119e-13,0.00100000005
387,0,0,0,0,0,0,0,0,0,0,0,0,0,0,0
388,1.40129846e-45,9.18081475e-13,0.00100000005,0,0,0,0,0,0,0,0,0,0,0,0
389,0,0,0,0,0,0,0,1.40129846e-45,9.18113784e-13,0.00100000005,0,0,0,0,0
390,0,0,0,1.40129846e-45,9.1812983e-13,0.00100000005,0,0,0,0,0,0,0,0,0
391,0,0,0,0,0,0,0,0,0,0,1.40129846e-45,9.18162139e-13,0.00100000005,0,0
392,0,0,0,0,0,0,1.40129846e-45,0,0,0,0,0,0,0,0
393,0.00100000005,0,0,0,0,0,0,0,0,0,0,0,0,1.40129846e-45,9.18210495e-13
394,0,0,0,0,0,0,0,0.00100000005,0,0,0,0,0,0,0
395,0,1.40129846e-45,9.18258958e-13,0.00100000005,0,0,0,0,0,0,0,0,0,0,0
396,0,0,0,0,0,0,0,0,1.40129846e-45,9.18291159e-13,0.00100000005,0,0,0,0
397,0,0,0,0,1.40129846e-45,9.18307314e-13,0.00100000005,0,0,0,0,0,0,0,0
398,0,0,0,0,0,0,0,0,0,0,0,1.40129846e-45,9.18339623e-13,0.00100000005,0
399,0,0,0,0,0,0,0,0,0,0,0,0,0,0,0
400,9.18387979e-13,0.00100000005,0,0,0,0,0,0,0,0,0,0,0,0,1.40129846e-45
401,0,0,0,0,0,0,0,9.18420288e-13,0.00100000005,0,0,0,0,0,0
402,0,0,1.40129846e-45,9.18436334e-13,0.00100000005,0,0,0,0,0,0,0,0,0,0
403,0,0,0,0,0,0,0,0,0,1.40129846e-45,9.18468643e-13,0.00100000005,0,0,0
404,0,0,0,0,0,1.40129846e-45,9.18484798e-13,0,0,0,0,0,0,0,0
405,0,0,0,0,0,0,0,0,0,0,0,0,1.40129846e-45,9.18517107e-13,0.00100000005
406,0,0,0,0,0,0,0,0,0,0,0,0,0,0,0
407,1.40129846e-45,9.18565462e-13,0.00100000005,0,0,0,0,0,0,0,0,0,0,0,0
408,0,0,0,0,0,0,0,1.40129846e-45,9.18597772e-13,0.00100000005,0,0,0,0,0
409,0,0,0,1.40129846e-45,9.18613926e-13,0.00100000005,0,0,0,0,0,0,0,0,0
410,0,0,0,0,0,0,0,0,0,0,1.40129846e-45,9.18646127e-13,0.00100000005,0,0
411,0,0,0,0,0,0,1.40129846e-45,0,0,0,0,0,0,0,0
412,0.00100000005,0,0,0,0,0,0,0,0,0,0,0,0,1.40129846e-45,9.18694591e-13
413,0,0,0,0,0,0,0,0.00100000005,0,0,0,0,0,0,0
414,0,1.40129846e-45,9.18742946e-13,0.00100000005,0,0,0,0,0,0,0,0,0,0,0
415,0,0,0,0,0,0,0,0,1.40129846e-45,9.18775256e-13,0.00100000005,0,0,0,0
416,0,0,0,0,1.40129846e-45,9.1879141e-13,0.00100000005,0,0,0,0,0,0,0,0
417,0,0,0,0,0,0,0,0,0,0,0,1.40129846e-45,9.18823719e-13,0.00100000005,0
418,0,0,0,0,0,0,0,0,0,0,0,0,0,0,0
419,9.18872075e-13,0.00100000005,0,0,0,0,0,0,0,0,0,0,0,0,1.40129846e-45
420,0,0,0,0,0,0,0,9.18904384e-13,0.00100000005,0,0,0,0,0,0
421,0,0,1.40129846e-45,9.18920539e-13,0.00100000005,0,0,0,0,0,0,0,0,0,0
422,0,0,0,0,0,0,0,0,0,1.40129846e-45,9.18952848e-13,0.00100000005,0,0,0
423,0,0,0,0,0,1.40129846e-45,9.18969002e-13,0,0,0,0,0,0,0,0
424,0,0,0,0,0,0,0,0,0,0,0,0,1.40129846e-45,9.19001312e-13,0.00100000005
425,0,0,0,0,0,0,0,0,0,0,0,0,0,0,0
426,1.40129846e-45,9.19049667e-13,0.00100000005,0,0,0,0,0,0,0,0,0,0,0,0
427,0,0,0,0,0,0,0,1.40129846e-45,9.19081976e-13,0.00100000005,0,0,0,0,0
428,0,0,0,1.40129846e-45,9.19098131e-13,0.00100000005,0,0,0,0,0,0,0,0,0
429,0,0,0,0,0,0,0,0,0,0,1.40129846e-45,9.1913044e-13,0.00100000005,0,0
430,0,0,0,0,0,0,1.40129846e-45,0,0,0,0,0,0,0,0
431,0.00100000005,0,0,0,0,0,0,0,0,0,0,0,0,1.40129846e-45,9.19178904e-13
432,0,0,0,0,0,0,0,0.00100000005,0,0,0,0,0,0,0
433,0,1.40129846e-45,9.19227368e-13,0.00100000005,0,0,0,0,0,0,0,0,0,0,0
434,0,0,0,0,0,0,0,0,1.40129846e-45,9.19259569e-13,0.00100000005,0,0,0,0
435,0,0,0,0,1.40129846e-45,9.19275723e-13,0.00100000005,0,0,0,0,0,0,0,0
436,0,0,0,0,0,0,0,0,0,0,0,1.40129846e-45,9.19308032e-13,0.00100000005,0
437,0,0,0,0,0,0,0,0,0,0,0,0,0,0,0
438,9.19356496e-13,0.00100000005,0,0,0,0,0,0,0,0,0,0,0,0,1.40129846e-45
439,0,0,0,0,0,0,0,9.19388806e-13,0.00100000005,0,0,0,0,0,0
440,0,0,1.40129846e-45,9.1940496e-13,0.00100000005,0,0,0,0,0,0,0,0,0,0
441,0,0,0,0,0,0,0,0,0,1.40129846e-45,9.19437269e-13,0.00100000005,0,0,0
442,0,0,0,0,0,1.40129846e-45,9.19453424e-13,0,0,0,0,0,0,0,0
443,0,0,0,0,0,0,0,0,0,0,0,0,1.40129846e-45,9.19485733e-13,0.00100000005
444,0,0,0,0,0,0,0,0,0,0,0,0,0,0,0
445,1.40129846e-45,9.19534197e-13,0.00100000005,0,0,0,0,0,0,0,0,0,0,0,0
446,0,0,0,0,0,0,0,1.40129846e-45,9.19566506e-13,0.00100000005,0,0,0,0,0
447,0,0,0,1.40129846e-45,9.19582661e-13,0.00100000005,0,0,0,0,0,0,0,0,0
448,0,0,0,0,0,0,0,0,0,0,1.40129846e-45,9.1961497e-13,0.00100000005,0,0
449,0,0,0,0,0,0,1.40129846e-45,0,0,0,0,0,0,0,0
450,0.00100000005,0,0,0,0,0,0,0,0,0,0,0,0,1.40129846e-45,9.19663434e-13
451,0,0,0,0,0,0,0,0.00100000005,0,0,0,0,0,0,0
452,0,1.40129846e-45,9.19711898e-13,0.00100000005,0,0,0,0,0,0,0,0,0,0,0
453,0,0,0,0,0,0,0,0,1.40129846e-45,9.19744207e-13,0.00100000005,0,0,0,0
454,0,0,0,0,1.40129846e-45,9.19760362e-13,0.00100000005,0,0,0,0,0,0,0,0
455,0,0,0,0,0,0,0,0,0,0,0,1.40129846e-45,9.19792671e-13,0.00100000005,0
456,0,0,0,0,0,0,0,0,0,0,0,0,0,0,0
457,9.19841135e-13,0.00100000005,0,0,0,0,0,0,0,0,0,0,0,0,1.40129846e-45
458,0,0,0,0,0,0,0,9.19873444e-13,0.00100000005,0,0,0,0,0,0
459,0,0,1.40129846e-45,9.19889599e-13,0.00100000005,0,0,0,0,0,0,0,0,0,0
460,0,0,0,0,0,0,0,0,0,1.40129846e-45,9.19921908e-13,0.00100000005,0,0,0
461,0,0,0,0,0,1.40129846e-45,9.19938171e-13,0,0,0,0,0,0,0,0
462,0,0,0,0,0,0,0,0,0,0,0,0,1.40129846e-45,9.1997048e-13,0.00100000005
463,0,0,0,0,0,0,0,0,0,0,0,0,0,0,0
464,1.40129846e-45,9.20018944e-13,0.00100000005,0,0,0,0,0,0,0,0,0,0,0,0
465,0,0,0,0,0,0,0,1.40129846e-45,9.20051253e-13,0.00100000005,0,0,0,0,0
466,0,0,0,1.40129846e-45,9.20067408e-13,0.00100000005,0,0,0,0,0,0,0,0,0
467,0,0,0,0,0,0,0,0,0,0,1.40129846e-45,9.20099717e-13,0.00100000005,0,0
468,0,0,0,0,0,0,1.40129846e-45,0,0,0,0,0,0,0,0
469,0.00100000005,0,0,0,0,0,0,0,0,0,0,0,0,1.40129846e-45,9.20148289e-13
470,0,0,0,0,0,0,0,0.00100000005,0,0,0,0,0,0,0
471,0,1.40129846e-45,9.20196753e-13,0.00100000005,0,0,0,0,0,0,0,0,0,0,0
472,0,0,0,0,0,0,0,0,1.40129846e-45,9.20229062e-13,0.00100000005,0,0,0,0
473,0,0,0,0,1.40129846e-45,9.20245217e-13,0.00100000005,0,0,0,0,0,0,0,0
474,0,0,0,0,0,0,0,0,0,0,0,1.40129846e-45,9.20277526e-13,0.00100000005,0
475,0,0,0,0,0,0,0,0,0,0,0,0,0,0,0
476,9.20326098e-13,0.00100000005,0,0,0,0,0,0,0,0,0,0,0,0,1.40129846e-45
477,0,0,0,0,0,0,0,9.20358408e-13,0.00100000005,0,0,0,0,0,0
478,0,0,1.40129846e-45,9.20374562e-13,0.00100000005,0,0,0,0,0,0,0,0,0,0
479,0,0,0,0,0,0,0,0,0,1.40129846e-45,9.20406871e-13,0.00100000005,0,0,0
480,0,0,0,0,0,1.40129846e-45,9.20423026e-13,0,0,0,0,0,0,0,0
481,0,0,0,0,0,0,0,0,0,0,0,0,1.40129846e-45,9.20455444e-13,0.00100000005
482,0,0,0,0,0,0,0,0,0,0,0,0,0,0,0
483,1.40129846e-45,9.20503907e-13,0.00100000005,0,0,0,0,0,0,0,0,0,0,0,0
484,0,0,0,0,0,0,0,1.40129846e-45,9.20536217e-13,0.00100000005,0,0,0,0,0
485,0,0,0,1.40129846e-45,9.2055248e-13,0.00100000005,0,0,0,0,0,0,0,0,0
486,0,0,0,0,0,0,0,0,0,0,1.40129846e-45,9.20584789e-13,0.00100000005,0,0
487,0,0,0,0,0,0,1.40129846e-45,0,0,0,0,0,0,0,0
488,0.00100000005,0,0,0,0,0,0,0,0,0,0,0,0,1.40129846e-45,9.20633253e-13
489,0,0,0,0,0,0,0,0.00100000005,0,0,0,0,0,0,0
490,0,1.40129846e-45,9.20681825e-13,0.00100000005,0,0,0,0,0,0,0,0,0,0,0
491,0,0,0,0,0,0,0,0,1.40129846e-45,9.20714134e-13,0.00100000005,0,0,0,0
492,0,0,0,0,1.40129846e-45,9.20730397e-13,0.00100000005,0,0,0,0,0,0,0,0
493,0,0,0,0,0,0,0,0,0,0,0,1.40129846e-45,9.20762707e-13,0.00100000005,0
494,0,0,0,0,0,0,0,0,0,0,0,0,0,0,0
495,9.2081117e-13,0.00100000005,0,0,0,0,0,0,0,0,0,0,0,0,1.40129846e-45
496,0,0,0,0,0,0,0,9.20843588e-13,0.00100000005,0,0,0,0,0,0
497,0,0,1.40129846e-45,9.20859743e-13,0.00100000005,0,0,0,0,0,0,0,0,0,0
498,0,0,0,0,0,0,0,0,0,1.40129846e-45,9.2089216e-13,0.00100000005,0,0,0
499,0,0,0,0,0,1.40129846e-45,9.20908315e-13,0,0,0,0,0,0,0,0
500,0,0,0,0,0,0,0,0,0,0,0,0,1.40129846e-45,9.20940624e-13,0.00100000005
501,0,0,0,0,0,0,0,0,0,0,0,0,0,0,0
502,1.40129846e-45,9.20989196e-13,0.00100000005,0,0,0,0,0,0,0,0,0,0,0,0
503,0,0,0,0,0,0,0,1.40129846e-45,9.21021506e-13,0.00100000005,0,0,0,0,0
504,0,0,0,1.40129846e-45,9.21037769e-13,0.00100000005,0,0,0,0,0,0,0,0,0
505,0,0,0,0,0,0,0,0,0,0,1.40129846e-45,9.21070078e-13,0.00100000005,0,0
506,0,0,0,0,0,0,1.40129846e-45,0,0,0,0,0,0,0,0
507,0.00100000005,0,0,0,0,0,0,0,0,0,0,0,0,1.40129846e-45,9.2111865e-13
508,0,0,0,0,0,0,0,0.00100000005,0,0,0,0,0,0,0
509,0,1.40129846e-45,9.21167222e-13,0.00100000005,0,0,0,0,0,0,0,0,0,0,0
510,0,0,0,0,0,0,0,0,1.40129846e-45,9.21199532e-13,0.00100000005,0,0,0,0
511,0,0,0,0,1.40129846e-45,9.21215686e-13,0.00100000005,0,0,0,0,0,0,0,0
512,0,0,0,0,0,0,0,0,0,0,0,1.40129846e-45,9.21248104e-13,0.00100000005,0
513,0,0,0,0,0,0,0,0,0,0,0,0,0,0,0
514,9.21296676e-13,0.00100000005,0,0,0,0,0,0,0,0,0,0,0,0,1.40129846e-45
515,0,0,0,0,0,0,0,9.21328985e-13,0.00100000005,0,0,0,0,0,0
516,0,0,1.40129846e-45,9.2134514e-13,0.00100000005,0,0,0,0,0,0,0,0,0,0
517,0,0,0,0,0,0,0,0,0,1.40129846e-45,9.21377558e-13,0.00100000005,0,0,0
518,0,0,0,0,0,1.40129846e-45,9.21393712e-13,0,0,0,0,0,0,0,0
519,0,0,0,0,0,0,0,0,0,0,0,0,1.40129846e-45,9.2142613e-13,0.00100000005
520,0,0,0,0,0,0,0,0,0,0,0,0,0,0,0
521,1.40129846e-45,9.21474702e-13,0.00100000005,0,0,0,0,0,0,0,0,0,0,0,0
522,0,0,0,0,0,0,0,1.40129846e-45,9.21507011e-13,0.00100000005,0,0,0,0,0
523,0,0,0,1.40129846e-45,9.21523274e-13,0.00100000005,0,0,0,0,0,0,0,0,0
524,0,0,0,0,0,0,0,0,0,0,1.40129846e-45,9.21555584e-13,0.00100000005,0,0
525,0,0,0,0,0,0,1.40129846e-45,0,0,0,0,0,0,0,0
526,0.00100000005,0,0,0,0,0,0,0,0,0,0,0,0,1.40129846e-45,9.21604156e-13
527,0,0,0,0,0,0,0,0.00100000005,0,0,0,0,0,0,0
528,0,1.40129846e-45,9.21652728e-13,0.00100000005,0,0,0,0,0,0,0,0,0,0,0
529,0,0,0,0,0,0,0,0,1.40129846e-45,9.21685146e-13,0.00100000005,0,0,0,0
530,0,0,0,0,1.40129846e-45,9.217013e-13,0.00100000005,0,0,0,0,0,0,0,0
531,0,0,0,0,0,0,0,0,0,0,0,1.40129846e-45,9.21733718e-13,0.00100000005,0
532,0,0,0,0,0,0,0,0,0,0,0,0,0,0,0
533,9.2178229e-13,0.00100000005,0,0,0,0,0,0,0,0,0,0,0,0,1.40129846e-45
534,0,0,0,0,0,0,0,9.21814708e-13,0.00100000005,0,0,0,0,0,0
535,0,0,1.40129846e-45,9.21830863e-13,0.00100000005,0,0,0,0,0,0,0,0,0,0
536,0,0,0,0,0,0,0,0,0,1.40129846e-45,9.2186328e-13,0.00100000005,0,0,0
537,0,0,0,0,0,1.40129846e-45,9.21879435e-13,0,0,0,0,0,0,0,0
538,0,0,0,0,0,0,0,0,0,0,0,0,1.40129846e-45,9.21911852e-13,0.00100000005
539,0,0,0,0,0,0,0,0,0,0,0,0,0,0,0
540,1.40129846e-45,9.21960425e-13,0.00100000005,0,0,0,0,0,0,0,0,0,0,0,0
541,0,0,0,0,0,0,0,1.40129846e-45,9.21992842e-13,0.00100000005,0,0,0,0,0
542,0,0,0,1.40129846e-45,9.22008997e-13,0.00100000005,0,0,0,0,0,0,0,0,0
543,0,0,0,0,0,0,0,0,0,0,1.40129846e-45,9.22041415e-13,0.00100000005,0,0
544,0,0,0,0,0,0,1.40129846e-45,0,0,0,0,0,0,0,0
545,0.00100000005,0,0,0,0,0,0,0,0,0,0,0,0,1.40129846e-45,9.22089987e-13
546,0,0,0,0,0,0,0,0.00100000005,0,0,0,0,0,0,0
547,0,1.40129846e-45,9.22138668e-13,0.00100000005,0,0,0,0,0,0,0,0,0,0,0
548,0,0,0,0,0,0,0,0,1.40129846e-45,9.22170977e-13,0.00100000005,0,0,0,0
549,0,0,0,0,1.40129846e-45,9.2218724e-13,0.00100000005,0,0,0,0,0,0,0,0
550,0,0,0,0,0,0,0,0,0,0,0,1.40129846e-45,9.22219657e-13,0.00100000005,0
551,0,0,0,0,0,0,0,0,0,0,0,0,0,0,0
552,9.2226823e-13,0.00100000005,0,0,0,0,0,0,0,0,0,0,0,0,1.40129846e-45
553,0,0,0,0,0,0,0,9.22300647e-13,0.00100000005,0,0,0,0,0,0
554,0,0,1.40129846e-45,9.22316802e-13,0.00100000005,0,0,0,0,0,0,0,0,0,0
555,0,0,0,0,0,0,0,0,0,1.40129846e-45,9.2234922e-13,0.00100000005,0,0,0
556,0,0,0,0,0,1.40129846e-45,9.22365483e-13,0,0,0,0,0,0,0,0
557,0,0,0,0,0,0,0,0,0,0,0,0,1.40129846e-45,9.223979e-13,0.00100000005
558,0,0,0,0,0,0,0,0,0,0,0,0,0,0,0
559,1.40129846e-45,9.22446473e-13,0.00100000005,0,0,0,0,0,0,0,0,0,0,0,0
560,0,0,0,0,0,0,0,1.40129846e-45,9.2247889e-13,0.00100000005,0,0,0,0,0
561,0,0,0,1.40129846e-45,9.22495045e-13,0.00100000005,0,0,0,0,0,0,0,0,0
562,0,0,0,0,0,0,0,0,0,0,1.40129846e-45,9.22527462e-13,0.00100000005,0,0
563,0,0,0,0,0,0,1.40129846e-45,0,0,0,0,0,0,0,0
564,0.00100000005,0,0,0,0,0,0,0,0,0,0,0,0,1.40129846e-45,9.22576143e-13
565,0,0,0,0,0,0,0,0.00100000005,0,0,0,0,0,0,0
566,0,1.40129846e-45,9.22624715e-13,0.00100000005,0,0,0,0,0,0,0,0,0,0,0
567,0,0,0,0,0,0,0,0,1.40129846e-45,9.22657133e-13,0.00100000005,0,0,0,0
568,0,0,0,0,1.40129846e-45,9.22673396e-13,0.00100000005,0,0,0,0,0,0,0,0
569,0,0,0,0,0,0,0,0,0,0,0,1.40129846e-45,9.22705814e-13,0.00100000005,0
570,0,0,0,0,0,0,0,0,0,0,0,0,0,0,0
571,9.22754386e-13,0.00100000005,0,0,0,0,0,0,0,0,0,0,0,0,1.40129846e-45
572,0,0,0,0,0,0,0,9.22786804e-13,0.00100000005,0,0,0,0,0,0
573,0,0,1.40129846e-45,9.22803067e-13,0.00100000005,0,0,0,0,0,0,0,0,0,0
574,0,0,0,0,0,0,0,0,0,1.40129846e-45,9.22835484e-13,0.00100000005,0,0,0
575,0,0,0,0,0,1.40129846e-45,9.22851639e-13,0,0,0,0,0,0,0,0
576,0,0,0,0,0,0,0,0,0,0,0,0,1.40129846e-45,9.22884057e-13,0.00100000005
577,0,0,0,0,0,0,0,0,0,0,0,0,0,0,0
578,1.40129846e-45,9.22932737e-13,0.00100000005,0,0,0,0,0,0,0,0,0,0,0,0
579,0,0,0,0,0,0,0,1.40129846e-45,9.22965155e-13,0.00100000005,0,0,0,0,0
580,0,0,0,1.40129846e-45,9.22981418e-13,0.00100000005,0,0,0,0,0,0,0,0,0
581,0,0,0,0,0,0,0,0,0,0,1.40129846e-45,9.23013836e-13,0.00100000005,0,0
582,0,0,0,0,0,0,1.40129846e-45,0,0,0,0,0,0,0,0
583,0.00100000005,0,0,0,0,0,0,0,0,0,0,0,0,1.40129846e-45,9.23062516e-13
584,0,0,0,0,0,0,0,0.00100000005,0,0,0,0,0,0,0
585,0,1.40129846e-45,9.23111088e-13,0.00100000005,0,0,0,0,0,0,0,0,0,0,0
586,0,0,0,0,0,0,0,0,1.40129846e-45,9.23143506e-13,0.00100000005,0,0,0,0
587,0,0,0,0,1.40129846e-45,9.23159769e-13,0.00100000005,0,0,0,0,0,0,0,0
588,0,0,0,0,0,0,0,0,0,0,0,1.40129846e-45,9.23192187e-13,0.00100000005,0
589,0,0,0,0,0,0,0,0,0,0,0,0,0,0,0
590,9.23240867e-13,0.00100000005,0,0,0,0,0,0,0,0,0,0,0,0,1.40129846e-45
591,0,0,0,0,0,0,0,9.23273285e-13,0.00100000005,0,0,0,0,0,0
592,0,0,1.40129846e-45,9.23289548e-13,0.00100000005,0,0,0,0,0,0,0,0,0,0
593,0,0,0,0,0,0,0,0,0,1.40129846e-45,9.23321966e-13,0.00100000005,0,0,0
594,0,0,0,0,0,1.40129846e-45,9.23338229e-13,0,0,0,0,0,0,0,0
595,0,0,0,0,0,0,0,0,0,0,0,0,1.40129846e-45,9.23370646e-13,0.00100000005
596,0,0,0,0,0,0,0,0,0,0,0,0,0,0,0
597,1.40129846e-45,9.23419327e-13,0.00100000005,0,0,0,0,0,0,0,0,0,0,0,0
598,0,0,0,0,0,0,0,1.40129846e-45,9.23451745e-13,0.00100000005,0,0,0,0,0
599,0,0,0,1.40129846e-45,9.23467899e-13,0.00100000005,0,0,0,0,0,0,0,0,0
600,0,0,0,0,0,0,0,0,0,0,1.40129846e-45,9.23500425e-13,0.00100000005,0,0
601,0,0,0,0,0,0,1.40129846e-45,0,0,0,0,0,0,0,0
602,0.00100000005,0,0,0,0,0,0,0,0,0,0,0,0,1.40129846e-45,9.23549106e-13
603,0,0,0,0,0,0,0,0.00100000005,0,0,0,0,0,0,0
604,0,1.40129846e-45,9.23597787e-13,0.00100000005,0,0,0,0,0,0,0,0,0,0,0
605,0,0,0,0,0,0,0,0,1.40129846e-45,9.23630204e-13,0.00100000005,0,0,0,0
606,0,0,0,0,1.40129846e-45,9.23646467e-13,0.00100000005,0,0,0,0,0,0,0,0
607,0,0,0,0,0,0,0,0,0,0,0,1.40129846e-45,9.23678885e-13,0.00100000005,0
608,0,0,0,0,0,0,0,0,0,0,0,0,0,0,0
609,9.23727566e-13,0.00100000005,0,0,0,0,0,0,0,0,0,0,0,0,1.40129846e-45
610,0,0,0,0,0,0,0,9.23759983e-13,0.00100000005,0,0,0,0,0,0
611,0,0,1.40129846e-45,9.23776246e-13,0.00100000005,0,0,0,0,0,0,0,0,0,0
612,0,0,0,0,0,0,0,0,0,1.40129846e-45,9.23808664e-13,0.00100000005,0,0,0
613,0,0,0,0,0,1.40129846e-45,9.23824927e-13,0,0,0,0,0,0,0,0
614,0,0,0,0,0,0,0,0,0,0,0,0,1.40129846e-45,9.23857345e-13,0.00100000005
615,0,0,0,0,0,0,0,0,0,0,0,0,0,0,0
616,1.40129846e-45,9.23906025e-13,0.00100000005,0,0,0,0,0,0,0,0,0,0,0,0
617,0,0,0,0,0,0,0,1.40129846e-45,9.23938552e-13,0.00100000005,0,0,0,0,0
618,0,0,0,1.40129846e-45,9.23954815e-13,0.00100000005,0,0,0,0,0,0,0,0,0
619,0,0,0,0,0,0,0,0,0,0,1.40129846e-45,9.23987232e-13,0.00100000005,0,0
620,0,0,0,0,0,0,1.40129846e-45,0,0,0,0,0,0,0,0
621,0.00100000005,0,0,0,0,0,0,0,0,0,0,0,0,1.40129846e-45,9.24035913e-13
622,0,0,0,0,0,0,0,0.00100000005,0,0,0,0,0,0,0
623,0,1.40129846e-45,9.24084594e-13,0.00100000005,0,0,0,0,0,0,0,0,0,0,0
624,0,0,0,0,0,0,0,0,1.40129846e-45,9.2411712e-13,0.00100000005,0,0,0,0
625,0,0,0,0,1.40129846e-45,9.24133274e-13,0.00100000005,0,0,0,0,0,0,0,0
626,0,0,0,0,0,0,0,0,0,0,0,1.40129846e-45,9.241658e-13,0.00100000005,0
627,0,0,0,0,0,0,0,0,0,0,0,0,0,0,0
628,9.24214481e-13,0.00100000005,0,0,0,0,0,0,0,0,0,0,0,0,1.40129846e-45
629,0,0,0,0,0,0,0,9.24247007e-13,0.00100000005,0,0,0,0,0,0
630,0,0,1.40129846e-45,9.24263162e-13,0.00100000005,0,0,0,0,0,0,0,0,0,0
631,0,0,0,0,0,0,0,0,0,1.40129846e-45,9.24295688e-13,0.00100000005,0,0,0
632,0,0,0,0,0,1.40129846e-45,9.24311951e-13,0,0,0,0,0,0,0,0
633,0,0,0,0,0,0,0,0,0,0,0,0,1.40129846e-45,9.24344368e-13,0.00100000005
634,0,0,0,0,0,0,0,0,0,0,0,0,0,0,0
635,1.40129846e-45,9.24393158e-13,0.00100000005,0,0,0,0,0,0,0,0,0,0,0,0
636,0,0,0,0,0,0,0,1.40129846e-45,9.24425575e-13,0.00100000005,0,0,0,0,0
637,0,0,0,1.40129846e-45,9.24441838e-13,0.00100000005,0,0,0,0,0,0,0,0,0
638,0,0,0,0,0,0,0,0,0,0,1.40129846e-45,9.24474364e-13,0.00100000005,0,0
639,0,0,0,0,0,0,1.40129846e-45,0,0,0,0,0,0,0,0
640,0.00100000005,0,0,0,0,0,0,0,0,0,0,0,0,1.40129846e-45,9.24523045e-13
641,0,0,0,0,0,0,0,0.00100000005,0,0,0,0,0,0,0
642,0,1.40129846e-45,9.24571726e-13,0.00100000005,0,0,0,0,0,0,0,0,0,0,0
643,0,0,0,0,0,0,0,0,1.40129846e-45,9.24604252e-13,0.00100000005,0,0,0,0
644,0,0,0,0,1.40129846e-45,9.24620515e-13,0.00100000005,0,0,0,0,0,0,0,0
645,0,0,0,0,0,0,0,0,0,0,0,1.40129846e-45,9.24652932e-13,0.00100000005,0
646,0,0,0,0,0,0,0,0,0,0,0,0,0,0,0
647,9.24701721e-13,0.00100000005,0,0,0,0,0,0,0,0,0,0,0,0,1.40129846e-45
648,0,0,0,0,0,0,0,9.24734248e-13,0.00100000005,0,0,0,0,0,0
649,0,0,1.40129846e-45,9.24750402e-13,0.00100000005,0,0,0,0,0,0,0,0,0,0
650,0,0,0,0,0,0,0,0,0,1.40129846e-45,9.24782928e-13,0.00100000005,0,0,0
651,0,0,0,0,0,1.40129846e-45,9.24799191e-13,0,0,0,0,0,0,0,0
652,0,0,0,0,0,0,0,0,0,0,0,0,1.40129846e-45,9.24831717e-13,0.00100000005
653,0,0,0,0,0,0,0,0,0,0,0,0,0,0,0
654,1.40129846e-45,9.24880398e-13,0.00100000005,0,0,0,0,0,0,0,0,0,0,0,0
655,0,0,0,0,0,0,0,1.40129846e-45,9.24912924e-13,0.00100000005,0,0,0,0,0
656,0,0,0,1.40129846e-45,9.24929187e-13,0.00100000005,0,0,0,0,0,0,0,0,0
657,0,0,0,0,0,0,0,0,0,0,1.40129846e-45,9.24961713e-13,0.00100000005,0,0
658,0,0,0,0,0,0,1.40129846e-45,0,0,0,0,0,0,0,0
659,0.00100000005,0,0,0,0,0,0,0,0,0,0,0,0,1.40129846e-45,9.25010394e-13
660,0,0,0,0,0,0,0,0.00100000005,0,0,0,0,0,0,0
661,0,1.40129846e-45,9.25059183e-13,0.00100000005,0,0,0,0,0,0,0,0,0,0,0
662,0,0,0,0,0,0,0,0,1.40129846e-45,9.25091709e-13,0.00100000005,0,0,0,0
663,0,0,0,0,1.40129846e-45,9.25107864e-13,0.00100000005,0,0,0,0,0,0,0,0
664,0,0,0,0,0,0,0,0,0,0,0,1.40129846e-45,9.2514039e-13,0.00100000005,0
665,0,0,0,0,0,0,0,0,0,0,0,0,0,0,0
666,9.25189179e-13,0.00100000005,0,0,0,0,0,0,0,0,0,0,0,0,1.40129846e-45
667,0,0,0,0,0,0,0,9.25221705e-13,0.00100000005,0,0,0,0,0,0
668,0,0,1.40129846e-45,9.25237968e-13,0.00100000005,0,0,0,0,0,0,0,0,0,0
669,0,0,0,0,0,0,0,0,0,1.40129846e-45,9.25270494e-13,0.00100000005,0,0,0
670,0,0,0,0,0,1.40129846e-45,9.25286649e-13,0,0,0,0,0,0,0,0
671,0,0,0,0,0,0,0,0,0,0,0,0,1.40129846e-45,9.25319175e-13,0.00100000005
672,0,0,0,0,0,0,0,0,0,0,0,0,0,0,0
673,1.40129846e-45,9.25367964e-13,0.00100000005,0,0,0,0,0,0,0,0,0,0,0,0
674,0,0,0,0,0,0,0,1.40129846e-45,9.2540049e-13,0.00100000005,0,0,0,0,0
675,0,0,0,1.40129846e-45,9.25416753e-13,0.00100000005,0,0,0,0,0,0,0,0,0
676,0,0,0,0,0,0,0,0,0,0,1.40129846e-45,9.25449279e-13,0.00100000005,0,0
677,0,0,0,0,0,0,1.40129846e-45,0,0,0,0,0,0,0,0
678,0.00100000005,0,0,0,0,0,0,0,0,0,0,0,0,1.40129846e-45,9.25498068e-13
679,0,0,0,0,0,0,0,0.00100000005,0,0,0,0,0,0,0
680,0,1.40129846e-45,9.25546857e-13,0.00100000005,0,0,0,0,0,0,0,0,0,0,0
681,0,0,0,0,0,0,0,0,1.40129846e-45,9.25579383e-13,0.00100000005,0,0,0,0
682,0,0,0,0,1.40129846e-45,9.25595646e-13,0.00100000005,0,0,0,0,0,0,0,0
683,0,0,0,0,0,0,0,0,0,0,0,1.40129846e-45,9.25628064e-13,0.00100000005,0
684,0,0,0,0,0,0,0,0,0,0,0,0,0,0,0
685,9.25676853e-13,0.00100000005,0,0,0,0,0,0,0,0,0,0,0,0,1.40129846e-45
686,0,0,0,0,0,0,0,9.25709379e-13,0.00100000005,0,0,0,0,0,0
687,0,0,1.40129846e-45,9.25725642e-13,0.00100000005,0,0,0,0,0,0,0,0,0,0
688,0,0,0,0,0,0,0,0,0,1.40129846e-45,9.25758168e-13,0.00100000005,0,0,0
689,0,0,0,0,0,1.40129846e-45,9.25774431e-13,0,0,0,0,0,0,0,0
690,0,0,0,0,0,0,0,0,0,0,0,0,1.40129846e-45,9.25806957e-13,0.00100000005
691,0,0,0,0,0,0,0,0,0,0,0,0,0,0,0
692,1.40129846e-45,9.25855746e-13,0.00100000005,0,0,0,0,0,0,0,0,0,0,0,0
693,0,0,0,0,0,0,0,1.40129846e-45,9.25888381e-13,0.00100000005,0,0,0,0,0
694,0,0,0,1.40129846e-45,9.25904644e-13,0.00100000005,0,0,0,0,0,0,0,0,0
695,0,0,0,0,0,0,0,0,0,0,1.40129846e-45,9.2593717e-13,0.00100000005,0,0
696,0,0,0,0,0,0,1.40129846e-45,0,0,0,0,0,0,0,0
697,0.00100000005,0,0,0,0,0,0,0,0,0,0,0,0,1.40129846e-45,9.25985959e-13
698,0,0,0,0,0,0,0,0.00100000005,0,0,0,0,0,0,0
699,0,1.40129846e-45,9.26034748e-13,0.00100000005,0,0,0,0,0,0,0,0,0,0,0
700,0,0,0,0,0,0,0,0,1.40129846e-45,9.26067274e-13,0.00100000005,0,0,0,0
701,0,0,0,0,1.40129846e-45,9.26083537e-13,0.00100000005,0,0,0,0,0,0,0,0
702,0,0,0,0,0,0,0,0,0,0,0,1.40129846e-45,9.26116063e-13,0.00100000005,0
703,0,0,0,0,0,0,0,0,0,0,0,0,0,0,0
704,9.26164852e-13,0.00100000005,0,0,0,0,0,0,0,0,0,0,0,0,1.40129846e-45
705,0,0,0,0,0,0,0,9.26197378e-13,0.00100000005,0,0,0,0,0,0
706,0,0,1.40129846e-45,9.26213641e-13,0.00100000005,0,0,0,0,0,0,0,0,0,0
707,0,0,0,0,0,0,0,0,0,1.40129846e-45,9.26246276e-13,0.00100000005,0,0,0
708,0,0,0,0,0,1.40129846e-45,9.26262539e-13,0,0,0,0,0,0,0,0
709,0,0,0,0,0,0,0,0,0,0,0,0,1.40129846e-45,9.26295065e-13,0.00100000005
710,0,0,0,0,0,0,0,0,0,0,0,0,0,0,0
711,1.40129846e-45,9.26343854e-13,0.00100000005,0,0,0,0,0,0,0,0,0,0,0,0
712,0,0,0,0,0,0,0,1.40129846e-45,9.2637638e-13,0.00100000005,0,0,0,0,0
713,0,0,0,1.40129846e-45,9.26392643e-13,0.00100000005,0,0,0,0,0,0,0,0,0
714,0,0,0,0,0,0,0,0,0,0,1.40129846e-45,9.26425278e-13,0.00100000005,0,0
715,0,0,0,0,0,0,1.40129846e-45,0,0,0,0,0,0,0,0
716,0.00100000005,0,0,0,0,0,0,0,0,0,0,0,0,1.40129846e-45,9.26474067e-13
717,0,0,0,0,0,0,0,0.00100000005,0,0,0,0,0,0,0
718,0,1.40129846e-45,9.26522856e-13,0.00100000005,0,0,0,0,0,0,0,0,0,0,0
719,0,0,0,0,0,0,0,0,1.40129846e-45,9.2655549e-13,0.00100000005,0,0,0,0
720,0,0,0,0,1.40129846e-45,9.26571753e-13,0.00100000005,0,0,0,0,0,0,0,0
721,0,0,0,0,0,0,0,0,0,0,0,1.40129846e-45,9.26604279e-13,0.00100000005,0
722,0,0,0,0,0,0,0,0,0,0,0,0,0,0,0
723,9.26653069e-13,0.00100000005,0,0,0,0,0,0,0,0,0,0,0,0,1.40129846e-45
724,0,0,0,0,0,0,0,9.26685703e-13,0.00100000005,0,0,0,0,0,0
725,0,0,1.40129846e-45,9.26701966e-13,0.00100000005,0,0,0,0,0,0,0,0,0,0
726,0,0,0,0,0,0,0,0,0,1.40129846e-45,9.26734492e-13,0.00100000005,0,0,0
727,0,0,0,0,0,1.40129846e-45,9.26750755e-13,0,0,0,0,0,0,0,0
728,0,0,0,0,0,0,0,0,0,0,0,0,1.40129846e-45,9.2678339e-13,0.00100000005
729,0,0,0,0,0,0,0,0,0,0,0,0,0,0,0
730,1.40129846e-45,9.26832179e-13,0.00100000005,0,0,0,0,0,0,0,0,0,0,0,0
731,0,0,0,0,0,0,0,1.40129846e-45,9.26864813e-13,0.00100000005,0,0,0,0,0
732,0,0,0,1.40129846e-45,9.26881076e-13,0.00100000005,0,0,0,0,0,0,0,0,0
733,0,0,0,0,0,0,0,0,0,0,1.40129846e-45,9.26913602e-13,0.00100000005,0,0
734,0,0,0,0,0,0,1.40129846e-45,0,0,0,0,0,0,0,0
735,0.00100000005,0,0,0,0,0,0,0,0,0,0,0,0,1.40129846e-45,9.269625e-13
736,0,0,0,0,0,0,0,0.00100000005,0,0,0,0,0,0,0
737,0,1.40129846e-45,9.27011289e-13,0.00100000005,0,0,0,0,0,0,0,0,0,0,0
738,0,0,0,0,0,0,0,0,1.40129846e-45,9.27043923e-13,0.00100000005,0,0,0,0
739,0,0,0,0,1.40129846e-45,9.27060186e-13,0.00100000005,0,0,0,0,0,0,0,0
740,0,0,0,0,0,0,0,0,0,0,0,1.40129846e-45,9.27092712e-13,0.00100000005,0
741,0,0,0,0,0,0,0,0,0,0,0,0,0,0,0
742,9.2714161e-13,0.00100000005,0,0,0,0,0,0,0,0,0,0,0,0,1.40129846e-45
743,0,0,0,0,0,0,0,9.27174136e-13,0.00100000005,0,0,0,0,0,0
744,0,0,1.40129846e-45,9.27190508e-13,0.00100000005,0,0,0,0,0,0,0,0,0,0
745,0,0,0,0,0,0,0,0,0,1.40129846e-45,9.27223034e-13,0.00100000005,0,0,0
746,0,0,0,0,0,1.40129846e-45,9.27239297e-13,0,0,0,0,0,0,0,0
747,0,0,0,0,0,0,0,0,0,0,0,0,1.40129846e-45,9.27271931e-13,0.00100000005
748,0,0,0,0,0,0,0,0,0,0,0,0,0,0,0
749,1.40129846e-45,9.27320829e-13,0.00100000005,0,0,0,0,0,0,0,0,0,0,0,0
750,0,0,0,0,0,0,0,1.40129846e-45,9.27353355e-13,0.00100000005,0,0,0,0,0
751,0,0,0,1.40129846e-45,9.27369618e-13,0.00100000005,0,0,0,0,0,0,0,0,0
752,0,0,0,0,0,0,0,0,0,0,1.40129846e-45,9.27402252e-13,0.00100000005,0,0
753,0,0,0,0,0,0,1.40129846e-45,0,0,0,0,0,0,0,0
754,0.00100000005,0,0,0,0,0,0,0,0,0,0,0,0,1.40129846e-45,9.2745115e-13
755,0,0,0,0,0,0,0,0.00100000005,0,0,0,0,0,0,0
756,0,1.40129846e-45,9.27500047e-13,0.00100000005,0,0,0,0,0,0,0,0,0,0,0
757,0,0,0,0,0,0,0,0,1.40129846e-45,9.27532573e-13,0.00100000005,0,0,0,0
758,0,0,0,0,1.40129846e-45,9.27548836e-13,0.00100000005,0,0,0,0,0,0,0,0
759,0,0,0,0,0,0,0,0,0,0,0,1.40129846e-45,9.27581471e-13,0.00100000005,0
760,0,0,0,0,0,0,0,0,0,0,0,0,0,0,0
761,9.27630368e-13,0.00100000005,0,0,0,0,0,0,0,0,0,0,0,0,1.40129846e-45
762,0,0,0,0,0,0,0,9.27663003e-13,0.00100000005,0,0,0,0,0,0
763,0,0,1.40129846e-45,9.27679266e-13,0.00100000005,0,0,0,0,0,0,0,0,0,0
764,0,0,0,0,0,0,0,0,0,1.40129846e-45,9.277119e-13,0.00100000005,0,0,0
765,0,0,0,0,0,1.40129846e-45,9.27728163e-13,0,0,0,0,0,0,0,0
766,0,0,0,0,0,0,0,0,0,0,0,0,1.40129846e-45,9.27760689e-13,0.00100000005
767,0,0,0,0,0,0,0,0,0,0,0,0,0,0,0
768,1.40129846e-45,9.27809587e-13,0.00100000005,0,0,0,0,0,0,0,0,0,0,0,0
769,0,0,0,0,0,0,0,1.40129846e-45,9.27842221e-13,0.00100000005,0,0,0,0,0
770,0,0,0,1.40129846e-45,9.27858484e-13,0.00100000005,0,0,0,0,0,0,0,0,0
771,0,0,0,0,0,0,0,0,0,0,1.40129846e-45,9.27891119e-13,0.00100000005,0,0
772,0,0,0,0,0,0,1.40129846e-45,0,0,0,0,0,0,0,0
773,0.00100000005,0,0,0,0,0,0,0,0,0,0,0,0,1.40129846e-45,9.27940016e-13
774,0,0,0,0,0,0,0,0.00100000005,0,0,0,0,0,0,0
775,0,1.40129846e-45,9.27988914e-13,0.00100000005,0,0,0,0,0,0,0,0,0,0,0
776,0,0,0,0,0,0,0,0,1.40129846e-45,9.28021548e-13,0.00100000005,0,0,0,0
777,0,0,0,0,1.40129846e-45,9.28037812e-13,0.00100000005,0,0,0,0,0,0,0,0
778,0,0,0,0,0,0,0,0,0,0,0,1.40129846e-45,9.28070446e-13,0.00100000005,0
779,0,0,0,0,0,0,0,0,0,0,0,0,0,0,0
780,9.28119344e-13,0.00100000005,0,0,0,0,0,0,0,0,0,0,0,0,1.40129846e-45
781,0,0,0,0,0,0,0,9.28151978e-13,0.00100000005,0,0,0,0,0,0
782,0,0,1.40129846e-45,9.28168241e-13,0.00100000005,0,0,0,0,0,0,0,0,0,0
783,0,0,0,0,0,0,0,0,0,1.40129846e-45,9.28200876e-13,0.00100000005,0,0,0
784,0,0,0,0,0,1.40129846e-45,9.28217247e-13,0,0,0,0,0,0,0,0
785,0,0,0,0,0,0,0,0,0,0,0,0,1.40129846e-45,9.28249773e-13,0.00100000005
786,0,0,0,0,0,0,0,0,0,0,0,0,0,0,0
787,1.40129846e-45,9.28298779e-13,0.00100000005,0,0,0,0,0,0,0,0,0,0,0,0
788,0,0,0,0,0,0,0,1.40129846e-45,9.28331305e-13,0.00100000005,0,0,0,0,0
789,0,0,0,1.40129846e-45,9.28347677e-13,0.00100000005,0,0,0,0,0,0,0,0,0
790,0,0,0,0,0,0,0,0,0,0,1.40129846e-45,9.28380311e-13,0.00100000005,0,0
791,0,0,0,0,0,0,1.40129846e-45,0,0,0,0,0,0,0,0
792,0.00100000005,0,0,0,0,0,0,0,0,0,0,0,0,1.40129846e-45,9.28429209e-13
793,0,0,0,0,0,0,0,0.00100000005,0,0,0,0,0,0,0
794,0,1.40129846e-45,9.28478106e-13,0.00100000005,0,0,0,0,0,0,0,0,0,0,0
795,0,0,0,0,0,0,0,0,1.40129846e-45,9.28510741e-13,0.00100000005,0,0,0,0
796,0,0,0,0,1.40129846e-45,9.28527112e-13,0.00100000005,0,0,0,0,0,0,0,0
797,0,0,0,0,0,0,0,0,0,0,0,1.40129846e-45,9.28559746e-13,0.00100000005,0
798,0,0,0,0,0,0,0,0,0,0,0,0,0,0,0
799,9.28608644e-13,0.00100000005,0,0,0,0,0,0,0,0,0,0,0,0,1.40129846e-45
800,0,0,0,0,0,0,0,9.28641278e-13,0.00100000005,0,0,0,0,0,0
801,0,0,1.40129846e-45,9.28657541e-13,0.00100000005,0,0,0,0,0,0,0,0,0,0
802,0,0,0,0,0,0,0,0,0,1.40129846e-45,9.28690176e-13,0.00100000005,0,0,0
803,0,0,0,0,0,1.40129846e-45,9.28706547e-13,0,0,0,0,0,0,0,0
804,0,0,0,0,0,0,0,0,0,0,0,0,1.40129846e-45,9.28739182e-13,0.00100000005
805,0,0,0,0,0,0,0,0,0,0,0,0,0,0,0
806,1.40129846e-45,9.28788079e-13,0.00100000005,0,0,0,0,0,0,0,0,0,0,0,0
807,0,0,0,0,0,0,0,1.40129846e-45,9.28820714e-13,0.00100000005,0,0,0,0,0
808,0,0,0,1.40129846e-45,9.28837085e-13,0.00100000005,0,0,0,0,0,0,0,0,0
809,0,0,0,0,0,0,0,0,0,0,1.40129846e-45,9.2886972e-13,0.00100000005,0,0
810,0,0,0,0,0,0,1.40129846e-45,0,0,0,0,0,0,0,0
811,0.00100000005,0,0,0,0,0,0,0,0,0,0,0,0,1.40129846e-45,9.28918617e-13
812,0,0,0,0,0,0,0,0.00100000005,0,0,0,0,0,0,0
813,0,1.40129846e-45,9.28967623e-13,0.00100000005,0,0,0,0,0,0,0,0,0,0,0
814,0,0,0,0,0,0,0,0,1.40129846e-45,9.29000258e-13,0.00100000005,0,0,0,0
815,0,0,0,0,1.40129846e-45,9.29016521e-13,0.00100000005,0,0,0,0,0,0,0,0
816,0,0,0,0,0,0,0,0,0,0,0,1.40129846e-45,9.29049155e-13,0.00100000005,0
817,0,0,0,0,0,0,0,0,0,0,0,0,0,0,0
818,9.29098161e-13,0.00100000005,0,0,0,0,0,0,0,0,0,0,0,0,1.40129846e-45
819,0,0,0,0,0,0,0,9.29130796e-13,0.00100000005,0,0,0,0,0,0
820,0,0,1.40129846e-45,9.29147167e-13,0.00100000005,0,0,0,0,0,0,0,0,0,0
821,0,0,0,0,0,0,0,0,0,1.40129846e-45,9.29179802e-13,0.00100000005,0,0,0
822,0,0,0,0,0,1.40129846e-45,9.29196065e-13,0,0,0,0,0,0,0,0
823,0,0,0,0,0,0,0,0,0,0,0,0,1.40129846e-45,9.29228699e-13,0.00100000005
824,0,0,0,0,0,0,0,0,0,0,0,0,0,0,0
825,1.40129846e-45,9.29277705e-13,0.00100000005,0,0,0,0,0,0,0,0,0,0,0,0
826,0,0,0,0,0,0,0,1.40129846e-45,9.2931034e-13,0.00100000005,0,0,0,0,0
827,0,0,0,1.40129846e-45,9.29326711e-13,0.00100000005,0,0,0,0,0,0,0,0,0
828,0,0,0,0,0,0,0,0,0,0,1.40129846e-45,9.29359346e-13,0.00100000005,0,0
829,0,0,0,0,0,0,1.40129846e-45,0,0,0,0,0,0,0,0
830,0.00100000005,0,0,0,0,0,0,0,0,0,0,0,0,1.40129846e-45,9.29408351e-13
831,0,0,0,0,0,0,0,0.00100000005,0,0,0,0,0,0,0
832,0,1.40129846e-45,9.29457357e-13,0.00100000005,0,0,0,0,0,0,0,0,0,0,0
833,0,0,0,0,0,0,0,0,1.40129846e-45,9.29489992e-13,0.00100000005,0,0,0,0
834,0,0,0,0,1.40129846e-45,9.29506255e-13,0.00100000005,0,0,0,0,0,0,0,0
835,0,0,0,0,0,0,0,0,0,0,0,1.40129846e-45,9.29538998e-13,0.00100000005,0
836,0,0,0,0,0,0,0,0,0,0,0,0,0,0,0
837,9.29587895e-13,0.00100000005,0,0,0,0,0,0,0,0,0,0,0,0,1.40129846e-45
838,0,0,0,0,0,0,0,9.29620638e-13,0.00100000005,0,0,0,0,0,0
839,0,0,1.40129846e-45,9.29636901e-13,0.00100000005,0,0,0,0,0,0,0,0,0,0
840,0,0,0,0,0,0,0,0,0,1.40129846e-45,9.29669644e-13,0.00100000005,0,0,0
841,0,0,0,0,0,1.40129846e-45,9.29685907e-13,0,0,0,0,0,0,0,0
842,0,0,0,0,0,0,0,0,0,0,0,0,1.40129846e-45,9.2971865e-13,0.00100000005
843,0,0,0,0,0,0,0,0,0,0,0,0,0,0,0
844,1.40129846e-45,9.29767548e-13,0.00100000005,0,0,0,0,0,0,0,0,0,0,0,0
845,0,0,0,0,0,0,0,1.40129846e-45,9.29800291e-13,0.00100000005,0,0,0,0,0
846,0,0,0,1.40129846e-45,9.29816554e-13,0.00100000005,0,0,0,0,0,0,0,0,0
847,0,0,0,0,0,0,0,0,0,0,1.40129846e-45,9.29849297e-13,0.00100000005,0,0
848,0,0,0,0,0,0,1.40129846e-45,0,0,0,0,0,0,0,0
849,0.00100000005,0,0,0,0,0,0,0,0,0,0,0,0,1.40129846e-45,9.29898302e-13
850,0,0,0,0,0,0,0,0.00100000005,0,0,0,0,0,0,0
851,0,1.40129846e-45,9.29947308e-13,0.00100000005,0,0,0,0,0,0,0,0,0,0,0
852,0,0,0,0,0,0,0,0,1.40129846e-45,9.29979943e-13,0.00100000005,0,0,0,0
853,0,0,0,0,1.40129846e-45,9.29996314e-13,0.00100000005,0,0,0,0,0,0,0,0
854,0,0,0,0,0,0,0,0,0,0,0,1.40129846e-45,9.30028949e-13,0.00100000005,0
855,0,0,0,0,0,0,0,0,0,0,0,0,0,0,0
856,9.30077955e-13,0.00100000005,0,0,0,0,0,0,0,0,0,0,0,0,1.40129846e-45
857,0,0,0,0,0,0,0,9.30110698e-13,0.00100000005,0,0,0,0,0,0
858,0,0,1.40129846e-45,9.30126961e-13,0.00100000005,0,0,0,0,0,0,0,0,0,0
859,0,0,0,0,0,0,0,0,0,1.40129846e-45,9.30159704e-13,0.00100000005,0,0,0
860,0,0,0,0,0,1.40129846e-45,9.30176075e-13,0,0,0,0,0,0,0,0
861,0,0,0,0,0,0,0,0,0,0,0,0,1.40129846e-45,9.3020871e-13,0.00100000005
862,0,0,0,0,0,0,0,0,0,0,0,0,0,0,0
863,1.40129846e-45,9.30257715e-13,0.00100000005,0,0,0,0,0,0,0,0,0,0,0,0
864,0,0,0,0,0,0,0,1.40129846e-45,9.30290458e-13,0.00100000005,0,0,0,0,0
865,0,0,0,1.40129846e-45,9.30306721e-13,0.00100000005,0,0,0,0,0,0,0,0,0
866,0,0,0,0,0,0,0,0,0,0,1.40129846e-45,9.30339464e-13,0.00100000005,0,0
867,0,0,0,0,0,0,1.40129846e-45,0,0,0,0,0,0,0,0
868,0.00100000005,0,0,0,0,0,0,0,0,0,0,0,0,1.40129846e-45,9.3038847e-13
869,0,0,0,0,0,0,0,0.00100000005,0,0,0,0,0,0,0
870,0,1.40129846e-45,9.30437476e-13,0.00100000005,0,0,0,0,0,0,0,0,0,0,0
871,0,0,0,0,0,0,0,0,1.40129846e-45,9.30470219e-13,0.00100000005,0,0,0,0
872,0,0,0,0,1.40129846e-45,9.30486591e-13,0.00100000005,0,0,0,0,0,0,0,0
873,0,0,0,0,0,0,0,0,0,0,0,1.40129846e-45,9.30519225e-13,0.00100000005,0
874,0,0,0,0,0,0,0,0,0,0,0,0,0,0,0
875,9.30568339e-13,0.00100000005,0,0,0,0,0,0,0,0,0,0,0,0,1.40129846e-45
876,0,0,0,0,0,0,0,9.30600974e-13,0.00100000005,0,0,0,0,0,0
877,0,0,1.40129846e-45,9.30617345e-13,0.00100000005,0,0,0,0,0,0,0,0,0,0
878,0,0,0,0,0,0,0,0,0,1.40129846e-45,9.3064998e-13,0.00100000005,0,0,0
879,0,0,0,0,0,1.40129846e-45,9.30666351e-13,0,0,0,0,0,0,0,0
880,0,0,0,0,0,0,0,0,0,0,0,0,1.40129846e-45,9.30699094e-13,0.00100000005
881,0,0,0,0,0,0,0,0,0,0,0,0,0,0,0
882,1.40129846e-45,9.307481e-13,0.00100000005,0,0,0,0,0,0,0,0,0,0,0,0
883,0,0,0,0,0,0,0,1.40129846e-45,9.30780843e-13,0.00100000005,0,0,0,0,0
884,0,0,0,1.40129846e-45,9.30797214e-13,0.00100000005,0,0,0,0,0,0,0,0,0
885,0,0,0,0,0,0,0,0,0,0,1.40129846e-45,9.30829849e-13,0.00100000005,0,0
886,0,0,0,0,0,0,1.40129846e-45,0,0,0,0,0,0,0,0
887,0.00100000005,0,0,0,0,0,0,0,0,0,0,0,0,1.40129846e-45,9.30878963e-13
888,0,0,0,0,0,0,0,0.00100000005,0,0,0,0,0,0,0
889,0,1.40129846e-45,9.30927969e-13,0.00100000005,0,0,0,0,0,0,0,0,0,0,0
890,0,0,0,0,0,0,0,0,1.40129846e-45,9.30960712e-13,0.00100000005,0,0,0,0
891,0,0,0,0,1.40129846e-45,9.30977084e-13,0.00100000005,0,0,0,0,0,0,0,0
892,0,0,0,0,0,0,0,0,0,0,0,1.40129846e-45,9.31009827e-13,0.00100000005,0
893,0,0,0,0,0,0,0,0,0,0,0,0,0,0,0
894,9.31058832e-13,0.00100000005,0,0,0,0,0,0,0,0,0,0,0,0,1.40129846e-45
895,0,0,0,0,0,0,0,9.31091575e-13,0.00100000005,0,0,0,0,0,0
896,0,0,1.40129846e-45,9.31107947e-13,0.00100000005,0,0,0,0,0,0,0,0,0,0
897,0,0,0,0,0,0,0,0,0,1.40129846e-45,9.31140581e-13,0.00100000005,0,0,0
898,0,0,0,0,0,1.40129846e-45,9.31156953e-13,0,0,0,0,0,0,0,0
899,0,0,0,0,0,0,0,0,0,0,0,0,1.40129846e-45,9.31189696e-13,0.00100000005
900,0,0,0,0,0,0,0,0,0,0,0,0,0,0,0
901,1.40129846e-45,9.3123881e-13,0.00100000005,0,0,0,0,0,0,0,0,0,0,0,0
902,0,0,0,0,0,0,0,1.40129846e-45,9.31271553e-13,0.00100000005,0,0,0,0,0
903,0,0,0,1.40129846e-45,9.31287816e-13,0.00100000005,0,0,0,0,0,0,0,0,0
904,0,0,0,0,0,0,0,0,0,0,1.40129846e-45,9.31320559e-13,0.00100000005,0,0
905,0,0,0,0,0,0,1.40129846e-45,0,0,0,0,0,0,0,0
906,0.00100000005,0,0,0,0,0,0,0,0,0,0,0,0,1.40129846e-45,9.31369673e-13
907,0,0,0,0,0,0,0,0.00100000005,0,0,0,0,0,0,0
908,0,1.40129846e-45,9.31418788e-13,0.00100000005,0,0,0,0,0,0,0,0,0,0,0
909,0,0,0,0,0,0,0,0,1.40129846e-45,9.3145153e-13,0.00100000005,0,0,0,0
910,0,0,0,0,1.40129846e-45,9.31467794e-13,0.00100000005,0,0,0,0,0,0,0,0
911,0,0,0,0,0,0,0,0,0,0,0,1.40129846e-45,9.31500536e-13,0.00100000005,0
912,0,0,0,0,0,0,0,0,0,0,0,0,0,0,0
913,9.31549651e-13,0.00100000005,0,0,0,0,0,0,0,0,0,0,0,0,1.40129846e-45
914,0,0,0,0,0,0,0,9.31582394e-13,0.00100000005,0,0,0,0,0,0
915,0,0,1.40129846e-45,9.31598765e-13,0.00100000005,0,0,0,0,0,0,0,0,0,0
916,0,0,0,0,0,0,0,0,0,1.40129846e-45,9.31631508e-13,0.00100000005,0,0,0
917,0,0,0,0,0,1.40129846e-45,9.3164788e-13,0,0,0,0,0,0,0,0
918,0,0,0,0,0,0,0,0,0,0,0,0,1.40129846e-45,9.31680622e-13,0.00100000005
919,0,0,0,0,0,0,0,0,0,0,0,0,0,0,0
920,1.40129846e-45,9.31729737e-13,0.00100000005,0,0,0,0,0,0,0,0,0,0,0,0
921,0,0,0,0,0,0,0,1.40129846e-45,9.3176248e-13,0.00100000005,0,0,0,0,0
922,0,0,0,1.40129846e-45,9.31778851e-13,0.00100000005,0,0,0,0,0,0,0,0,0
923,0,0,0,0,0,0,0,0,0,0,1.40129846e-45,9.31811486e-13,0.00100000005,0,0
924,0,0,0,0,0,0,1.40129846e-45,0,0,0,0,0,0,0,0
925,0.00100000005,0,0,0,0,0,0,0,0,0,0,0,0,1.40129846e-45,9.318606e-13
926,0,0,0,0,0,0,0,0.00100000005,0,0,0,0,0,0,0
927,0,1.40129846e-45,9.31909714e-13,0.00100000005,0,0,0,0,0,0,0,0,0,0,0
928,0,0,0,0,0,0,0,0,1.40129846e-45,9.31942457e-13,0.00100000005,0,0,0,0
929,0,0,0,0,1.40129846e-45,9.31958829e-13,0.00100000005,0,0,0,0,0,0,0,0
930,0,0,0,0,0,0,0,0,0,0,0,1.40129846e-45,9.31991572e-13,0.00100000005,0
931,0,0,0,0,0,0,0,0,0,0,0,0,0,0,0
932,9.32040686e-13,0.00100000005,0,0,0,0,0,0,0,0,0,0,0,0,1.40129846e-45
933,0,0,0,0,0,0,0,9.32073537e-13,0.00100000005,0,0,0,0,0,0
934,0,0,1.40129846e-45,9.32089909e-13,0.00100000005,0,0,0,0,0,0,0,0,0,0
935,0,0,0,0,0,0,0,0,0,1.40129846e-45,9.32122652e-13,0.00100000005,0,0,0
936,0,0,0,0,0,1.40129846e-45,9.32139023e-13,0,0,0,0,0,0,0,0
937,0,0,0,0,0,0,0,0,0,0,0,0,1.40129846e-45,9.32171766e-13,0.00100000005
938,0,0,0,0,0,0,0,0,0,0,0,0,0,0,0
939,1.40129846e-45,9.3222088e-13,0.00100000005,0,0,0,0,0,0,0,0,0,0,0,0
940,0,0,0,0,0,0,0,1.40129846e-45,9.32253623e-13,0.00100000005,0,0,0,0,0
941,0,0,0,1.40129846e-45,9.32269995e-13,0.00100000005,0,0,0,0,0,0,0,0,0
942,0,0,0,0,0,0,0,0,0,0,1.40129846e-45,9.32302738e-13,0.00100000005,0,0
943,0,0,0,0,0,0,1.40129846e-45,0,0,0,0,0,0,0,0
944,0.00100000005,0,0,0,0,0,0,0,0,0,0,0,0,1.40129846e-45,9.32351852e-13
945,0,0,0,0,0,0,0,0.00100000005,0,0,0,0,0,0,0
946,0,1.40129846e-45,9.32401075e-13,0.00100000005,0,0,0,0,0,0,0,0,0,0,0
947,0,0,0,0,0,0,0,0,1.40129846e-45,9.32433818e-13,0.00100000005,0,0,0,0
948,0,0,0,0,1.40129846e-45,9.32450189e-13,0.00100000005,0,0,0,0,0,0,0,0
949,0,0,0,0,0,0,0,0,0,0,0,1.40129846e-45,9.32482932e-13,0.00100000005,0
950,0,0,0,0,0,0,0,0,0,0,0,0,0,0,0
951,9.32532046e-13,0.00100000005,0,0,0,0,0,0,0,0,0,0,0,0,1.40129846e-45
952,0,0,0,0,0,0,0,9.32564789e-13,0.00100000005,0,0,0,0,0,0
953,0,0,1.40129846e-45,9.32581269e-13,0.00100000005,0,0,0,0,0,0,0,0,0,0
954,0,0,0,0,0,0,0,0,0,1.40129846e-45,9.32614012e-13,0.00100000005,0,0,0
955,0,0,0,0,0,1.40129846e-45,9.32630384e-13,0,0,0,0,0,0,0,0
956,0,0,0,0,0,0,0,0,0,0,0,0,1.40129846e-45,9.32663126e-13,0.00100000005
957,0,0,0,0,0,0,0,0,0,0,0,0,0,0,0
958,1.40129846e-45,9.32712349e-13,0.00100000005,0,0,0,0,0,0,0,0,0,0,0,0
959,0,0,0,0,0,0,0,1.40129846e-45,9.32745092e-13,0.00100000005,0,0,0,0,0
960,0,0,0,1.40129846e-45,9.32761464e-13,0.00100000005,0,0,0,0,0,0,0,0,0
961,0,0,0,0,0,0,0,0,0,0,1.40129846e-45,9.32794206e-13,0.00100000005,0,0
962,0,0,0,0,0,0,1.40129846e-45,0,0,0,0,0,0,0,0
963,0.00100000005,0,0,0,0,0,0,0,0,0,0,0,0,1.40129846e-45,9.32843429e-13
964,0,0,0,0,0,0,0,0.00100000005,0,0,0,0,0,0,0
965,0,1.40129846e-45,9.32892544e-13,0.00100000005,0,0,0,0,0,0,0,0,0,0,0
966,0,0,0,0,0,0,0,0,1.40129846e-45,9.32925287e-13,0.00100000005,0,0,0,0
967,0,0,0,0,1.40129846e-45,9.32941766e-13,0.00100000005,0,0,0,0,0,0,0,0
968,0,0,0,0,0,0,0,0,0,0,0,1.40129846e-45,9.32974509e-13,0.00100000005,0
969,0,0,0,0,0,0,0,0,0,0,0,0,0,0,0
970,9.33023624e-13,0.00100000005,0,0,0,0,0,0,0,0,0,0,0,0,1.40129846e-45
971,0,0,0,0,0,0,0,9.33056475e-13,0.00100000005,0,0,0,0,0,0
972,0,0,1.40129846e-45,9.33072846e-13,0.00100000005,0,0,0,0,0,0,0,0,0,0
973,0,0,0,0,0,0,0,0,0,1.40129846e-45,9.33105589e-13,0.00100000005,0,0,0
974,0,0,0,0,0,1.40129846e-45,9.33122069e-13,0,0,0,0,0,0,0,0
975,0,0,0,0,0,0,0,0,0,0,0,0,1.40129846e-45,9.33154812e-13,0.00100000005
976,0,0,0,0,0,0,0,0,0,0,0,0,0,0,0
977,1.40129846e-45,9.33204035e-13,0.00100000005,0,0,0,0,0,0,0,0,0,0,0,0
978,0,0,0,0,0,0,0,1.40129846e-45,9.33236778e-13,0.00100000005,0,0,0,0,0
979,0,0,0,1.40129846e-45,9.33253149e-13,0.00100000005,0,0,0,0,0,0,0,0,0
980,0,0,0,0,0,0,0,0,0,0,1.40129846e-45,9.33286001e-13,0.00100000005,0,0
981,0,0,0,0,0,0,1.40129846e-45,0,0,0,0,0,0,0,0
982,0.00100000005,0,0,0,0,0,0,0,0,0,0,0,0,1.40129846e-45,9.33335115e-13
983,0,0,0,0,0,0,0,0.00100000005,0,0,0,0,0,0,0
984,0,1.40129846e-45,9.33384338e-13,0.00100000005,0,0,0,0,0,0,0,0,0,0,0
985,0,0,0,0,0,0,0,0,1.40129846e-45,9.33417081e-13,0.00100000005,0,0,0,0
986,0,0,0,0,1.40129846e-45,9.3343356e-13,0.00100000005,0,0,0,0,0,0,0,0
987,0,0,0,0,0,0,0,0,0,0,0,1.40129846e-45,9.33466303e-13,0.00100000005,0
988,0,0,0,0,0,0,0,0,0,0,0,0,0,0,0
989,9.33515526e-13,0.00100000005,0,0,0,0,0,0,0,0,0,0,0,0,1.40129846e-45
990,0,0,0,0,0,0,0,9.33548269e-13,0.00100000005,0,0,0,0,0,0
991,0,0,1.40129846e-45,9.33564749e-13,0.00100000005,0,0,0,0,0,0,0,0,0,0
992,0,0,0,0,0,0,0,0,0,1.40129846e-45,9.33597492e-13,0.00100000005,0,0,0
993,0,0,0,0,0,1.40129846e-45,9.33613972e-13,0,0,0,0,0,0,0,0
994,0,0,0,0,0,0,0,0,0,0,0,0,1.40129846e-45,9.33646715e-13,0.00100000005
995,0,0,0,0,0,0,0,0,0,0,0,0,0,0,0
996,1.40129846e-45,9.33695937e-13,0.00100000005,0,0,0,0,0,0,0,0,0,0,0,0
997,0,0,0,0,0,0,0,1.40129846e-45,9.33728789e-13,0.00100000005,0,0,0,0,0
998,0,0,0,1.40129846e-45,9.3374516e-13,0.00100000005,0,0,0,0,0,0,0,0,0
999,0,0,0,0,0,0,0,0,0,0,1.40129846e-45,9.33777903e-13,0.00100000005,0,0
1000,0,0,0,0,0,0,1.40129846e-45,0,0,0,0,0,0,0,0
1001,0.00100000005,0,0,0,0,0,0,0,0,0,0,0,0,1.40129846e-45,9.33827126e-13
1002,0,0,0,0,0,0,0,0.00100000005,0,0,0,0,0,0,0
1003,0,1.40129846e-45,9.33876349e-13,0.00100000005,0,0,0,0,0,0,0,0,0,0,0
1004,0,0,0,0,0,0,0,0,1.40129846e-45,9.339092e-13,0.00100000005,0,0,0,0
1005,0,0,0,0,1.40129846e-45,9.33925571e-13,0.00100000005,0,0,0,0,0,0,0,0
1006,0,0,0,0,0,0,0,0,0,0,0,1.40129846e-45,9.33958423e-13,0.00100000005,0
1007,0,0,0,0,0,0,0,0,0,0,0,0,0,0,0
1008,9.34007646e-13,0.00100000005,0,0,0,0,0,0,0,0,0,0,0,0,1.40129846e-45
1009,0,0,0,0,0,0,0,9.34040497e-13,0.00100000005,0,0,0,0,0,0
1010,0,0,1.40129846e-45,9.34056868e-13,0.00100000005,0,0,0,0,0,0,0,0,0,0
1011,0,0,0,0,0,0,0,0,0,1.40129846e-45,9.3408972e-13,0.00100000005,0,0,0
1012,0,0,0,0,0,1.40129846e-45,9.34106091e-13,0,0,0,0,0,0,0,0
1013,0,0,0,0,0,0,0,0,0,0,0,0,1.40129846e-45,9.34138942e-13,0.00100000005
1014,0,0,0,0,0,0,0,0,0,0,0,0,0,0,0
1015,1.40129846e-45,9.34188165e-13,0.00100000005,0,0,0,0,0,0,0,0,0,0,0,0
1016,0,0,0,0,0,0,0,1.40129846e-45,9.34220908e-13,0.00100000005,0,0,0,0,0
1017,0,0,0,1.40129846e-45,9.34237388e-13,0.00100000005,0,0,0,0,0,0,0,0,0
1018,0,0,0,0,0,0,0,0,0,0,1.40129846e-45,9.34270239e-13,0.00100000005,0,0
1019,0,0,0,0,0,0,1.40129846e-45,0,0,0,0,0,0,0,0
1020,0.00100000005,0,0,0,0,0,0,0,0,0,0,0,0,1.40129846e-45,9.34319462e-13
1021,0,0,0,0,0,0,0,0.00100000005,0,0,0,0,0,0,0
1022,0,1.40129846e-45,9.34368685e-13,0.00100000005,0,0,0,0,0,0,0,0,0,0,0
1023,0,0,0,0,0,0,0,0,1.40129846e-45,9.34401536e-13,0.00100000005,0,0,0,0
