0.0,4.5399929762750355e-5,0.0,0.0
0.020527860149741173,0.0009895673048518818,0.0008528172717052395,1.0340909653156991e-5
0.041055720299482346,0.0019625566127167973,0.0017359559203512136,2.167326976973135e-5
0.06158357858657837,0.002964893185018781,0.002650055470553572,3.404921473553723e-5
0.08211144059896469,0.003997109636361924,0.0035957654330062653,4.752297303004942e-5
0.10263929516077042,0.005059744714705774,0.004573744296938173,6.21509206959159e-5
0.12316715717315674,0.006153345557426818,0.005584661648062108,7.799168208969461e-5
0.14369501173496246,0.007278464851573196,0.006629195598847309,9.51061627700731e-5
0.16422288119792938,0.008435664503780938,0.007708036231428243,0.000113557677917165
0.1847507357597351,0.00962551074878109,0.008821881094018422,0.0001334119527480699
0.20527859032154083,0.01084857964835118,0.009971440369521913,0.00015473728798165695
0.22580644488334656,0.012105453823528156,0.01115743387873949,0.00017760458914864753
0.24633431434631348,0.013396724301595313,0.012380592863267651,0.00020208748199650794
0.2668621838092804,0.01472298778639741,0.013641657447641566,0.00022826234631961377
0.2873900234699249,0.01608484747295066,0.014941377430859312,0.0002562084131637636
0.30791789293289185,0.017482920176907422,0.01628051915461033,0.00028600800488513904
0.32844576239585876,0.018917824542558612,0.017659854295928704,0.00031774638563671325
0.3489736020565033,0.020390186803369518,0.019080165378387377,0.00035151196669742696
0.3695014715194702,0.021900647505233673,0.020542252334109404,0.0003873965650955911
0.39002931118011475,0.02344984647486937,0.02204691803140886,0.0004254951542700659
0.41055718064308167,0.02503844043741176,0.023594985375559256,0.0004659063857693637
0.4310850501060486,0.026667087483102554,0.025187282286017774,0.0005087323171340309
0.4516128897666931,0.028336453623342386,0.026824648075493243,0.0005540786719637733
0.47214075922966003,0.030047220393562144,0.028507940985164543,0.0006020551660303017
0.49266862869262695,0.0318000703836609,0.03023802403883006,0.0006527752283221633
0.5131964683532715,0.033595694304329744,0.032015771983811024,0.0007063562994707225
0.5337243676185608,0.03543480185510084,0.03384208214192943,0.0007629202893634391
0.5542522072792053,0.03731809264550622,0.035717845605722345,0.00082259281410307
0.5747800469398499,0.03924629081664601,0.03764398164472681,0.0008855043809132118
0.5953079462051392,0.04122012967836369,0.03962142257063445,0.0009517900694907364
0.6158357858657837,0.04324033399912553,0.04165109596949921,0.0010215890473942036
0.6363636255264282,0.04530765446039344,0.043733959263135815,0.0010950458628318702
0.6568915247917175,0.04742285114872892,0.04587098329438471,0.001172310057214863
0.6774193644523621,0.04958667458507791,0.04806313313203571,0.0012535355900750698
0.6979472041130066,0.05179990264122145,0.05031140541171904,0.0013388823339125252
0.7184750437736511,0.05406331618420995,0.052616803790842964,0.0014285153416204559
0.7390029430389404,0.056377712012302954,0.05498035213699238,0.0015226055021538554
0.759530782699585,0.058743875896133446,0.057403067022373355,0.0016213285959081095
0.7800586223602295,0.061162622964299036,0.05988599900941827,0.0017248670981845678
0.8005865216255188,0.06363477829863223,0.06243021296219987,0.0018334095916689053
0.8211143612861633,0.06616115478068617,0.06503676520980863,0.001947149931318196
0.8416422009468079,0.06874259622447006,0.06770674797750931,0.002066289312076524
0.8621701002120972,0.0713799566286798,0.07044126816445503,0.002191035575891392
0.8826979398727417,0.07407407655031703,0.07324142280519975,0.002321602240884461
0.9032257795333862,0.0768258291139359,0.07610834681372032,0.0024582108645955125
0.9237536787986755,0.07963609785674465,0.0790431901444328,0.0026010902318376423
0.9442815184593201,0.08250575156076662,0.0820470914622595,0.0027504752313627047
0.9648093581199646,0.08543569327241722,0.08512122937331089,0.0029066095490394256
0.9853372573852539,0.08842683667412583,0.08826679788288631,0.0030697447213940176
1.0058650970458984,0.0914800793040922,0.09148497818104163,0.0032401388412573503
1.026392936706543,0.09459635472455483,0.09477699354034912,0.0034180596186782707
1.0469207763671875,0.09777659802333542,0.09814407309432918,0.0036037827325444733
1.0674487352371216,0.10102177350532769,0.1015874811862941,0.003797593673922134
1.0879765748977661,0.10433279899452048,0.10510843703921982,0.003999783433219224
1.1085044145584106,0.10771065895543132,0.10870823481916865,0.004210655491824207
1.1290322542190552,0.11115632955240091,0.11238816419490295,0.004430521615844572
1.1495600938796997,0.11467079736131877,0.11614953020330215,0.004659703210293047
1.1700879335403442,0.11825505942425663,0.11999365333895172,0.004898531577298427
1.1906158924102783,0.121910144736058,0.12392189270016982,0.0051473496547797095
1.2111437320709229,0.12563702898344073,0.12793555433914253,0.00540650644913713
1.2316715717315674,0.1294367619408619,0.13203602820413693,0.0056763659778417234
1.252199411392212,0.13331038303486295,0.13622469746880994,0.005957301832314345
1.2727272510528564,0.13725894241073,0.14050296117547553,0.006249698882023015
1.293255090713501,0.14128350097838327,0.1448722343089167,0.006553953569353342
1.313783049583435,0.14538515450140796,0.1493339740483261,0.006870476085467586
1.3343108892440796,0.14956493791699524,0.15388957565904066,0.0071996832550369
1.3548387289047241,0.15382396828092523,0.1585405280042492,0.00754200987575058
1.3753665685653687,0.1581633499849893,0.1632883105115413,0.007897901761300173
1.3958944082260132,0.1625841983876069,0.1681344188696207,0.00826781787168581
1.4164222478866577,0.1670876398481313,0.1730803650807579,0.008652230648416746
1.4369500875473022,0.1716748117589083,0.17812767750905828,0.009051626356790092
1.4574780464172363,0.1763468899552265,0.18327793113456298,0.009466507890582466
1.4780058860778809,0.18110497972469183,0.18853262736297743,0.009897385402282273
1.4985337257385254,0.18595027861109084,0.19389337349690344,0.010344791118440593
1.51906156539917,0.19088396841103325,0.19936176373997458,0.01080927016746687
1.5395894050598145,0.19590724207723728,0.20493940882924114,0.011291383322635969
1.560117244720459,0.2010213037349719,0.21062793605404173,0.011791707388929163
1.580645203590393,0.20622739919768876,0.21642902328702185,0.012310838668096577
1.6011730432510376,0.2115266945136495,0.22234426358808898,0.012849381193853995
1.6217008829116821,0.21692045735836146,0.2283753673183683,0.013407965225084088
1.6422287225723267,0.22240993665021785,0.2345240280480108,0.013987235718837528
1.6627565622329712,0.2279963925151183,0.24079195590376246,0.014587855716426268
1.6832844018936157,0.2336810962831282,0.24718087755002804,0.01521050677823276
1.7038123607635498,0.23946536436308877,0.2536925743369919,0.015855893242072927
1.7243402004241943,0.24535042329407955,0.2603287302978917,0.016524727551982085
1.7448680400848389,0.2513376112603929,0.26709115897926766,0.017217753199094556
1.7653958797454834,0.2574282442981821,0.2739816528579149,0.017935730335461628
1.785923719406128,0.2636236495718758,0.2810020207392839,0.0186794399323092
1.8064515590667725,0.2699251653461261,0.28815408769069045,0.019449684265789288
1.8269795179367065,0.2763341784859638,0.29543973766577736,0.020247292124374813
1.847507357597351,0.28285197492374753,0.30286074340964586,0.021073100626798683
1.8680351972579956,0.28947996291406713,0.3104190202015608,0.021927983517864496
1.8885630369186401,0.29621952474644225,0.31811645730185417,0.022812833326629076
1.9090908765792847,0.30307205359719,0.3259549597557251,0.023728566447966244
1.9296187162399292,0.3100389534708948,0.33393644826672747,0.0246761236815182
1.9501466751098633,0.3171216806057042,0.34206290667528044,0.025656476569851382
1.9706745147705078,0.3243215782099004,0.35033619220280215,0.02667060499381622
1.9912023544311523,0.3316401231567453,0.35875831842347294,0.02771953188842928
2.011730194091797,0.3390787620616468,0.3673312671782524,0.028804301242766703
2.0322580337524414,0.34663895198615435,0.37605703515708505,0.02992598428111877
2.052785873413086,0.3543221603422401,0.3849376336987526,0.031085680056310204
2.0733137130737305,0.36212986478965264,0.3939750885769413,0.032284516052093475
2.093841552734375,0.3700635531261328,0.4031714397720756,0.0335236487945978
2.1143693923950195,0.37812472317026335,0.41252874122844446,0.0348042644728062
2.134897470474243,0.3863149785154644,0.4220491721236856,0.03612759519030264
2.1554253101348877,0.39463564640704457,0.43173459241451745,0.03749485763234859
2.1759531497955322,0.40308834831798424,0.44158720594751416,0.038907345908552576
2.1964809894561768,0.4116746208233419,0.4516091197826368,0.04036637124351099
2.2170088291168213,0.42039600981453806,0.4618024534915321,0.04187327776082868
2.237536668777466,0.4292540703329952,0.47216933881594025,0.04342944315661523
2.2580645084381104,0.4382503663946984,0.48271191930780405,0.04503627938152017
2.278592348098755,0.44738647080540395,0.49343234995051855,0.04669523333118689
2.2991201877593994,0.4566639649662236,0.5043327967607459,0.048407787544991566
2.319648027420044,0.46608443866931104,0.5154154363702246,0.050175460912919786
2.3401758670806885,0.4756494898833687,0.5266824555869764,0.05199980939041719
2.360703706741333,0.4853607245286788,0.5381360509353026,0.05388242672103292
2.3812317848205566,0.49521987161270137,0.5497785644980869,0.055824968082146154
2.401759624481201,0.505228323242837,0.5616119403472496,0.05782905988564228
2.4222874641418457,0.5153878213806247,0.5736385352933817,0.0598964358607381
2.4428153038024902,0.5257000012833335,0.5858605796801604,0.06202884827893997
2.4633431434631348,0.5361665048674885,0.5982803109275757,0.06422809092248394
2.4838709831237793,0.5467889804147469,0.6108999729314268,0.06649599984897424
2.504398822784424,0.5575690822651381,0.6237218154370832,0.06883445416204306
2.5249266624450684,0.5685084704973392,0.63674809338683,0.07124537678769652
2.545454502105713,0.5796088105956578,0.6499810662401031,0.07373073525598829
2.5659823417663574,0.590871773103372,0.6634229972659026,0.0762925424876369
2.586510181427002,0.6022990332620944,0.6770761528066745,0.07893285758517936
2.6070380210876465,0.613892270636801,0.6909428015129344,0.08165378662822634
2.62756609916687,0.6256533063021514,0.7050253783684801,0.08445751652475451
2.6480939388275146,0.6375835541105771,0.7193258271275089,0.08734618460343083
2.668621778488159,0.6496848398176283,0.7338465807703234,0.09032207475953875
2.6891496181488037,0.661958856232986,0.7485899089150425,0.09338748899944438
2.7096774578094482,0.6744072983873496,0.7635580791962522,0.09654478032727971
2.7302052974700928,0.6870318630639113,0.7787533563084894,0.09979635355412646
2.7507331371307373,0.6998342483129331,0.794178001015201,0.1031446661074564
2.771260976791382,0.7128161529490478,0.8098342691224159,0.1065922288401528
2.7917888164520264,0.7259792760309091,0.8257244104163617,0.1101416068384047
2.812316656112671,0.7393253163227923,0.8418506675642355,0.11379542022772247
2.8328444957733154,0.7528559717377662,0.858215274977362,0.1175563449762944
2.85337233543396,0.7665729387620402,0.8748204576359541,0.12142711369485966
2.8739001750946045,0.7804779118600963,0.8916684298747014,0.12541051643223727
2.894428253173828,0.7945727476695535,0.9087615940841939,0.1295094497535426
2.9149560928344727,0.8088588073619498,0.9261017424762392,0.1337267257646878
2.935483932495117,0.8233379381655601,0.943691246856587,0.13806535847529666
2.9560117721557617,0.8380118201111038,0.9615322660230212,0.14252837552318962
2.9765396118164062,0.8528821279311826,0.9796269414411463,0.14711886586373193
2.997067451477051,0.8679505303418268,0.9979773957788134,0.15183998051887798
3.0175952911376953,0.8832186893020658,1.0165857313960618,0.15669493331465362
3.03812313079834,0.8986882592511335,1.0354540287898524,0.16168700160586505
3.0586509704589844,0.9143608863229111,1.0545843449928733,0.16681952698676755
3.079178810119629,0.9302382075372343,1.073978711925739,0.1720959159863872
3.0997066497802734,0.9463218499676725,1.0936391347018866,0.17751964074712784
3.120234489440918,0.9626134298854084,1.113567589884526,0.18309423968525165
3.1407625675201416,0.9791147447525523,1.1337662598630078,0.18882338558284315
3.161290407180786,0.9958270032836823,1.1542365895088054,0.19471061826171043
3.1818182468414307,1.0127519743921243,1.1749806918079873,0.2007597443554628
3.202346086502075,1.0298912220872543,1.196000410711091,0.20697457356638602
3.2228739261627197,1.0472462949241528,1.2172975521624467,0.2133589848478902
3.2434017658233643,1.06481872499651,1.2388738820569491,0.21991692692351905
3.263929605484009,1.0826100269031858,1.2607311241450019,0.22665241877641426
3.2844574451446533,1.100621696688093,1.2828709578851987,0.23356955010737254
3.304985284805298,1.118855210753129,1.305295016244386,0.2406724817595857
3.3255131244659424,1.1373120247438602,1.3280048834447675,0.24796544610809196
3.346040964126587,1.1559935724076702,1.351002092657749,0.25545274741189655
3.3665688037872314,1.174901264424144,1.3742881236443116,0.26313876212668325
3.387096881866455,1.1940367107782153,1.3978646758569535,0.27102803200128167
3.4076247215270996,1.2134008279173467,1.421732567306277,0.2791248954423978
3.428152561187744,1.232995170938578,1.4458933749624918,0.28743403738568674
3.4486804008483887,1.2528210459901052,1.4703483402731616,0.29596012533667465
3.469208240509033,1.2728797298797438,1.4950986386708491,0.3047078998925622
3.4897360801696777,1.2931724687342503,1.520145376890977,0.313682174771226
3.5102639198303223,1.3137004766296092,1.5454895902363046,0.32288783678452637
3.530791759490967,1.3344649341921886,1.5711322397883085,0.3323298457533605
3.5513195991516113,1.355466987170721,1.5970742095658772,0.34201323436185516
3.571847438812256,1.3767077449790497,1.623316303631761,0.35194310794802236
3.5923752784729004,1.3981882792096916,1.6498592431474124,0.3621246442281837
3.612903118133545,1.4199096221181888,1.6767036633768087,0.3725630929523631
3.6334311962127686,1.4418730215750528,1.7038504276856503,0.3832639013135575
3.653959035873413,1.4640789163300105,1.7312993597788897,0.39423221329372615
3.6744868755340576,1.4865284649255457,1.7590511322873779,0.4054736146933723
3.695014715194702,1.5092225265320165,1.7871060059322963,0.41699363847227927
3.7155425548553467,1.5321619129706163,1.8154641398227906,0.42879788676549574
3.736070394515991,1.5553473870254202,1.844125588174106,0.44089203006391275
3.7565982341766357,1.5787796607275477,1.873090296982571,0.45328180630520054
3.7771260738372803,1.6024593936117981,1.902358100659052,0.465973019872009
3.797653913497925,1.6263871909461716,1.9319287186226446,0.4789715404943202
3.8181817531585693,1.6505636019347376,1.9618017518565172,0.49228330205281384
3.838709592819214,1.674989117894352,1.9919766794279474,0.505914301280079
3.8592374324798584,1.6996641704057969,2.022452854974782,0.5198705963565127
3.879765510559082,1.724589420380987,2.0532298623545904,0.534158473289384
3.9002933502197266,1.7497645953084244,2.0843060787691035,0.5487837766789124
3.920821189880371,1.7751902242572801,2.1156808158948914,0.5637529035308256
3.9413490295410156,1.8008664808862052,2.1473528899299272,0.5790721415587714
3.96187686920166,1.8267934695137429,2.1793209736601837,0.5947478312127275
3.9824047088623047,1.852971223131259,2.2115835928003604,0.6107863635763954
4.002932548522949,1.8793997013959634,2.244139122321246,0.6271941781371961
4.023460388183594,1.906078788605124,2.2769857827673436,0.6439777604258133
4.043988227844238,1.9330082916526294,2.3101216365685735,0.6611436395222743
4.064516067504883,1.9601879379691027,2.3435445843500444,0.6786983854255977
4.085043907165527,1.9876173734469138,2.3772523612441305,0.6966486062841257
4.105571746826172,2.0152961603514394,2.411242533209241,0.7150009454837053
4.126099586486816,2.0432237752200613,2.4455124933599217,0.7337620785909819
4.146627426147461,2.071399606750436,2.480059458313104,0.7529387101491523
4.1671552658081055,2.099822953679684,2.514880464555546,0.7725375703236279
4.18768310546875,2.128493022656199,2.5499723648377177,0.7925654113951702
4.2082109451293945,2.1574089261058966,2.585331824599593,0.813029004098188
4.228738784790039,2.1865696800948027,2.620955318434028,0.833935133802021
4.249266624450684,2.215974202189928,2.6568391265936078,0.8552905965331608
4.269794940948486,2.2456220007951853,2.6929801739872876,0.8771027068444596
4.290322780609131,2.2755104127060677,2.7293726628426582,0.8993772563148205
4.310850620269775,2.305638733024451,2.76601310648695,0.9221215487913177
4.33137845993042,2.336005463968528,2.8028969739631093,0.9453423799083288
4.3519062995910645,2.3666089986124215,2.8400195233813155,0.969046533623413
4.372434139251709,2.3974476187837688,2.8773757988223423,0.9932407772523804
4.3929619789123535,2.4285194929760823,2.9149606273315216,1.0179318563362438
4.413489818572998,2.459822674278625,2.9527686160108653,1.0431264893396754
4.434017658233643,2.491355098326641,2.990794149217106,1.068831362180842
4.454545497894287,2.523114581274829,3.029031385873521,1.0950531225927513
4.475073337554932,2.5550988177971172,3.0674742569036946,1.1217983743165902
4.495601177215576,2.587305379115759,3.1061164627953697,1.149073671127741
4.516129016876221,2.6197317110630527,3.144951471302929,1.1768855106956426
4.536656856536865,2.6523751321788827,3.1839725152969596,1.2052403282788384
4.55718469619751,2.6852328318474803,3.2231725907696367,1.234144490257001
4.577712535858154,2.7183018684768814,3.2625444550047544,1.2636042875020892
4.598240375518799,2.7515791677246044,3.302080624921322,1.2936259285911245
4.618768215179443,2.7850615207731493,3.3417733755997214,1.3242155328634855
4.639296054840088,2.8187455826590684,3.3816147389995934,1.3553791233260795
4.659823894500732,2.8526278706593193,3.421596502878556,1.387122619410063
4.680351734161377,2.8867047627388196,3.461710209921049,1.419451829583359
4.7008795738220215,2.9209724960630337,3.501947157086468,1.4523724438234864
4.721407413482666,2.9554271655796143,3.542298395185917,1.4858900259558516
4.7419352531433105,2.990064722673141,3.582754728696799,1.5200100058630128
4.762463569641113,3.0248817846790153,3.623307658835054,1.554738485351192
4.782991409301758,3.059872394567055,3.663945613713093,1.5900789892924907
4.803519248962402,3.0950328724307776,3.7046596011055475,1.6260372973996569
4.824047088623047,3.1303585835515904,3.745439443373225,1.6626182235125258
4.844574928283691,3.165844744161976,3.7862747195038855,1.699826406866342
4.865102767944336,3.2014864206258435,3.8271547665446137,1.7376663036704014
4.8856306076049805,3.2372785287213266,3.8680686813345284,1.7761421786102496
4.906158447265625,3.273215833030248,3.909005322546087,1.8152580962829594
4.9266862869262695,3.309292946438574,3.9499533130430753,1.8550179125755948
4.947214126586914,3.3455043297520644,3.9909010425630305,1.8954252659974316
4.967741966247559,3.38184429143143,4.031836670731624,1.936483568977132
4.988269805908203,3.4183069874511207,4.0727481304160795,1.9781959991364018
5.008797645568848,3.4548864212859747,4.113623131424469,2.020565490552387
5.029325485229492,3.4915764440298265,4.1544491645572155,2.0635947250214066
5.049853324890137,3.5283707546501155,4.195213506016764,2.1072861233371816
5.070381164550781,3.5652629003825047,4.23590322218089,2.151641836597218
5.090909004211426,3.6022462772693964,4.276505174744637,2.1966637375514337
5.11143684387207,3.639314130846165,4.317006026235305,2.242353412007627
5.131964683532715,3.6764595569788,4.357392245904386,2.288712150308766
5.152492523193359,3.7136755028565323,4.397650115999689,2.335740938897546
5.173020362854004,3.7509547681429543,4.437765738420366,2.3834404519840997
5.193548202514648,3.7882900062888583,4.477725041756715,2.431811043332971
5.214076042175293,3.8256737260100198,4.517513788716111,2.480852738186023
5.2346038818359375,3.863098292932897,4.557117583935604,2.5305652253381288
5.25513219833374,3.900556801830301,4.596522795065111,2.580949027487279
5.275660037994385,3.9380395974255666,4.635712904668364,2.632000796778665
5.296187877655029,3.975539497410772,4.6746740115908265,2.6837203294475214
5.316715717315674,4.013048314961472,4.71339117402015,2.7361058929119317
5.337243556976318,4.050557731002511,4.751849336900924,2.789155381423361
5.357771396636963,4.08805929691299,4.790033342034078,2.842866309428037
5.378299236297607,4.125544437414377,4.827927938543951,2.897235805205786
5.398827075958252,4.16300445364287,4.865517793706697,2.952260604804433
5.4193549156188965,4.20043052640698,4.902787504132815,3.007937046288066
5.439882755279541,4.237813719630897,4.9397216072955645,3.064261064317196
5.4604105949401855,4.2751449839840445,4.976304593396141,3.121228185078999
5.48093843460083,4.312415160696727,5.012520917555372,3.1788335215852768
5.501466274261475,4.349614985561674,5.048355012320827,3.237071769355994
5.521994113922119,4.386735093120677,5.083791300477077,3.2959372025054465
5.542521953582764,4.423766021035493,5.118814208146034,3.3554236702483484
5.563049793243408,4.460698214641524,5.153408178163108,3.4155245938422034
5.583577632904053,4.497522031682662,5.18755768371403,3.476232963982249
5.604105472564697,4.5342277472251755,5.221247242216213,3.537541338664534
5.624633312225342,4.570805558748236,5.254461429427496,3.599441841532277
5.645161151885986,4.60724559140821,5.287184893764156,3.661926160719835
5.665688991546631,4.643537903473569,5.3194023708092395,3.72498554820816
5.686216831207275,4.679672491926772,5.351098697991194,3.78861081970465
5.70674467086792,4.715639298229187,5.382258829412065,3.8527923550596395
5.7272725105285645,4.75142821424464,5.412867850803505,3.9175200992308943
5.747800350189209,4.787029088316873,5.442910994588195,3.9827835638065388
5.768328666687012,4.822432551475271,5.472374332551479,4.048573363286815
5.788856506347656,4.85762673892496,5.501242066945191,4.114875092778855
5.809384346008301,4.892602231075603,5.529500652518903,4.181678500739959
5.829912185668945,4.927348765853806,5.557136060356535,4.248971391976515
5.85044002532959,4.961856070167807,5.584134484282123,4.316741154210459
5.870967864990234,4.996113866786529,5.610482356041028,4.384974763113889
5.891495704650879,5.030111881328423,5.63616636041006,4.453658787945195
5.912023544311523,5.06383984935233,5.661173450209249,4.522779397787979
5.932551383972168,5.09728752354223,5.685490861187674,4.592322368392835
5.9530792236328125,5.130444680977501,5.709106126755489,4.662273089620623
5.973607063293457,5.1633011304798355,5.732007092534082,4.732616573484544
5.994134902954102,5.195846720027789,5.754181930696233,4.8033374627867955
6.014662742614746,5.228071344229648,5.775619154068078,4.87442004034446
6.035190582275391,5.259964951844877,5.796307629964742,4.945848238797415
6.055718421936035,5.2915175533444145,5.8162365937316425,5.017605650990173
6.07624626159668,5.322719228499547,5.835395661963646,5.089675540917456
6.096774101257324,5.353560133989162,5.853774845374605,5.1620408552226165
6.117301940917969,5.384030511014734,5.871364561290127,5.23468423523577
6.137829780578613,5.414120692912454,5.8881556457369495,5.307588029537956
6.158357620239258,5.443821112751572,5.904139365102765,5.380734307035416
6.178885459899902,5.473122310908002,5.919307427341044,5.454104870527332
6.199413299560547,5.502014942602151,5.933651992696108,5.527681270748668
6.219941139221191,5.530489785389725,5.947165683924418,5.601444820868468
6.240468978881836,5.558537746594437,5.959841595989053,5.675376611422986
6.260997295379639,5.586150506937245,5.971673570189581,5.749459248055139
6.281525135040283,5.613317972325243,5.982655122987086,5.823669980463755
6.302052974700928,5.640032129728584,5.992781103213645,5.8979910440428
6.322580814361572,5.6662844783173725,6.002046580325483,5.972402796019992
6.343108654022217,5.692066682928425,6.010447135817783,6.046885451362464
6.363636493682861,5.717370580914227,6.017978869331599,6.12141909981433
6.384164333343506,5.742188188856141,6.0246384041029755,6.195983723191521
6.40469217300415,5.766511709131243,6.030422891740773,6.270559212904486
6.425220012664795,5.790333536322379,6.035330016321169,6.345125387679177
6.4457478523254395,5.813646263461191,6.039357997788265,6.419662011445622
6.466275691986084,5.836442688094185,6.042505594651821,6.494148811363227
6.4868035316467285,5.858715818162137,6.044772105974756,6.568565495951144
6.507331371307373,5.880458877683469,6.046157372644606,6.642891773291923
6.527859210968018,5.901665312232514,6.046661777924826,6.7171073692762215
6.548387050628662,5.922328794203997,6.04628624728345,6.791192045856273
6.568914890289307,5.942443227855337,6.04503224749833,6.865125619275485
6.589442729949951,5.962002754118909,6.042901785039807,6.938887978241952
6.609970569610596,5.981001755176649,6.039897403733396,7.012459102013249
6.63049840927124,5.999434858789998,6.036022181706735,7.085819078360448
6.651026248931885,6.017296942378456,6.031279727626651,7.15894812137939
6.671554088592529,6.034583136840672,6.025674176233926,7.2318265891177
6.692081928253174,6.051288830112275,6.019210183184903,7.3044350009863885
6.712609767913818,6.067409670455387,6.01189291921073,7.376754054925586
6.733137607574463,6.0829415694750235,6.003728063606495,7.448764644294416
6.753665924072266,6.09788104496377,5.994721578137345,7.52044953562454
6.77419376373291,6.112223849047454,5.984880555628946,7.591786731944945
6.794721603393555,6.125967052592007,5.974211956072339,7.662759480017071
6.815249443054199,6.139107645149516,5.962723415033975,7.733349617262294
6.835777282714844,6.151642890474823,5.950423034573157,7.803539255843099
6.856305122375488,6.163570327835351,5.937319373050821,7.8733107973167336
6.876832962036133,6.174887773030203,5.923421434394014,7.942646946828506
6.897360801696777,6.185593319118255,5.9087386568390325,8.011530726822745
6.917888641357422,6.195685336855459,5.89328090117702,8.079945490250912
6.938416481018066,6.205162474842126,5.877058438527076,8.147874933257128
6.958944320678711,6.214023659381573,5.860081937662487,8.215303107323527
6.9794721603393555,6.222268094051905,5.8423624519166,8.282214430858604
7.0,6.229895258993423,5.823911405695671,8.348593700213485
7.0205278396606445,6.236904909914476,5.8047405806263965,8.414426100112435
7.041055679321289,6.243297076819212,5.784862101366556,8.479697213485437
7.061583518981934,6.2490720624611305,5.764288421107488,8.544393030692223
7.082111358642578,6.2542304405268165,5.743032306797637,8.608499958128437
7.102639198303223,6.258773053554658,5.721106824116425,8.672004826206518
7.123167037963867,6.262701010593896,5.698525322228091,8.734894896705057
7.143694877624512,6.266015684609697,5.675301418345184,8.797157869482046
7.164222717285156,6.2687187096403365,5.651448982131203,8.858781888548998
7.184750556945801,6.270811977713093,5.62698211997213,8.919755547504286
7.205278396606445,6.272297635525633,5.60191515914603,8.980067894325636
7.22580623626709,6.273178080900178,5.576262631920021,9.039708435523035
7.246334075927734,6.273455959018009,5.550039259603333,9.098667139654832
7.266862392425537,6.273134144025792,5.523259308192328,9.156935785589043
7.287390232086182,6.272215778700929,5.4959390736022,9.214502566873994
7.307918071746826,6.270704225114968,5.468093132921345,9.27136021456808
7.328445911407471,6.268603076122663,5.43973680426633,9.327500568030608
7.348973751068115,6.265916150099194,5.410885515378279,9.382915936887505
7.36950159072876,6.262647486030426,5.38155478798985,9.437599100858405
7.390029430389404,6.258801338443575,5.351760222335014,9.491543309002076
7.410557270050049,6.254382172187424,5.321517481825018,9.544742278393088
7.431085109710693,6.249394657071664,5.290842277913725,9.597190192242875
7.451612949371338,6.243843662374706,5.259750355173978,9.648881697479812
7.472140789031982,6.237734251229669,5.228257476606201,9.699811901803399
7.492668628692627,6.231071674898036,5.19637940919906,9.749976370228753
7.5131964683532715,6.223861366940662,5.164131909761199,9.799371121138059
7.533724308013916,6.216108937295738,5.1315307110420045,9.847992621856475
7.5542521476745605,6.207820166273253,5.098591508158126,9.895837783770537
7.574779987335205,6.199000998475608,5.065329945341687,9.942903957007593
7.59530782699585,6.189657536653673,5.0317616030245835,9.98918892469534
7.615835666656494,6.179796035507869,4.997901985272701,10.034690896820896
7.636363506317139,6.169422895443413,4.963766507582313,10.079408503709153
7.656891345977783,6.158544656288903,4.9293704850500015,10.123340789140478
7.677419185638428,6.147167990987299,4.894729120926402,10.166487203128025
7.697947025299072,6.135299699268098,4.8598574955628,10.208847594375099
7.718474864959717,6.122946701309416,4.8247705557586995,10.250422202432997
7.739002704620361,6.110116031398415,4.789483104517216,10.291211649579935
7.759531021118164,6.096814517218285,4.754008965165331,10.3312178526185
7.780058860778809,6.083050020373823,4.718364272323237,10.370440315385617
7.800586700439453,6.068829576016807,4.682562518393522,10.4088816955177
7.821114540100098,6.054160611729818,4.646617837085092,10.446544060135588
7.841642379760742,6.039050637764339,4.610544173375332,10.483429815012007
7.862170219421387,6.023507240857482,4.574355275800636,10.519541695203467
7.882698059082031,6.007538078100247,4.5380646891750285,10.554882755543613
7.903225898742676,5.991150870863713,4.501685747735786,10.589456361016959
7.92375373840332,5.974353398789728,4.4652315687146915,10.623266177031764
7.944281578063965,5.957153493851846,4.428715046332023,10.656316159610151
7.964809417724609,5.9395590344923415,4.392148846210138,10.688610545513225
7.985337257385254,5.921577939840885,4.355545400202763,10.720153842318599
8.005865097045898,5.903218164019733,4.318916901634908,10.750950818466947
8.026392936706543,5.884487690540596,4.282275300948326,10.781006493293997
8.046920776367188,5.8653945267975205,4.245632301746274,10.810326127063552
8.067448616027832,5.8459466986603035,4.208999357231251,10.838915211016813
8.087976455688477,5.826152245172103,4.172387667028142,10.866779457452427
8.108504295349121,5.806019213355326,4.1358081743856046,10.893924789851443
8.129032135009766,5.785555653128867,4.099271563747219,10.920357333060332
8.14955997467041,5.764769612340072,4.062788258684089,10.946083403545028
8.170087814331055,5.743669131914112,4.026368420179846,10.971109499728037
8.1906156539917,5.722262241123475,3.9900219452588654,10.995442292420162
8.211143493652344,5.700556952979763,3.9537584659480696,11.019088615357791
8.231671333312988,5.678561259749881,3.917587348562429,11.042055455855968
8.252199172973633,5.656283128598487,3.881517693304237,11.064349945586983
8.272727012634277,5.6337304973580125,3.8455583341655464,11.085979351493485
8.293254852294922,5.610911270427735,3.8097178391235835,11.10695106684453
8.313782691955566,5.5878333148028485,3.7740045106184024,11.127272602442435
8.334310531616211,5.564504456234326,3.7384263863019878,11.14695157798767
8.354838371276855,5.540932475520144,3.702991240048108,11.165995713608377
8.3753662109375,5.517125104928321,3.667706583212071,11.184412821560649
8.395894050598145,5.49309002475172,3.6325796661293497,11.202210798104986
8.416421890258789,5.46883485999477,3.597617479842397,11.219397615563956
8.436949729919434,5.444367177191696,3.5628267580446815,11.235981314565427
8.457477569580078,5.419694481355913,3.5282139792312024,11.251969996475253
8.478005409240723,5.394824213059867,3.4937853690447103,11.267371816022758
8.498533248901367,5.369763745644657,3.4595469028070993,11.282194974122012
8.519062042236328,5.344519205675684,3.425502731323756,11.296448359916356
8.539589881896973,5.3191001699450675,3.39166150083813,11.310138921973422
8.560117721557617,5.293512626081318,3.358026866450246,11.323275634014008
8.580645561218262,5.267763653149861,3.324603830838481,11.33586681389298
8.601173400878906,5.241860250939585,3.2913971614311675,11.347920792759956
8.62170124053955,5.215809337925624,3.2584113938332484,11.359445909089871
8.642229080200195,5.189617749352115,3.2256508353677,11.370450502917054
8.66275691986084,5.163292235433272,3.193119568722659,11.380942910272422
8.683284759521484,5.136839459670749,3.1608214556951597,11.390931457823026
8.703812599182129,5.110265997285174,3.1287601410225614,11.40042445771281
8.724340438842773,5.083578333759838,3.0969390562932824,11.409430202603211
8.744868278503418,5.056782863494249,3.065361423928358,11.417956960912024
8.765396118164062,5.029885888565426,3.0340302612259364,11.426012972248566
8.785923957824707,5.002893617594387,3.002948384460738,11.433606443042892
8.806451797485352,4.9758121647156335,2.9721184130310117,11.44074554236684
8.826979637145996,4.948647548647069,2.9415427736456987,11.447438397944124
8.84750747680664,4.921405691858081,2.9112237045448843,11.453693092346912
8.868035316467285,4.894092419832945,2.881163259746558,11.459517659375566
8.88856315612793,4.866713460427391,2.8513633133134726,11.464920080618818
8.909090995788574,4.83927444331542,2.821825563633648,11.46990828219075
8.929618835449219,4.811780899524167,2.792551537708836,11.474490131641396
8.950146675109863,4.78423826105379,2.7635425954449517,11.478673435037246
8.970674514770508,4.756651860580211,2.7347999339393487,11.482465934208179
8.991202354431152,4.729026931237753,2.7063245917595413,11.485875304156945
9.011730194091797,4.70136860647936,2.678117453208689,11.488909150627476
9.032258033752441,4.673681920011471,2.650179252572877,11.491575007827988
9.052785873413086,4.645971805801445,2.622510578346253,11.493880336305219
9.07331371307373,4.618243098154338,2.5951118774292943,11.495832520965429
9.093841552734375,4.590500531857103,2.5679834592968356,11.49743886923848
9.11436939239502,4.5627487423872,2.5411255001317485,11.498706609380704
9.134897232055664,4.53499226618329,2.5145380469210026,11.499642888912557
9.155425071716309,4.507235540975667,2.488221021510956,11.500254773187114
9.175952911376953,4.479482906173619,2.462174224618614,11.500549244085049
9.196480751037598,4.451738603307599,2.4363973397962577,11.50053319883228
9.217008590698242,4.424006776523696,2.410889937346796,11.500213448936089
9.237536430358887,4.396291473127994,2.385651478187351,11.499596719235715
9.258064270019531,4.368596644178612,2.3606813176590014,11.498689647063454
9.278592109680176,4.340926145123032,2.335978709280568,11.497498781512153
9.29911994934082,4.313283736478547,2.3115428084446314,11.496030582805378
9.319647789001465,4.285673084553594,2.2873726760541286,11.494291421766167
9.34017562866211,4.258097762207873,2.2634672820980395,11.492287579380703
9.360703468322754,4.230561249649056,2.2398255091647896,11.490025246452948
9.381231307983398,4.203066935264093,2.2164461558922115,11.487510523346725
9.401759147644043,4.175618116482978,2.193327940352989,11.484749419811235
9.422286987304688,4.148218000673344,2.1704695033748664,11.481747854887013
9.442814826965332,4.120869706063425,2.1478694117945643,11.478511656888012
9.463342666625977,4.0935762626920305,2.125526161645066,11.475046563457061
9.483870506286621,4.0663406133833995,2.103438181275634,11.471358221690858
9.504399299621582,4.039164353712046,2.081602825898496,11.467452001894516
9.524927139282227,4.012052780164781,2.060020426260046,11.463333733849755
9.545454978942871,3.985007316075045,2.03868820544834,11.459008617957494
9.565982818603516,3.958030565592215,2.0176043509193344,11.454481941655526
9.58651065826416,3.9311250508398548,1.9967669970271964,11.449758903392748
9.607038497924805,3.9042932130049866,1.9761742277365728,11.44484461310548
9.62756633758545,3.877537413440909,1.9558240792670447,11.439744092741847
9.648094177246094,3.850859934782183,1.9357145426701303,11.434462276831512
9.668622016906738,3.8242629820705445,1.9158435663392053,11.429004013098245
9.689149856567383,3.7977486838902177,1.8962090584527476,11.423374063112478
9.709677696228027,3.771319093511333,1.876808889351316,11.417577102981378
9.730205535888672,3.7449761900404983,1.8576408938490354,11.411617724074263
9.750733375549316,3.7187218795769645,1.8387028734799857,11.405500433780599
9.771261215209961,3.6925579963735022,1.8199925986802747,11.399229656298624
9.791789054870605,3.666486304000753,1.8015078109064957,11.392809733452227
9.81231689453125,3.6405084965141064,1.7832462246913248,11.386244925534065
9.832844734191895,3.6146261996219953,1.7652055296370657,11.379539412172775
9.853372573852539,3.588840971854658,1.747383392347953,11.372697293222348
9.873900413513184,3.563154305732523,1.729777458302126,11.365722589671883
9.894428253173828,3.537567628933197,1.712385353664162,11.358619244573633
9.914956092834473,3.512082305456366,1.6952046870391209,11.351391123987936
9.935483932495117,3.486699636785607,1.6782330511689783,11.344042017943003
9.956011772155762,3.4614208630465706,1.6614680245725555,11.336575641408304
9.976539611816406,3.4362471641605334,1.6449071731298162,11.328995635279561
9.99706745147705,3.41117966099295,1.6285480516116428,11.321305567374457
10.017595291137695,3.3862194164960173,1.61238820515606,11.313508933437065
10.03812313079834,3.361367436844874,1.5964251706919588,11.305609158150068
10.058650970458984,3.3366246725666633,1.580656478311382,11.297609596153192
10.079178810119629,3.3119920196620587,1.5650796525914457,11.289513533066847
10.099706649780273,3.2874703207185934,1.549692213866869,11.281324186519717
10.120234489440918,3.263060366015396,1.5344916794543348,11.273044707179102
10.140762329101562,3.2387628946187683,1.5194755648295786,11.26467817978309
10.161290168762207,3.214578595468298,1.5046413847584108,11.25622762417352
10.181818008422852,3.190508108452905,1.4899866543826314,11.247695996328634
10.202345848083496,3.166552025476683,1.475508890262007,11.239086189394808
10.22287368774414,3.142710891513937,1.4612056113732577,11.230401034716184
10.243401527404785,3.1189852056533156,1.4470743400672255,11.221643302861706
10.26392936706543,3.0953754221304712,1.433112602985139,11.212815704648465
10.284457206726074,3.0718819513492726,1.4193179319351767,11.203920892160978
10.304985046386719,3.048505160891001,1.4056878647301843,11.194961459765441
10.325512886047363,3.02524537651155,1.3922199459877094,11.185939945118532
10.346040725708008,3.0021028831262644,1.3789117278933223,11.176858830170032
10.366568565368652,2.9790779257822066,1.3657607709281419,11.167720542158719
10.387096405029297,2.956170710617832,1.3527646445617056,11.15852745460116
10.407624244689941,2.9333814058097385,1.3399209279110382,11.149281888272718
10.428152084350586,2.9107101425064585,1.3272272103669396,11.139986112180466
10.44867992401123,2.888157015749075,1.3146810921883942,11.130642344527432
10.469207763671875,2.8657220853787426,1.3022801850661172,11.1212527536681
10.48973560333252,2.8434053769308107,1.2900221126560805,11.111819459054448
10.51026439666748,2.8212058539721814,1.2779039513558064,11.102344091054313
10.530792236328125,2.799125538630724,1.2659244760554427,11.092829554556268
10.55132007598877,2.777163324718997,1.2540807830227076,11.08327738864994
10.571847915649414,2.7553191092206477,1.2423705485420056,11.073689526438914
10.592375755310059,2.733592759082522,1.2307914631118886,11.064067856704522
10.612903594970703,2.711984112027962,1.2193412318171064,11.054414224790253
10.633431434631348,2.690492977356439,1.2080175746766582,11.044730433474836
10.653959274291992,2.6691191367297553,1.1968182269686172,11.03501824383438
10.674487113952637,2.647862344944737,1.1857409395326184,11.02527937609298
10.695014953613281,2.6267223306923864,1.174783479050586,11.015515510461894
10.715542793273926,2.6056987973036967,1.1639436283066402,11.005728287967111
10.73607063293457,2.584791423482066,1.1532191864267545,10.995919311265325
10.756598472595215,2.5639998640224198,1.1426079690989577,10.986090145448163
10.77712631225586,2.543323750517055,1.1321078087747671,10.976242318834473
10.797654151916504,2.522762692048421,1.1217165548524934,10.966377323751088
10.818181991577148,2.5023162758687203,1.1114320738431125,10.95649661730145
10.838709831237793,2.481984068066593,1.1012522495193269,10.946601622122543
10.859237670898438,2.461765614220918,1.091174983048479,10.936693727129938
10.879765510559082,2.4416604400417623,1.0811981931098804,10.926774288250897
10.900293350219727,2.4216680519987595,1.0713198159971897,10.916844629145835
10.920821189880371,2.40178793793685,1.061537805706433,10.906906041917809
10.941349029541016,2.382019567679597,1.0518501340101478,10.896959787810417
10.96187686920166,2.3623623936202054,1.0422547905183732,10.88700709789383
10.982404708862305,2.3428158513002932,1.0327497827267733,10.877049173739389
11.00293254852295,2.3233793599766486,1.0233331360526812,10.86708718808246
11.023460388183594,2.3040523231760495,1.014002893859395,10.857122285473924
11.043988227844238,2.284834129238251,1.0047571174692282,10.847155582920232
11.064516067504883,2.2657241518473445,0.9955938861659299,10.837188170512034
11.085043907165527,2.2467217505516057,0.9865112971867209,10.827221112041826
11.105571746826172,2.2278262712719434,0.977507465704634,10.817255445610185
11.126099586486816,2.209037046799165,0.9685805248013999,10.807292184221255
11.146627426147461,2.1903533972801252,0.959728625431418,10.797332316367147
11.167155265808105,2.1717746306929855,0.9509499363771834,10.787376806601655
11.18768310546875,2.153300043311652,0.9422426441965834,10.777426596103194
11.208210945129395,2.1349289201596116,0.9336049531624031,10.767482603227313
11.228738784790039,2.1166605354533425,0.9250350851945094,10.757545724048754
11.249266624450684,2.0984941530353423,0.9165312797849955,10.747616832893138
11.269794464111328,2.0804290267969825,0.9080917939166274,10.737696782858539
11.290322303771973,2.0624644010914532,0.8997149019750459,10.727786406327047
11.310850143432617,2.0445995111367514,0.8913988956548838,10.717886515466429
11.331377983093262,2.0268335834090614,0.8831420838602825,10.707997902722044
11.351905822753906,2.0091658360265097,0.8749427926000066,10.698121341299004
11.37243366241455,1.9915954791235824,0.8667993648774578,10.688257585635073
11.392961502075195,1.9741217152163673,0.8587101605759899,10.678407371864084
11.41348934173584,1.956743739558588,0.8506735563396283,10.66857141827013
11.434017181396484,1.9394607404888753,0.8426879454495934,10.658750425732887
11.454545021057129,1.9222718997691275,0.8347517376968477,10.648945078163754
11.475072860717773,1.9051763929143997,0.8268633592509169,10.63915604293346
11.495600700378418,1.8881733895141963,0.819021252525185,10.62938397129086
11.516129493713379,1.8712612700018147,0.8112235148069368,10.619629046022473
11.536657333374023,1.854440764334289,0.8034693450165986,10.609892793718918
11.557185173034668,1.8377102383873085,0.7957568701858497,10.60017536610897
11.577713012695312,1.8210688410979037,0.7880845962957236,10.590477353974826
11.598240852355957,1.8045157169628394,0.7804510448532643,10.580799333946867
11.618768692016602,1.7880500063123739,0.7728547527405022,10.571141868873758
11.639296531677246,1.7716708455766117,0.765294272061406,10.561505508184938
11.65982437133789,1.7553773675446087,0.7577681699870125,10.551890788245611
11.680352210998535,1.7391687016163049,0.7502750285988369,10.542298232704358
11.70088005065918,1.72304397404749,0.7428134447307935,10.532728352833528
11.721407890319824,1.7070023081879093,0.7353820298097437,10.523181647862586
11.741935729980469,1.691042824712689,0.727979409694879,10.513658605304464
11.762463569641113,1.6751646418471497,0.7206042245159864,10.504159701275164
11.782991409301758,1.6593668755851707,0.7132551285108483,10.49468540080653
11.803519248962402,1.6436486399013392,0.7059307898618502,10.48523615815273
11.824047088623047,1.6280090469567983,0.6986298905319096,10.475812417090047
11.844574928283691,1.6124472072991167,0.691351126099907,10.466414611210464
11.865102767944336,1.5969622300562958,0.6840932055957022,10.457043164209257
11.88563060760498,1.5815532231248737,0.6768548513348369,10.447698490166248
11.906158447265625,1.5662192933524237,0.669634798753051,10.438380993821346
11.92668628692627,1.5509595467145683,0.6624317962407595,10.429091070844253
11.947214126586914,1.5357730884864533,0.6552446049774684,10.41982910809844
11.967741966247559,1.520659023409043,0.6480719987663865,10.41059548389962
11.988269805908203,1.5056164558501421,0.6409127638691552,10.401390568268761
12.008797645568848,1.4906444899604305,0.6337656988409595,10.392214723179746
12.029325485229492,1.4757422298244827,0.6266296143659073,10.383068302801908
12.049853324890137,1.4609087796069844,0.619503333092958,10.373951653737297
12.070381164550781,1.446143243694253,0.6123856894723088,10.364865115253203
12.090909004211426,1.4314447268310742,0.6052755295924169,10.355809019509538
12.11143684387207,1.416812334253081,0.5981717110176674,10.34678369178161
12.131964683532715,1.40224517181472,0.591073102626793,10.337789450678148
12.15249252319336,1.3877423461128955,0.5839785844520335,10.32882660835484
12.173020362854004,1.373302964606487,0.5768870475192441,10.319895470723335
12.193548202514648,1.358926135731675,0.5697973936888229,10.31099633765583
12.214076042175293,1.344610969013342,0.5627085354976217,10.302129503185537
12.234603881835938,1.3303565751725595,0.5556193960018941,10.29329525570285
12.255131721496582,1.3161620662302576,0.5485289086212871,10.284493878147465
12.275659561157227,1.302026555607188,0.5414360169838985,10.27572564819654
12.296187400817871,1.2879491582202989,0.5343396747725337,10.266990838448994
12.316715240478516,1.2739289905755535,0.527238845572146,10.258289716605825
12.33724308013916,1.2599651708572868,0.520132502718406,10.249622545646952
12.357770919799805,1.246056819014309,0.5130196291476834,10.24098958400425
12.37829875946045,1.232203056842643,0.5058992172481879,10.232391085731125
12.398826599121094,1.218403008065119,0.49877026871247904,10.223827300668571
12.419354438781738,1.204655798407881,0.4916317943913436,10.215298474607858
12.439882278442383,1.1909605556738783,0.4844828141490355,10.206804849449952
12.460410118103027,1.177316409813388,0.4773223567198993,10.198346663361658
12.480937957763672,1.1637224929917431,0.4701494595664901,10.189924150928645
12.501466751098633,1.1501773115399883,0.46296283455536374,10.18153715452127
12.521994590759277,1.1366812607071144,0.45576220386483024,10.17318668126186
12.542522430419922,1.1232328492948758,0.44854629676599694,10.164872565422744
12.563050270080566,1.1098312189511599,0.4413141842445339,10.156595028734674
12.583578109741211,1.0964755138370554,0.4340649453268308,10.148354290067571
12.604105949401855,1.083164880678963,0.4267976669470112,10.140150565566348
12.6246337890625,1.0698984688182898,0.4195114438155606,10.13198406878373
12.645161628723145,1.0566754302589139,0.4122053782894811,10.12385501081075
12.665689468383789,1.0434949197123724,0.40487858024406115,10.11576360040446
12.686217308044434,1.0303560946409993,0.39753016694621945,10.107710044113523
12.706745147705078,1.0172581152987814,0.3901592629294045,10.099694546400993
12.727272987365723,1.0042001447703692,0.3827649998701573,10.091717309765093
12.747800827026367,0.991181349007981,0.37534651646624023,10.083778534857482
12.768328666687012,0.9782008968664498,0.36790295831642,10.075878420599343
12.788856506347656,0.9652579601363928,0.3604334778018099,10.068017164295448
12.8093843460083,0.9523517135755917,0.3529372339689403,10.060194961745795
12.829912185668945,0.9394813349385921,0.34541339241433744,10.052412007355494
12.85044002532959,0.9266460050046147,0.3378611251708164,10.044668494242382
12.870967864990234,0.9138449076038844,0.33027961059541083,10.036964614342843
12.891495704650879,0.901077229642256,0.3226680332588704,10.0293005585156
12.912023544311523,0.8883421611244002,0.3150255838368668,10.021676516643687
12.932551383972168,0.8756388951754613,0.3073514590028087,10.014092677734642
12.953079223632812,0.8629666280612208,0.2996448613222579,10.00654923001876
12.973607063293457,0.8503245592069923,0.2919049991490678,9.999046361045883
12.994134902954102,0.8377118912149855,0.2841310865230448,9.991584257780145
13.014662742614746,0.8251278298805631,0.2763223430693529,9.984163106693451
13.03519058227539,0.8125715842070713,0.2684779938994485,9.976783093857087
13.055718421936035,0.8000423664195336,0.26059726951370094,9.96944440503184
13.07624626159668,0.7875393919771695,0.2526794057056199,9.962147225756674
13.096774101257324,0.7750618795847461,0.24472364346771466,9.95489174143575
13.117301940917969,0.7626090512028648,0.2367292288989265,9.94767813742426
13.137829780578613,0.7501801320571592,0.22869541311371894,9.940506599112561
13.158357620239258,0.7377743506465175,0.22062145215275336,9.93337731200915
13.178885459899902,0.7253909387502879,0.2125066068951611,9.926290461822195
13.199413299560547,0.7130291314345744,0.204350142972419,9.919246234539846
13.219941139221191,0.7006881670575725,0.19615133068378326,9.912244816509196
13.240468978881836,0.6883672872741484,0.18790944491341682,9.905286394514016
13.26099681854248,0.6760657370394136,0.17962376504890926,9.898371155851375
13.281524658203125,0.6637827646116259,0.17129357490152708,9.891499288406953
13.30205249786377,0.6515176215542785,0.16291816262796135,9.884670980729332
13.322580337524414,0.6392695627374635,0.15449682065367076,9.877886422103082
13.343108177185059,0.6270378463384854,0.14602884559770504,9.871145802620852
13.363636016845703,0.6148217338418316,0.1375135381991499,9.864449313254282
13.384163856506348,0.6026204900385154,0.12895020324507478,9.857797145924067
13.404691696166992,0.5904333830247384,0.12033814950000958,9.851189493568796
13.425219535827637,0.5782596842000249,0.11167668963696062,9.844626550213
13.445747375488281,0.5660986682647485,0.10296514016991791,9.838108511034147
13.466275215148926,0.553949613217164,0.09420282138790195,9.831635572428794
13.48680305480957,0.541811800349876,0.08538905729048596,9.825207932077676
13.507331848144531,0.5296839510746929,0.07652276241613233,9.818825493570989
13.527859687805176,0.5175664800424342,0.06760409174769731,9.812489050355987
13.54838752746582,0.5054581147595956,0.05863196937280555,9.806198506791299
13.568915367126465,0.49335814965213637,0.049605733518532244,9.79995406632934
13.58944320678711,0.48126588241614515,0.040524725822415744,9.793755934020112
13.609971046447754,0.4691806140117631,0.031388291276844046,9.787604316571205
13.630498886108398,0.4571016486568943,0.022195778174942324,9.78149942240746
13.651026725769043,0.44502829382041936,0.012946538057759962,9.775441461729637
13.671554565429688,0.43295986021526395,0.003639925663059603,9.769430646572385
13.692082405090332,0.420895661791111,-0.005724701124607926,9.763467190861743
13.712610244750977,0.40883501572687775,-0.015147981322321966,9.757551310471639
13.733138084411621,0.39677724242294604,-0.0246305508958279,9.751683223279883
13.753665924072266,0.38472166549319015,-0.03417304280519875,9.74586314922364
13.77419376373291,0.37266761175681434,-0.04377608704901304,9.740091310353968
13.794721603393555,0.36061441122994287,-0.05344031070726794,9.734367930889935
13.8152494430542,0.3485613971171463,-0.0631663379828047,9.7286932372722
13.835777282714844,0.33650790580274964,-0.07295479024139963,9.723067458215763
13.856305122375488,0.32445327684203634,-0.08280628605049568,9.717490824762335
13.876832962036133,0.31239685295233166,-0.0927214412165829,9.711963570332149
13.897360801696777,0.30033798000403533,-0.10270086882113323,9.706485930775006
13.917888641357422,0.28827600701147826,-0.11274517925535547,9.701058144421072
13.938416481018066,0.2762102861238026,-0.12285498025346493,9.695680452130949
13.958944320678711,0.2641401726157914,-0.1330308769246455,9.690353097345305
13.979472160339355,0.25206502487857113,-0.14327347178376657,9.685076326133938
14.0,0.23998420441041374,-0.15358336478069382,9.679850387244567
14.020527839660645,0.22789707580744137,-0.1639611533282957,9.674675532150683
14.041055679321289,0.21580300675440212,-0.17440743232917622,9.669552015099471
14.061583518981934,0.20370136801540636,-0.1849227942011053,9.664480093158895
14.082111358642578,0.19159153342473514,-0.19550782890111873,9.659460026264409
14.102639198303223,0.17947287987770685,-0.20616312394834352,9.65449207726534
14.123167037963867,0.16734478732153993,-0.21688926444558787,9.649576511970727
14.143694877624512,0.15520663874637786,-0.22768683309952364,9.644713599194624
14.164222717285156,0.14305782017629565,-0.2385564102397883,9.63990361080131
14.1847505569458,0.13089772066048408,-0.24949857383662907,9.635146821749679
14.205278396606445,0.11872573226447306,-0.26051389951743303,9.630443510137534
14.22580623626709,0.10654125006153387,-0.27160296058189654,9.625793957245323
14.246334075927734,0.094343672124149,-0.2827663280160076,9.621198447579467
14.266861915588379,0.08213239951563654,-0.2940045705047883,9.616657268915446
14.287389755249023,0.06990683628193703,-0.3053182544437476,9.612170712340282
14.307917594909668,0.057666389443563955,-0.31670794394910323,9.607739072294766
14.328445434570312,0.04541046898765646,-0.32817420086685556,9.60336264661534
14.348973274230957,0.03313848786028313,-0.3397175847805422,9.59904173657556
14.369501113891602,0.020849861958892817,-0.3513386530177971,9.594776646927098
14.390028953552246,0.008544010124966916,-0.36303796065571087,9.59056768594054
14.41055679321289,-0.0037796458631682087,-0.3748160605250028,9.586415165445686
14.431084632873535,-0.016121681297219186,-0.38667350321289684,9.582319400871615
14.45161247253418,-0.028482668545742374,-0.39861083706494316,9.578280711286242
14.472140312194824,-0.040863177060526966,-0.41062860818543023,9.574299419435679
14.492668151855469,-0.0532637733829668,-0.42272736043684067,9.570375851783114
14.51319694519043,-0.06568559869988308,-0.434908203206464,9.56651016031863
14.533724784851074,-0.0781280596483093,-0.4471705441541171,9.562703038232874
14.554252624511719,-0.09059229065072254,-0.4595154843693828,9.558954642436966
14.574780464172363,-0.10307884666433076,-0.4719435587168275,9.555265314644902
14.595308303833008,-0.11558827976348786,-0.4844552997980833,9.55163540047711
14.615836143493652,-0.1281211391443849,-0.4970512379440844,9.548065249497323
14.636363983154297,-0.14067797112949137,-0.5097319012061651,9.54455521524907
14.656891822814941,-0.15325931917170793,-0.5224978153459866,9.541105655291807
14.677419662475586,-0.16586572385819798,-0.5353495038242689,9.53771693123662
14.69794750213623,-0.17849772291394675,-0.5482874877884173,9.534389408781777
14.718475341796875,-0.19115585120500592,-0.561312286058963,9.53112345774775
14.73900318145752,-0.20384064074143554,-0.574424415114862,9.52791945211187
14.759531021118164,-0.2165526206798736,-0.5876243890776089,9.524777770042839
14.780058860778809,-0.229292317325885,-0.6009127196942864,9.521698793934641
14.800586700439453,-0.24206025413589174,-0.6142899163193919,9.518682910440228
14.821114540100098,-0.25485695171880096,-0.627756485895552,9.51573051050482
14.841642379760742,-0.26768292783730985,-0.6413129329331015,9.51284198939873
14.862170219421387,-0.2805386974088584,-0.6549597594885562,9.510017746750114
14.882698059082031,-0.2934247725062172,-0.6686974651418911,9.507258186576976
14.903225898742676,-0.30634166235776994,-0.6825265469727669,9.5045637173191
14.92375373840332,-0.31928987334736003,-0.6964474995355237,9.501934751869346
14.944281578063965,-0.332269909013885,-0.7104608148331951,9.499371707604844
14.96480941772461,-0.34528227005040446,-0.7245669822902371,9.496875006417541
14.985337257385254,-0.3583274543030261,-0.7387664887243285,9.494445074744538
15.005865097045898,-0.3714059567692556,-0.7530598183168435,9.49208234359789
15.026392936706543,-0.3845182695960848,-0.7674474525823644,9.489787248594117
15.046920776367188,-0.3976648820776966,-0.7819298703370628,9.487560229983256
15.067448616027832,-0.4108462806527108,-0.7965075476658894,9.485401732677465
15.087976455688477,-0.4240629489011457,-0.8111809578887813,9.483312206279289
15.108504295349121,-0.4373153675408872,-0.8259505715256326,9.481292105109414
15.129032135009766,-0.45060401442382514,-0.8408168562602479,9.479341888234062
15.14955997467041,-0.46392936453160943,-0.8557802769032029,9.477462019491892
15.170087814331055,-0.4772918899709641,-0.8708412953535661,9.475652967520487
15.1906156539917,-0.4906920599686181,-0.8860003705595451,9.473915205782376
15.211143493652344,-0.5041303408658303,-0.901257958478031,9.472249212590526
15.231671333312988,-0.5176071961125336,-0.9166145120331095,9.47065547113361
15.252199172973633,-0.5311230862609768,-0.9320704810733353,9.46913446950039
15.272727012634277,-0.5446784689591121,-0.9476263123281512,9.467686700704038
15.293254852294922,-0.5582737989434206,-0.9632824493630202,9.466312662705676
15.313782691955566,-0.5719095280314144,-0.979039332533602,9.46501285843754
15.334310531616211,-0.5855861051136432,-0.994897398938757,9.463787795825546
15.354838371276855,-0.5993039761453591,-1.0108570823725822,9.462637987811569
15.3753662109375,-0.6130635841377503,-1.026918813275341,9.461563952374798
15.395894050598145,-0.6268653691486255,-1.0430830186831987,9.460566212552882
15.416421890258789,-0.6407097682728774,-1.059350122177137,9.459645296462494
15.436949729919434,-0.6545972156323594,-1.0757205438305886,9.458801737319073
15.457477569580078,-0.668528142365393,-1.0921947001561245,9.458036073456395
15.478005409240723,-0.6825029766158273,-1.1087730040510322,9.4573488483452
15.498533248901367,-0.6965221435217198,-1.1254558647419182,9.456740610611487
15.519062042236328,-0.7105867196257795,-1.1422444700947192,9.456211891348437
15.539589881896973,-0.7246958172823309,-1.1591376619950882,9.455763298690178
15.560117721557617,-0.7388505048726337,-1.1761366157950157,9.455395370417904
15.580645561218262,-0.7530511953889744,-1.1932417254625511,9.455108675948493
15.601173400878906,-0.7672982987545027,-1.2104533810021083,9.4549037899358
15.62170124053955,-0.7815922218092101,-1.227771968392715,9.45478129228512
15.642229080200195,-0.7959333682955568,-1.2451978695253303,9.454741768166853
15.66275691986084,-0.8103221388435751,-1.2627314621390497,9.454785808029662
15.683284759521484,-0.8247589309556029,-1.280373119756361,9.454914007612752
15.703812599182129,-0.8392441389905226,-1.2981232116173322,9.45512696795767
15.724340438842773,-0.8537781541476177,-1.3159821026128447,9.455425295419111
15.744868278503418,-0.8683613644498992,-1.333950153216725,9.455809601675298
15.765396118164062,-0.8829941547270969,-1.3520277194169845,9.456280503737249
15.785923957824707,-0.8976769065981264,-1.3702151526459803,9.456838623957662
15.806451797485352,-0.9124099984531481,-1.3885127997096114,9.457484590038762
15.826979637145996,-0.9271938054352102,-1.4069210027155588,9.45821903503944
15.84750747680664,-0.9420286994213749,-1.4254400990004552,9.459042597381659
15.868035316467285,-0.9569150490034735,-1.4440704210561581,9.45995592085591
15.88856315612793,-0.9718532194684256,-1.4628122964550574,9.460959654625889
15.909090995788574,-0.9868435727780474,-1.481666047774337,9.462054453232488
15.929618835449219,-1.0018864675484647,-1.5006319925193186,9.463240976596596
15.950146675109863,-1.0169822590291402,-1.5197104430459287,9.464519890021327
15.970674514770508,-1.0321312990813656,-1.5389017064820925,9.465891864193171
15.991202354431152,-1.0473339361563436,-1.5582060846482244,9.467357575182403
16.011730194091797,-1.0625905152728856,-1.5776238739768442,9.468917704442346
16.032258987426758,-1.077902090566959,-1.5971562754633435,9.470573017926107
16.052785873413086,-1.093266862406923,-1.6168008444231954,9.472323970493036
16.073314666748047,-1.1086880207714622,-1.6365615113789207,9.474171585171407
16.093841552734375,-1.1241630311097932,-1.6564348784090313,9.476116221551363
16.114370346069336,-1.1396950968101367,-1.6764249070324349,9.478158949392649
16.134897232055664,-1.1552816555870393,-1.6965281450145582,9.480300102753336
16.155426025390625,-1.1709259243819274,-1.7167485847265358,9.482540798625173
16.175952911376953,-1.1866253128325073,-1.7370827190787816,9.484881344973552
16.196481704711914,-1.2023830515684368,-1.7575345711348047,9.487322906522396
16.217008590698242,-1.2181965218103712,-1.7781005784100785,9.489865764567389
16.237537384033203,-1.2340689680023904,-1.7987847944846505,9.492511132064122
16.25806427001953,-1.2499977426099709,-1.8195836009415605,9.49525926304483
16.278593063354492,-1.2659861040089884,-1.840501081685537,9.498111419195286
16.29911994934082,-1.2820313755738835,-1.8615335618326496,9.501067826673593
16.31964874267578,-1.298136829720808,-1.8826851554042854,9.50412979639284
16.34017562866211,-1.3142997603995967,-1.9039521305182705,9.507297526009287
16.36070442199707,-1.330523454166266,-1.925338631088423,9.51057237615876
16.3812313079834,-1.3468051752149348,-1.9468408677068292,9.513954515350408
16.40176010131836,-1.3631482243321418,-1.9684630139392167,9.51744535443642
16.422286987304688,-1.3795498356277556,-1.990201222328662,9.521045032115934
16.44281578063965,-1.3960133242004718,-2.012059695835829,9.524755009948652
16.463342666625977,-1.412535893750174,-2.034034528436341,9.52857539614305
16.483871459960938,-1.4291208737602699,-2.0561299522122725,9.532507703454792
16.504398345947266,-1.4457654371977842,-2.078342002058565,9.536552008902852
16.524927139282227,-1.4624729279943938,-2.100674938888703,9.54070987692428
16.545454025268555,-1.4792404880644086,-2.123124738009472,9.544981352631476
16.565982818603516,-1.4960714758421716,-2.145695688859054,9.549368052624855
16.586509704589844,-1.5129630018726512,-2.168383706654954,9.553869989374546
16.607038497924805,-1.5299184391381417,-2.19119310903669,9.558488832122482
16.627565383911133,-1.5469348665009854,-2.2141197506381927,9.563224559942245
16.648094177246094,-1.5640156715275477,-2.2371679769602197,9.568078895191132
16.668621063232422,-1.5811579010878032,-2.2603335815662815,9.573051782772911
16.689149856567383,-1.5983649573590795,-2.2836209374614658,9.578144998629547
16.70967674255371,-1.6156338549129614,-2.3070257766600424,9.583358452702617
16.730205535888672,-1.6329680105554831,-2.330552499297814,9.588693974982908
16.750732421875,-1.6503644062576865,-2.3541967753695774,9.594151439638182
16.77126121520996,-1.6678264734626969,-2.3779630317512694,9.599732731166869
16.79178810119629,-1.6853511612430643,-2.4018468759573777,9.605437687131754
16.81231689453125,-1.702941915678184,-2.425852761196654,9.611268246991672
16.832843780517578,-1.7205956526483177,-2.4499762320521383,9.617224210853806
16.85337257385254,-1.7383158328590518,-2.4742217676412968,9.623307573583844
16.873899459838867,-1.7560993387091666,-2.4985848491752765,9.629518096962872
16.894428253173828,-1.7739496455109733,-2.523069981239244,9.635857831703111
16.914955139160156,-1.7918636018972738,-2.547672581243209,9.642326500369236
16.935483932495117,-1.809844697758365,-2.5723971787823117,9.64892620995236
16.956010818481445,-1.8278897476814941,-2.5972391270480775,9.655656642890433
16.976539611816406,-1.846002256096905,-2.6222029801712115,9.66251996287808
16.997066497802734,-1.8641790032718546,-2.6472840267200133,9.669515811296053
17.017595291137695,-1.882423508129149,-2.6724868448696437,9.676646408959085
17.038124084472656,-1.9007342206912776,-2.6978090164204738,9.683912036596958
17.058650970458984,-1.9191095612841067,-2.723248068344424,9.691312928481299
17.079179763793945,-1.9375530704603448,-2.748808613926781,9.698851391870111
17.099706649780273,-1.9560614415218456,-2.774485778495095,9.706526961296387
17.120235443115234,-1.9746382293545992,-2.800284198078978,9.714342002140436
17.140762329101562,-1.9932800920240343,-2.826198932076321,9.722296004461807
17.161291122436523,-2.011990598669388,-2.8522346387123205,9.730391392147144
17.18181800842285,-2.0307663718713966,-2.878386311116516,9.738627609760576
17.202346801757812,-2.049610994933302,-2.9046586291448735,9.747007140068781
17.22287368774414,-2.068521054709395,-2.9310465193367197,9.755529381098189
17.2434024810791,-2.08750014856822,-2.957554682597691,9.764196874858344
17.26392936706543,-2.106544827402803,-2.984177978572902,9.77300897177515
17.28445816040039,-2.125658702539078,-3.0109211286207387,9.781968273452534
17.30498504638672,-2.144838288680929,-3.037778925206439,9.791074081632777
17.32551383972168,-2.164087210994583,-3.0647561095285996,9.800329057853734
17.346040725708008,-2.183401947774186,-3.0918474066061834,9.809732454070616
17.36656951904297,-2.2027861378999907,-3.1190575768499955,9.81928699208246
17.387096405029297,-2.2222362230434927,-3.1463812775866176,9.828991872933704
17.407625198364258,-2.2417558556634654,-3.1738232877957007,9.838849878998875
17.428152084350586,-2.261341440603835,-3.2013781968865356,9.848860159267744
17.448680877685547,-2.2809966437572053,-3.2290508017491297,9.859025556991423
17.469207763671875,-2.3007178329431888,-3.2568356236725142,9.869345167940997
17.489736557006836,-2.3205086873345153,-3.284737476783873,9.879821896531354
17.510263442993164,-2.3403655375382675,-3.3127508140719337,9.890454784130958
17.530792236328125,-2.360292075844607,-3.340880466213426,9.901246796591327
17.551319122314453,-2.3802845954686673,-3.3691208177404994,9.912196919674725
17.571847915649414,-2.400346801646268,-3.397476715177466,9.923308180927142
17.592374801635742,-2.4204749500305027,-3.4259424744686378,9.934579509281603
17.612903594970703,-2.4406727586221857,-3.454522957270074,9.946013994221142
17.63343048095703,-2.460936445351586,-3.4832124108325107,9.95761050660703
17.653959274291992,-2.4812697407950965,-3.5120157112144876,9.969372198086203
17.67448616027832,-2.501668825009262,-3.540927036894218,9.98129788018663
17.69501495361328,-2.5221374409478066,-3.5699512775901994,9.993390766929535
17.71554183959961,-2.542671730652801,-3.599082542956862,10.005649609229476
17.73607063293457,-2.563275449248355,-3.628325735617308,10.018077683675523
17.7565975189209,-2.5839447006318315,-3.657674896379653,10.030673679270093
17.77712631225586,-2.6046832518822214,-3.687134940003891,10.043440935346576
17.797653198242188,-2.6254871686327563,-3.7166998384589283,10.056378077678504
17.81818199157715,-2.646360229693271,-3.7463745178619448,10.06948850850215
17.838708877563477,-2.6672984623246427,-3.7761528813804333,10.082770789027837
17.859237670898438,-2.688305656835135,-3.8060398656975525,10.096228384535102
17.879764556884766,-2.7093778020165447,-3.8360293052488306,10.109859790319444
17.900293350219727,-2.7305186994348887,-3.866126146481185,10.123668534825482
17.920820236206055,-2.751724299328119,-3.8963241552004173,10.137653046065505
17.941349029541016,-2.7729984142710578,-3.926628286804298,10.151816915751873
17.961875915527344,-2.794336955875284,-3.9570322386048584,10.166158503229044
17.982404708862305,-2.8157437474675278,-3.987540974127898,10.18068146356037
18.002933502197266,-2.8372166601072997,-4.018150971046318,10.195385460623589
18.023460388183594,-2.8587535332056784,-4.048858654129712,10.210270089091852
18.043989181518555,-2.8803582057182826,-4.079668997532325,10.225339099168815
18.064516067504883,-2.902026492456405,-4.1105755281558105,10.240590672368166
18.085044860839844,-2.923762242450778,-4.141583226184747,10.256028622364607
18.105571746826172,-2.9455612317343527,-4.1726855507834575,10.271651057037934
18.126100540161133,-2.9674273191288805,-4.203887487313125,10.287461853545757
18.14662742614746,-2.9893562418762105,-4.235182427501311,10.30345904468348
18.167156219482422,-3.0113518682976057,-4.266575361024593,10.3196465710823
18.18768310546875,-3.0334098968453613,-4.298059612513757,10.336022388989958
18.20821189880371,-3.0555342050414103,-4.329640175092615,10.352590502480322
18.22873878479004,-3.077720452564795,-4.361310306675673,10.369348789778313
18.249267578125,-3.099972525832234,-4.393075002959685,10.386301318347654
18.269794464111328,-3.122286045780787,-4.424927455564675,10.403445886904123
18.29032325744629,-3.144664907409189,-4.456872661880561,10.420786626226361
18.310850143432617,-3.167104692959308,-4.4889037476972575,10.438321254024284
18.331378936767578,-3.1896093056922874,-4.521025711213047,10.456053964294142
18.351905822753906,-3.2121742892174523,-4.553231612895598,10.473982392233943
18.372434616088867,-3.2348035547322445,-4.585526450862689,10.492110794937483
18.392961502075195,-3.2574926072922876,-4.617903220812011,10.510436723576456
18.413490295410156,-3.280245365698829,-4.6503669198885005,10.528964498199198
18.434017181396484,-3.303057296549291,-4.682910479617663,10.547691584429185
18.454545974731445,-3.3259323259100557,-4.7155388952765085,10.566622365103244
18.475072860717773,-3.3488658820327974,-4.7482450348624825,10.58575421876847
18.495601654052734,-3.371861897904387,-4.7810338908876195,10.605091590860727
18.516128540039062,-3.394915763560654,-4.813898268512901,10.624631771317246
18.536657333374023,-3.4180314185586007,-4.846843156587151,10.644379267960161
18.55718421936035,-3.4412042148657713,-4.879861298174621,10.664331280579258
18.577713012695312,-3.4644380982534058,-4.91295767756228,10.684492379146496
18.59823989868164,-3.487728382786511,-4.946124976506637,10.704859671763769
18.6187686920166,-3.511079020089396,-4.97936817383454,10.725437790292835
18.63929557800293,-3.5344852865087644,-5.012679890833801,10.746223749605534
18.65982437133789,-3.5579511391557337,-5.046065099974022,10.767222243169615
18.68035125732422,-3.5814718168618174,-5.079516362964254,10.78843019108448
18.70088005065918,-3.6050512818538505,-5.11303864502173,10.809852348116248
18.721406936645508,-3.6286847356705,-5.146624449218401,10.831485538050433
18.74193572998047,-3.6523761452787067,-5.180278732626884,10.85333457662024
18.762462615966797,-3.6761206751662376,-5.213993940676245,10.875396189758183
18.782991409301758,-3.699922296660081,-5.247775021405709,10.897675253809512
18.803518295288086,-3.723776137459045,-5.281614363649006,10.920168395318566
18.824047088623047,-3.7476861728661435,-5.315516905527849,10.942880550863876
18.844573974609375,-3.771647494073409,-5.349474980382099,10.965808246071713
18.865102767944336,-3.795664079971941,-5.383493515536984,10.988956477351655
18.885629653930664,-3.8197309855498602,-5.417564789994724,11.012321667888887
18.906158447265625,-3.8438521928949965,-5.4516937194114705,11.03590887349827
18.926685333251953,-3.868022721115324,-5.485872529663225,11.05971441340943
18.947214126586914,-3.8922465551006686,-5.520106123871347,11.083743402393477
18.967741012573242,-3.9165186784239783,-5.554386676053062,11.10799205422006
18.988269805908203,-3.9408430783793817,-5.588719075937136,11.13246554214448
19.008798599243164,-3.9652169702540516,-5.623098643386719,11.157162277969846
19.029325485229492,-3.989637542698443,-5.6575206647465315,11.182080577982655
19.049854278564453,-4.014108785861541,-5.691990008066922,11.207225702230831
19.07038116455078,-4.038625596130415,-5.7264987236339255,11.232593594331416
19.090909957885742,-4.063191965052703,-5.761051664000626,11.258189571537073
19.11143684387207,-4.087802754860581,-5.795640832478244,11.284009466843719
19.13196563720703,-4.112461958094322,-5.830271065298943,11.310058654158107
19.15249252319336,-4.137164403275847,-5.8649343203241635,11.336332854417543
19.17302131652832,-4.16191408353037,-5.899635416653236,11.36283749761051
19.19354820251465,-4.186705794137098,-5.934366268281149,11.389568191198139
19.21407699584961,-4.211543528396993,-5.969131676374827,11.416530420657027
19.234603881835938,-4.2364220488373405,-6.003923512704809,11.443719678576409
19.2551326751709,-4.261345348524497,-6.0387465597193595,11.471141505306383
19.275659561157227,-4.286308157747882,-6.073592648665062,11.498791277192371
19.296188354492188,-4.311314468928158,-6.108466542499446,11.526674588823228
19.316715240478516,-4.336358980654469,-6.14336003370441,11.55478669895419
19.337244033813477,-4.361445684290065,-6.178277864989443,11.583133255758169
19.357770919799805,-4.386569247285413,-6.213211791890092,11.61170939908188
19.378299713134766,-4.411733659534325,-6.248166536126051,11.640520830008281
19.398826599121094,-4.4369335579339735,-6.283133818163435,11.669562568186766
19.419355392456055,-4.462172930496874,-6.318118338006915,11.698840366917793
19.439882278442383,-4.487446384176528,-6.35311178298883,11.728349124396784
19.460411071777344,-4.51275790469257,-6.388118830690668,11.758094645430795
19.480937957763672,-4.538102069688687,-6.423131137305072,11.788071705538545
19.501466751098633,-4.563482862180687,-6.458153357299927,11.818286160305698
19.52199363708496,-4.588894831160804,-6.493177117780628,11.848732661387485
19.542522430419922,-4.614341956531079,-6.528207049429667,11.8794171144034
19.56304931640625,-4.639818759315008,-6.56323475237519,11.910334045996812
19.58357810974121,-4.66532921589209,-6.598264832861552,11.941489411060271
19.60410499572754,-4.690867820024692,-6.633288866207489,11.972877610117383
19.6246337890625,-4.716438544162415,-6.668311433586121,12.00450464655772
19.645160675048828,-4.742035855538687,-6.703324087731347,12.036364793719772
19.66568946838379,-4.767663722267731,-6.738331384132395,12.068464102699812
19.686216354370117,-4.793316585810918,-6.773324855219143,12.100796718630653
19.706745147705078,-4.818998409543774,-6.808309030205328,12.133368739511303
19.727272033691406,-4.844703609937203,-6.843275423553134,12.16617418129532
19.747800827026367,-4.870436145227016,-6.878228537630537,12.199219188067826
19.768327713012695,-4.896190407700092,-6.913159871323299,12.23249764567874
19.788856506347656,-4.921970350054171,-6.948073899605346,12.266015743470849
19.809383392333984,-4.947770341223163,-6.982962108231037,12.299767236317404
19.829912185668945,-4.9735943279712655,-7.017828944254316,12.333758357979494
19.850439071655273,-4.999436656735279,-7.052665882796278,12.367982731534294
19.870967864990234,-5.0253012679535285,-7.0874773424877064,12.402446634311778
19.891494750976562,-5.0511824864460175,-7.122254790366202,12.437143556829435
19.912023544311523,-5.077084245936404,-7.157002616159525,12.472079819127789
19.93255043029785,-5.103000850532709,-7.191712281422291,12.507248778458836
19.953079223632812,-5.128936226858747,-7.226388146522773,12.542656796707307
19.97360610961914,-5.154884659239742,-7.261021670182487,12.57829709721412
19.9941349029541,-5.180850066818424,-7.295617182977571,12.614176082834744
20.014663696289062,-5.206829129434585,-7.330169351688397,12.650290208725927
20.03519058227539,-5.2328185153407025,-7.364672852108124,12.6866358189035
20.05571937561035,-5.258822131752017,-7.399131969365318,12.723219376029437
20.07624626159668,-5.284834217759649,-7.433538167003491,12.760033766252798
20.09677505493164,-5.310858672163341,-7.46789569938291,12.797085490998628
20.11730194091797,-5.336889717712547,-7.5021960368567235,12.83436730074906
20.13783073425293,-5.362931244425898,-7.536443402669123,12.871885734802428
20.158357620239258,-5.388977459747362,-7.570629276836419,12.909633407624735
20.17888641357422,-5.415032244553678,-7.604757851163364,12.94761689549527
20.199413299560547,-5.44108979204267,-7.6388206182236456,12.985828676586294
20.219942092895508,-5.467153973593564,-7.672821738083708,13.024275363264557
20.240468978881836,-5.493218969239998,-7.706752718807349,13.062949297204167
20.260997772216797,-5.519288640513419,-7.740617688448388,13.10185712596565
20.281524658203125,-5.545357155387712,-7.774408173530158,13.140991054596066
20.302053451538086,-5.5714283652016245,-7.808128269843749,13.180357764956742
20.322580337524414,-5.59749642699569,-7.841769525375928,13.219949325415895
20.343109130859375,-5.623565181576848,-7.875336003429412,13.259772451244753
20.363636016845703,-5.649628776200133,-7.908819276490463,13.299819074159629
20.384164810180664,-5.675691040807323,-7.942223375171723,13.340095941953843
20.404691696166992,-5.701746114036975,-7.975539899525044,13.380594849799428
20.425220489501953,-5.727797814638276,-8.00877284729512,13.42132257712798
20.44574737548828,-5.753840273822922,-8.041913849192989,13.462270782757143
20.466276168823242,-5.7798772988261335,-8.074966869941026,13.503446276878014
20.48680305480957,-5.805903014642495,-8.107923574028153,13.544840582227623
20.50733184814453,-5.831921216678083,-8.140787893023184,13.586460538884085
20.52785873413086,-5.857926024939583,-8.173551528334027,13.62829753386268
20.54838752746582,-5.883921222695064,-8.20621837826752,13.670358436263214
20.56891441345215,-5.909900926211493,-8.238780184311384,13.712634497824958
20.58944320678711,-5.935868906316397,-8.271240811424311,13.755132615812219
20.609970092773438,-5.961819276803548,-8.303592044351767,13.797843907221818
20.6304988861084,-5.98775579576391,-8.33583771463996,13.840775296634702
20.651025772094727,-6.013672575802253,-8.367969653484161,13.883917766928098
20.671554565429688,-6.039573361983338,-8.39999165897486,13.927278269161661
20.692081451416016,-6.0654522670242175,-8.43189561196057,13.970847652806263
20.712610244750977,-6.0913130226804855,-8.463685277053573,14.014632894573552
20.733137130737305,-6.117149743098817,-8.49535258796707,14.058624711332337
20.753665924072266,-6.142966146449354,-8.526901275832717,14.102830104631645
20.774192810058594,-6.16875634964143,-8.558323330445202,14.147239659634948
20.794721603393555,-6.194524056989845,-8.589622449472165,14.191860401926577
20.815248489379883,-6.22026338951446,-8.62079068200877,14.236682785954473
20.835777282714844,-6.245978037411583,-8.651831692293843,14.281713860550083
20.856304168701172,-6.271662127173256,-8.682737591940725,14.326943950529031
20.876832962036133,-6.297319334620814,-8.71351201181242,14.372380127196312
20.89735984802246,-6.322943793093378,-8.744147129253914,14.418012586912884
20.917888641357422,-6.34853916378732,-8.774646541822152,14.463848422698703
20.93841552734375,-6.37409958827592,-8.805002495799489,14.50987770373231
20.95894432067871,-6.3996287128872815,-8.83521855552272,14.55610754400627
20.97947120666504,-6.425120688827318,-8.865287039406358,14.602527886883873
21.0,-6.450579147318919,-8.895211478667811,14.649145866604451
