traj,s1,s2,s3,s4,s5,s6,s7,s8,s9,s10,s11,s12,s13,s14
0,0,3.62385011,-2.5,-2.5,NaN,NaN,NaN,2.70427097e-10,NaN,NaN,NaN,7.55948221e-11,NaN,NaN
1,0,3.62385011,-2.5,-2.5,NaN,NaN,NaN,2.70427153e-10,NaN,NaN,NaN,7.55948221e-11,NaN,NaN
2,0,3.62385011,-2.5,-2.5,NaN,NaN,NaN,2.70427208e-10,NaN,NaN,NaN,7.55948221e-11,NaN,NaN
3,0,3.62385011,-2.5,-2.5,NaN,NaN,NaN,2.70427264e-10,NaN,NaN,NaN,7.55948221e-11,NaN,NaN
4,0,3.62385011,-2.5,-2.5,NaN,NaN,NaN,2.70427292e-10,NaN,NaN,NaN,7.55948221e-11,NaN,NaN
5,0,3.62385011,-2.5,-2.5,NaN,NaN,NaN,2.70427347e-10,NaN,NaN,NaN,7.55948221e-11,NaN,NaN
6,0,3.62385011,-2.5,-2.5,NaN,NaN,NaN,2.70427403e-10,NaN,NaN,NaN,7.55948221e-11,NaN,NaN
7,0,3.62385011,-2.5,-2.5,NaN,NaN,NaN,2.70427458e-10,NaN,NaN,NaN,7.55948221e-11,NaN,NaN
8,0,3.62385011,-2.5,-2.5,NaN,NaN,NaN,2.70427514e-10,NaN,NaN,NaN,7.55948221e-11,NaN,NaN
9,0,3.62385011,-2.5,-2.5,NaN,NaN,NaN,2.70427569e-10,NaN,NaN,NaN,7.55948221e-11,NaN,NaN
10,0,3.62385011,-2.5,-2.5,NaN,NaN,NaN,2.70427625e-10,NaN,NaN,NaN,7.55948221e-11,NaN,NaN
11,0,3.62385011,-2.5,-2.5,NaN,NaN,NaN,2.7042768e-10,NaN,NaN,NaN,7.55948221e-11,NaN,NaN
12,0,3.62385011,-2.5,-2.5,NaN,NaN,NaN,2.70427736e-10,NaN,NaN,NaN,7.55948221e-11,NaN,NaN
13,0,3.62385011,-2.5,-2.5,NaN,NaN,NaN,2.70427764e-10,NaN,NaN,NaN,7.55948221e-11,NaN,NaN
14,0,3.62385011,-2.5,-2.5,NaN,NaN,NaN,2.70427819e-10,NaN,NaN,NaN,7.55948221e-11,NaN,NaN
15,0,3.62385011,-2.5,-2.5,NaN,NaN,NaN,2.70427875e-10,NaN,NaN,NaN,7.55948221e-11,NaN,NaN
16,0,3.62385011,-2.5,-2.5,NaN,NaN,NaN,2.7042793e-10,NaN,NaN,NaN,7.55948221e-11,NaN,NaN
17,0,3.62385011,-2.5,-2.5,NaN,NaN,NaN,2.70427986e-10,NaN,NaN,NaN,7.55948221e-11,NaN,NaN
18,0,3.62385011,-2.5,-2.5,NaN,NaN,NaN,2.70428041e-10,NaN,NaN,NaN,7.55948221e-11,NaN,NaN
19,0,3.62385011,-2.5,-2.5,NaN,NaN,NaN,2.70428097e-10,NaN,NaN,NaN,7.55948221e-11,NaN,NaN
20,0,3.62385011,-2.5,-2.5,NaN,NaN,NaN,2.70428152e-10,NaN,NaN,NaN,7.55948221e-11,NaN,NaN
21,0,3.62385011,-2.5,-2.5,NaN,NaN,NaN,2.7042818e-10,NaN,NaN,NaN,7.55948221e-11,NaN,NaN
22,0,3.62385011,-2.5,-2.5,NaN,NaN,NaN,2.70428235e-10,NaN,NaN,NaN,7.55948221e-11,NaN,NaN
23,0,3.62385011,-2.5,-2.5,NaN,NaN,NaN,2.70428291e-10,NaN,NaN,NaN,7.55948221e-11,NaN,NaN
24,0,3.62385011,-2.5,-2.5,NaN,NaN,NaN,2.70428346e-10,NaN,NaN,NaN,7.55948221e-11,NaN,NaN
25,0,3.62385011,-2.5,-2.5,NaN,NaN,NaN,2.70428402e-10,NaN,NaN,NaN,7.55948221e-11,NaN,NaN
26,0,3.62385011,-2.5,-2.5,NaN,NaN,NaN,2.70428457e-10,NaN,NaN,NaN,7.55948221e-11,NaN,NaN
27,0,3.62385011,-2.5,-2.5,NaN,NaN,NaN,2.70428513e-10,NaN,NaN,NaN,7.55948221e-11,NaN,NaN
28,0,3.62385011,-2.5,-2.5,NaN,NaN,NaN,2.70428568e-10,NaN,NaN,NaN,7.55948221e-11,NaN,NaN
29,0,3.62385011,-2.5,-2.5,NaN,NaN,NaN,2.70428624e-10,NaN,NaN,NaN,7.55948221e-11,NaN,NaN
30,0,3.62385011,-2.5,-2.5,NaN,NaN,NaN,2.70428652e-10,NaN,NaN,NaN,7.55948221e-11,NaN,NaN
31,0,3.62385011,-2.5,-2.5,NaN,NaN,NaN,2.70428707e-10,NaN,NaN,NaN,7.55948221e-11,NaN,NaN
32,0,3.62385011,-2.5,-2.5,NaN,NaN,NaN,2.70428763e-10,NaN,NaN,NaN,7.55948221e-11,NaN,NaN
33,0,3.62385011,-2.5,-2.5,NaN,NaN,NaN,2.70428818e-10,NaN,NaN,NaN,7.55948221e-11,NaN,NaN
34,0,3.62385011,-2.5,-2.5,NaN,NaN,NaN,2.70428874e-10,NaN,NaN,NaN,7.55948221e-11,NaN,NaN
35,0,3.62385011,-2.5,-2.5,NaN,NaN,NaN,2.70428929e-10,NaN,NaN,NaN,7.55948221e-11,NaN,NaN
36,0,3.62385011,-2.5,-2.5,NaN,NaN,NaN,2.70428985e-10,NaN,NaN,NaN,7.55948221e-11,NaN,NaN
37,0,3.62385011,-2.5,-2.5,NaN,NaN,NaN,2.7042904e-10,NaN,NaN,NaN,7.55948221e-11,NaN,NaN
38,0,3.62385011,-2.5,-2.5,NaN,NaN,NaN,2.70429096e-10,NaN,NaN,NaN,7.55948221e-11,NaN,NaN
39,0,3.62385011,-2.5,-2.5,NaN,NaN,NaN,2.70429124e-10,NaN,NaN,NaN,7.55948221e-11,NaN,NaN
40,0,3.62385011,-2.5,-2.5,NaN,NaN,NaN,2.70429179e-10,NaN,NaN,NaN,7.55948221e-11,NaN,NaN
41,0,3.62385011,-2.5,-2.5,NaN,NaN,NaN,2.70429235e-10,NaN,NaN,NaN,7.55948221e-11,NaN,NaN
42,0,3.62385011,-2.5,-2.5,NaN,NaN,NaN,2.7042929e-10,NaN,NaN,NaN,7.55948221e-11,NaN,NaN
43,0,3.62385011,-2.5,-2.5,NaN,NaN,NaN,2.70429346e-10,NaN,NaN,NaN,7.55948221e-11,NaN,NaN
44,0,3.62385011,-2.5,-2.5,NaN,NaN,NaN,2.70429401e-10,NaN,NaN,NaN,7.55948221e-11,NaN,NaN
45,0,3.62385011,-2.5,-2.5,NaN,NaN,NaN,2.70429457e-10,NaN,NaN,NaN,7.55948221e-11,NaN,NaN
46,0,3.62385011,-2.5,-2.5,NaN,NaN,NaN,2.70429512e-10,NaN,NaN,NaN,7.55948221e-11,NaN,NaN
47,0,3.62385011,-2.5,-2.5,NaN,NaN,NaN,2.7042954e-10,NaN,NaN,NaN,7.55948221e-11,NaN,NaN
48,0,3.62385011,-2.5,-2.5,NaN,NaN,NaN,2.70429595e-10,NaN,NaN,NaN,7.55948221e-11,NaN,NaN
49,0,3.62385011,-2.5,-2.5,NaN,NaN,NaN,2.70429651e-10,NaN,NaN,NaN,7.55948221e-11,NaN,NaN
50,0,3.62385011,-2.5,-2.5,NaN,NaN,NaN,2.70429706e-10,NaN,NaN,NaN,7.55948221e-11,NaN,NaN
51,0,3.62385011,-2.5,-2.5,NaN,NaN,NaN,2.70429762e-10,NaN,NaN,NaN,7.55948221e-11,NaN,NaN
52,0,3.62385011,-2.5,-2.5,NaN,NaN,NaN,2.70429817e-10,NaN,NaN,NaN,7.55948221e-11,NaN,NaN
53,0,3.62385011,-2.5,-2.5,NaN,NaN,NaN,2.70429873e-10,NaN,NaN,NaN,7.55948221e-11,NaN,NaN
54,0,3.62385011,-2.5,-2.5,NaN,NaN,NaN,2.70429928e-10,NaN,NaN,NaN,7.55948221e-11,NaN,NaN
55,0,3.62385011,-2.5,-2.5,NaN,NaN,NaN,2.70429984e-10,NaN,NaN,NaN,7.55948221e-11,NaN,NaN
56,0,3.62385011,-2.5,-2.5,NaN,NaN,NaN,2.70430012e-10,NaN,NaN,NaN,7.55948221e-11,NaN,NaN
57,0,3.62385011,-2.5,-2.5,NaN,NaN,NaN,2.70430067e-10,NaN,NaN,NaN,7.55948221e-11,NaN,NaN
58,0,3.62385011,-2.5,-2.5,NaN,NaN,NaN,2.70430123e-10,NaN,NaN,NaN,7.55948221e-11,NaN,NaN
59,0,3.62385011,-2.5,-2.5,NaN,NaN,NaN,2.70430178e-10,NaN,NaN,NaN,7.55948221e-11,NaN,NaN
60,0,3.62385011,-2.5,-2.5,NaN,NaN,NaN,2.70430234e-10,NaN,NaN,NaN,7.55948221e-11,NaN,NaN
61,0,3.62385011,-2.5,-2.5,NaN,NaN,NaN,2.70430289e-10,NaN,NaN,NaN,7.55948221e-11,NaN,NaN
62,0,3.62385011,-2.5,-2.5,NaN,NaN,NaN,2.70430345e-10,NaN,NaN,NaN,7.55948221e-11,NaN,NaN
63,0,3.62385011,-2.5,-2.5,NaN,NaN,NaN,2.704304e-10,NaN,NaN,NaN,7.55948221e-11,NaN,NaN
64,0,3.62385011,-2.5,-2.5,NaN,NaN,NaN,2.70430428e-10,NaN,NaN,NaN,7.55948221e-11,NaN,NaN
65,0,3.62385011,-2.5,-2.5,NaN,NaN,NaN,2.70430484e-10,NaN,NaN,NaN,7.55948221e-11,NaN,NaN
66,0,3.62385011,-2.5,-2.5,NaN,NaN,NaN,2.70430539e-10,NaN,NaN,NaN,7.55948221e-11,NaN,NaN
67,0,3.62385011,-2.5,-2.5,NaN,NaN,NaN,2.70430595e-10,NaN,NaN,NaN,7.55948221e-11,NaN,NaN
68,0,3.62385011,-2.5,-2.5,NaN,NaN,NaN,2.7043065e-10,NaN,NaN,NaN,7.55948221e-11,NaN,NaN
69,0,3.62385011,-2.5,-2.5,NaN,NaN,NaN,2.70430706e-10,NaN,NaN,NaN,7.55948221e-11,NaN,NaN
70,0,3.62385011,-2.5,-2.5,NaN,NaN,NaN,2.70430761e-10,NaN,NaN,NaN,7.55948221e-11,NaN,NaN
71,0,3.62385011,-2.5,-2.5,NaN,NaN,NaN,2.70430817e-10,NaN,NaN,NaN,7.55948221e-11,NaN,NaN
72,0,3.62385011,-2.5,-2.5,NaN,NaN,NaN,2.70430872e-10,NaN,NaN,NaN,7.55948221e-11,NaN,NaN
73,0,3.62385011,-2.5,-2.5,NaN,NaN,NaN,2.704309e-10,NaN,NaN,NaN,7.55948221e-11,NaN,NaN
74,0,3.62385011,-2.5,-2.5,NaN,NaN,NaN,2.70430955e-10,NaN,NaN,NaN,7.55948221e-11,NaN,NaN
75,0,3.62385011,-2.5,-2.5,NaN,NaN,NaN,2.70431011e-10,NaN,NaN,NaN,7.55948221e-11,NaN,NaN
76,0,3.62385011,-2.5,-2.5,NaN,NaN,NaN,2.70431066e-10,NaN,NaN,NaN,7.55948221e-11,NaN,NaN
77,0,3.62385011,-2.5,-2.5,NaN,NaN,NaN,2.70431122e-10,NaN,NaN,NaN,7.55948221e-11,NaN,NaN
78,0,3.62385011,-2.5,-2.5,NaN,NaN,NaN,2.70431177e-10,NaN,NaN,NaN,7.55948221e-11,NaN,NaN
79,0,3.62385011,-2.5,-2.5,NaN,NaN,NaN,2.70431233e-10,NaN,NaN,NaN,7.55948221e-11,NaN,NaN
80,0,3.62385011,-2.5,-2.5,NaN,NaN,NaN,2.70431288e-10,NaN,NaN,NaN,7.55948221e-11,NaN,NaN
81,0,3.62385011,-2.5,-2.5,NaN,NaN,NaN,2.70431316e-10,NaN,NaN,NaN,7.55948221e-11,NaN,NaN
82,0,3.62385011,-2.5,-2.5,NaN,NaN,NaN,2.70431372e-10,NaN,NaN,NaN,7.55948221e-11,NaN,NaN
83,0,3.62385011,-2.5,-2.5,NaN,NaN,NaN,2.70431427e-10,NaN,NaN,NaN,7.55948221e-11,NaN,NaN
84,0,3.62385011,-2.5,-2.5,NaN,NaN,NaN,2.70431483e-10,NaN,NaN,NaN,7.55948221e-11,NaN,NaN
85,0,3.62385011,-2.5,-2.5,NaN,NaN,NaN,2.70431538e-10,NaN,NaN,NaN,7.55948221e-11,NaN,NaN
86,0,3.62385011,-2.5,-2.5,NaN,NaN,NaN,2.70431594e-10,NaN,NaN,NaN,7.55948221e-11,NaN,NaN
87,0,3.62385011,-2.5,-2.5,NaN,NaN,NaN,2.70431649e-10,NaN,NaN,NaN,7.55948221e-11,NaN,NaN
88,0,3.62385011,-2.5,-2.5,NaN,NaN,NaN,2.70431705e-10,NaN,NaN,NaN,7.55948221e-11,NaN,NaN
89,0,3.62385011,-2.5,-2.5,NaN,NaN,NaN,2.7043176e-10,NaN,NaN,NaN,7.55948221e-11,NaN,NaN
90,0,3.62385011,-2.5,-2.5,NaN,NaN,NaN,2.70431788e-10,NaN,NaN,NaN,7.55948221e-11,NaN,NaN
91,0,3.62385011,-2.5,-2.5,NaN,NaN,NaN,2.70431844e-10,NaN,NaN,NaN,7.55948221e-11,NaN,NaN
92,0,3.62385011,-2.5,-2.5,NaN,NaN,NaN,2.70431899e-10,NaN,NaN,NaN,7.55948221e-11,NaN,NaN
93,0,3.62385011,-2.5,-2.5,NaN,NaN,NaN,2.70431955e-10,NaN,NaN,NaN,7.55948221e-11,NaN,NaN
94,0,3.62385011,-2.5,-2.5,NaN,NaN,NaN,2.7043201e-10,NaN,NaN,NaN,7.55948221e-11,NaN,NaN
95,0,3.62385011,-2.5,-2.5,NaN,NaN,NaN,2.70432066e-10,NaN,NaN,NaN,7.55948221e-11,NaN,NaN
96,0,3.62385011,-2.5,-2.5,NaN,NaN,NaN,2.70432121e-10,NaN,NaN,NaN,7.55948221e-11,NaN,NaN
97,0,3.62385011,-2.5,-2.5,NaN,NaN,NaN,2.70432177e-10,NaN,NaN,NaN,7.55948221e-11,NaN,NaN
98,0,3.62385011,-2.5,-2.5,NaN,NaN,NaN,2.70432204e-10,NaN,NaN,NaN,7.55948221e-11,NaN,NaN
99,0,3.62385011,-2.5,-2.5,NaN,NaN,NaN,2.7043226e-10,NaN,NaN,NaN,7.55948221e-11,NaN,NaN
100,0,3.62385011,-2.5,-2.5,NaN,NaN,NaN,2.70432315e-10,NaN,NaN,NaN,7.55948221e-11,NaN,NaN
101,0,3.62385011,-2.5,-2.5,NaN,NaN,NaN,2.70432371e-10,NaN,NaN,NaN,7.55948221e-11,NaN,NaN
102,0,3.62385011,-2.5,-2.5,NaN,NaN,NaN,2.70432426e-10,NaN,NaN,NaN,7.55948221e-11,NaN,NaN
103,0,3.62385011,-2.5,-2.5,NaN,NaN,NaN,2.70432482e-10,NaN,NaN,NaN,7.55948221e-11,NaN,NaN
104,0,3.62385011,-2.5,-2.5,NaN,NaN,NaN,2.70432537e-10,NaN,NaN,NaN,7.55948221e-11,NaN,NaN
105,0,3.62385011,-2.5,-2.5,NaN,NaN,NaN,2.70432593e-10,NaN,NaN,NaN,7.55948221e-11,NaN,NaN
106,0,3.62385011,-2.5,-2.5,NaN,NaN,NaN,2.70432648e-10,NaN,NaN,NaN,7.55948221e-11,NaN,NaN
107,0,3.62385011,-2.5,-2.5,NaN,NaN,NaN,2.70432676e-10,NaN,NaN,NaN,7.55948221e-11,NaN,NaN
108,0,3.62385011,-2.5,-2.5,NaN,NaN,NaN,2.70432732e-10,NaN,NaN,NaN,7.55948221e-11,NaN,NaN
109,0,3.62385011,-2.5,-2.5,NaN,NaN,NaN,2.70432787e-10,NaN,NaN,NaN,7.55948221e-11,NaN,NaN
110,0,3.62385011,-2.5,-2.5,NaN,NaN,NaN,2.70432843e-10,NaN,NaN,NaN,7.55948221e-11,NaN,NaN
111,0,3.62385011,-2.5,-2.5,NaN,NaN,NaN,2.70432898e-10,NaN,NaN,NaN,7.55948221e-11,NaN,NaN
112,0,3.62385011,-2.5,-2.5,NaN,NaN,NaN,2.70432954e-10,NaN,NaN,NaN,7.55948221e-11,NaN,NaN
113,0,3.62385011,-2.5,-2.5,NaN,NaN,NaN,2.70433009e-10,NaN,NaN,NaN,7.55948221e-11,NaN,NaN
114,0,3.62385011,-2.5,-2.5,NaN,NaN,NaN,2.70433065e-10,NaN,NaN,NaN,7.55948221e-11,NaN,NaN
115,0,3.62385011,-2.5,-2.5,NaN,NaN,NaN,2.7043312e-10,NaN,NaN,NaN,7.55948221e-11,NaN,NaN
116,0,3.62385011,-2.5,-2.5,NaN,NaN,NaN,2.70433148e-10,NaN,NaN,NaN,7.55948221e-11,NaN,NaN
117,0,3.62385011,-2.5,-2.5,NaN,NaN,NaN,2.70433204e-10,NaN,NaN,NaN,7.55948221e-11,NaN,NaN
118,0,3.62385011,-2.5,-2.5,NaN,NaN,NaN,2.70433259e-10,NaN,NaN,NaN,7.55948221e-11,NaN,NaN
119,0,3.62385011,-2.5,-2.5,NaN,NaN,NaN,2.70433315e-10,NaN,NaN,NaN,7.55948221e-11,NaN,NaN
120,0,3.62385011,-2.5,-2.5,NaN,NaN,NaN,2.7043337e-10,NaN,NaN,NaN,7.55948221e-11,NaN,NaN
121,0,3.62385011,-2.5,-2.5,NaN,NaN,NaN,2.70433426e-10,NaN,NaN,NaN,7.55948221e-11,NaN,NaN
122,0,3.62385011,-2.5,-2.5,NaN,NaN,NaN,2.70433481e-10,NaN,NaN,NaN,7.55948221e-11,NaN,NaN
123,0,3.62385011,-2.5,-2.5,NaN,NaN,NaN,2.70433537e-10,NaN,NaN,NaN,7.55948221e-11,NaN,NaN
124,0,3.62385011,-2.5,-2.5,NaN,NaN,NaN,2.70433564e-10,NaN,NaN,NaN,7.55948221e-11,NaN,NaN
125,0,3.62385011,-2.5,-2.5,NaN,NaN,NaN,2.7043362e-10,NaN,NaN,NaN,7.55948221e-11,NaN,NaN
126,0,3.62385011,-2.5,-2.5,NaN,NaN,NaN,2.70433675e-10,NaN,NaN,NaN,7.55948221e-11,NaN,NaN
127,0,3.62385011,-2.5,-2.5,NaN,NaN,NaN,2.70433731e-10,NaN,NaN,NaN,7.55948221e-11,NaN,NaN
128,0,3.62385011,-2.5,-2.5,NaN,NaN,NaN,2.70433786e-10,NaN,NaN,NaN,7.55948221e-11,NaN,NaN
129,0,3.62385011,-2.5,-2.5,NaN,NaN,NaN,2.70433842e-10,NaN,NaN,NaN,7.55948221e-11,NaN,NaN
130,0,3.62385011,-2.5,-2.5,NaN,NaN,NaN,2.70433897e-10,NaN,NaN,NaN,7.55948221e-11,NaN,NaN
131,0,3.62385011,-2.5,-2.5,NaN,NaN,NaN,2.70433953e-10,NaN,NaN,NaN,7.55948221e-11,NaN,NaN
132,0,3.62385011,-2.5,-2.5,NaN,NaN,NaN,2.70434009e-10,NaN,NaN,NaN,7.55948221e-11,NaN,NaN
133,0,3.62385011,-2.5,-2.5,NaN,NaN,NaN,2.70434036e-10,NaN,NaN,NaN,7.55948221e-11,NaN,NaN
134,0,3.62385011,-2.5,-2.5,NaN,NaN,NaN,2.70434092e-10,NaN,NaN,NaN,7.55948221e-11,NaN,NaN
135,0,3.62385011,-2.5,-2.5,NaN,NaN,NaN,2.70434147e-10,NaN,NaN,NaN,7.55948221e-11,NaN,NaN
136,0,3.62385011,-2.5,-2.5,NaN,NaN,NaN,2.70434203e-10,NaN,NaN,NaN,7.55948221e-11,NaN,NaN
137,0,3.62385011,-2.5,-2.5,NaN,NaN,NaN,2.70434258e-10,NaN,NaN,NaN,7.55948221e-11,NaN,NaN
138,0,3.62385011,-2.5,-2.5,NaN,NaN,NaN,2.70434314e-10,NaN,NaN,NaN,7.55948221e-11,NaN,NaN
139,0,3.62385011,-2.5,-2.5,NaN,NaN,NaN,2.70434369e-10,NaN,NaN,NaN,7.55948221e-11,NaN,NaN
140,0,3.62385011,-2.5,-2.5,NaN,NaN,NaN,2.70434425e-10,NaN,NaN,NaN,7.55948221e-11,NaN,NaN
141,0,3.62385011,-2.5,-2.5,NaN,NaN,NaN,2.70434453e-10,NaN,NaN,NaN,7.55948221e-11,NaN,NaN
142,0,3.62385011,-2.5,-2.5,NaN,NaN,NaN,2.70434508e-10,NaN,NaN,NaN,7.55948221e-11,NaN,NaN
143,0,3.62385011,-2.5,-2.5,NaN,NaN,NaN,2.70434564e-10,NaN,NaN,NaN,7.55948221e-11,NaN,NaN
144,0,3.62385011,-2.5,-2.5,NaN,NaN,NaN,2.70434619e-10,NaN,NaN,NaN,7.55948221e-11,NaN,NaN
145,0,3.62385011,-2.5,-2.5,NaN,NaN,NaN,2.70434675e-10,NaN,NaN,NaN,7.55948221e-11,NaN,NaN
146,0,3.62385011,-2.5,-2.5,NaN,NaN,NaN,2.7043473e-10,NaN,NaN,NaN,7.55948221e-11,NaN,NaN
147,0,3.62385011,-2.5,-2.5,NaN,NaN,NaN,2.70434786e-10,NaN,NaN,NaN,7.55948221e-11,NaN,NaN
148,0,3.62385011,-2.5,-2.5,NaN,NaN,NaN,2.70434841e-10,NaN,NaN,NaN,7.55948221e-11,NaN,NaN
149,0,3.62385011,-2.5,-2.5,NaN,NaN,NaN,2.70434897e-10,NaN,NaN,NaN,7.55948221e-11,NaN,NaN
150,0,3.62385011,-2.5,-2.5,NaN,NaN,NaN,2.70434924e-10,NaN,NaN,NaN,7.55948221e-11,NaN,NaN
151,0,3.62385011,-2.5,-2.5,NaN,NaN,NaN,2.7043498e-10,NaN,NaN,NaN,7.55948221e-11,NaN,NaN
152,0,3.62385011,-2.5,-2.5,NaN,NaN,NaN,2.70435035e-10,NaN,NaN,NaN,7.55948221e-11,NaN,NaN
153,0,3.62385011,-2.5,-2.5,NaN,NaN,NaN,2.70435091e-10,NaN,NaN,NaN,7.55948221e-11,NaN,NaN
154,0,3.62385011,-2.5,-2.5,NaN,NaN,NaN,2.70435146e-10,NaN,NaN,NaN,7.55948221e-11,NaN,NaN
155,0,3.62385011,-2.5,-2.5,NaN,NaN,NaN,2.70435202e-10,NaN,NaN,NaN,7.55948221e-11,NaN,NaN
156,0,3.62385011,-2.5,-2.5,NaN,NaN,NaN,2.70435258e-10,NaN,NaN,NaN,7.55948221e-11,NaN,NaN
157,0,3.62385011,-2.5,-2.5,NaN,NaN,NaN,2.70435313e-10,NaN,NaN,NaN,7.55948221e-11,NaN,NaN
158,0,3.62385011,-2.5,-2.5,NaN,NaN,NaN,2.70435341e-10,NaN,NaN,NaN,7.55948221e-11,NaN,NaN
159,0,3.62385011,-2.5,-2.5,NaN,NaN,NaN,2.70435396e-10,NaN,NaN,NaN,7.55948221e-11,NaN,NaN
160,0,3.62385011,-2.5,-2.5,NaN,NaN,NaN,2.70435452e-10,NaN,NaN,NaN,7.55948221e-11,NaN,NaN
161,0,3.62385011,-2.5,-2.5,NaN,NaN,NaN,2.70435507e-10,NaN,NaN,NaN,7.55948221e-11,NaN,NaN
162,0,3.62385011,-2.5,-2.5,NaN,NaN,NaN,2.70435563e-10,NaN,NaN,NaN,7.55948221e-11,NaN,NaN
163,0,3.62385011,-2.5,-2.5,NaN,NaN,NaN,2.70435618e-10,NaN,NaN,NaN,7.55948221e-11,NaN,NaN
164,0,3.62385011,-2.5,-2.5,NaN,NaN,NaN,2.70435674e-10,NaN,NaN,NaN,7.55948221e-11,NaN,NaN
165,0,3.62385011,-2.5,-2.5,NaN,NaN,NaN,2.70435729e-10,NaN,NaN,NaN,7.55948221e-11,NaN,NaN
166,0,3.62385011,-2.5,-2.5,NaN,NaN,NaN,2.70435785e-10,NaN,NaN,NaN,7.55948221e-11,NaN,NaN
167,0,3.62385011,-2.5,-2.5,NaN,NaN,NaN,2.70435813e-10,NaN,NaN,NaN,7.55948221e-11,NaN,NaN
168,0,3.62385011,-2.5,-2.5,NaN,NaN,NaN,2.70435868e-10,NaN,NaN,NaN,7.55948221e-11,NaN,NaN
169,0,3.62385011,-2.5,-2.5,NaN,NaN,NaN,2.70435924e-10,NaN,NaN,NaN,7.55948221e-11,NaN,NaN
170,0,3.62385011,-2.5,-2.5,NaN,NaN,NaN,2.70435979e-10,NaN,NaN,NaN,7.55948221e-11,NaN,NaN
171,0,3.62385011,-2.5,-2.5,NaN,NaN,NaN,2.70436035e-10,NaN,NaN,NaN,7.55948221e-11,NaN,NaN
172,0,3.62385011,-2.5,-2.5,NaN,NaN,NaN,2.7043609e-10,NaN,NaN,NaN,7.55948221e-11,NaN,NaN
173,0,3.62385011,-2.5,-2.5,NaN,NaN,NaN,2.70436146e-10,NaN,NaN,NaN,7.55948221e-11,NaN,NaN
174,0,3.62385011,-2.5,-2.5,NaN,NaN,NaN,2.70436201e-10,NaN,NaN,NaN,7.55948221e-11,NaN,NaN
175,0,3.62385011,-2.5,-2.5,NaN,NaN,NaN,2.70436257e-10,NaN,NaN,NaN,7.55948221e-11,NaN,NaN
176,0,3.62385011,-2.5,-2.5,NaN,NaN,NaN,2.70436284e-10,NaN,NaN,NaN,7.55948221e-11,NaN,NaN
177,0,3.62385011,-2.5,-2.5,NaN,NaN,NaN,2.7043634e-10,NaN,NaN,NaN,7.55948221e-11,NaN,NaN
178,0,3.62385011,-2.5,-2.5,NaN,NaN,NaN,2.70436395e-10,NaN,NaN,NaN,7.55948221e-11,NaN,NaN
179,0,3.62385011,-2.5,-2.5,NaN,NaN,NaN,2.70436451e-10,NaN,NaN,NaN,7.55948221e-11,NaN,NaN
180,0,3.62385011,-2.5,-2.5,NaN,NaN,NaN,2.70436507e-10,NaN,NaN,NaN,7.55948221e-11,NaN,NaN
181,0,3.62385011,-2.5,-2.5,NaN,NaN,NaN,2.70436562e-10,NaN,NaN,NaN,7.55948221e-11,NaN,NaN
182,0,3.62385011,-2.5,-2.5,NaN,NaN,NaN,2.70436618e-10,NaN,NaN,NaN,7.55948221e-11,NaN,NaN
183,0,3.62385011,-2.5,-2.5,NaN,NaN,NaN,2.70436673e-10,NaN,NaN,NaN,7.55948221e-11,NaN,NaN
184,0,3.62385011,-2.5,-2.5,NaN,NaN,NaN,2.70436701e-10,NaN,NaN,NaN,7.55948221e-11,NaN,NaN
185,0,3.62385011,-2.5,-2.5,NaN,NaN,NaN,2.70436756e-10,NaN,NaN,NaN,7.55948221e-11,NaN,NaN
186,0,3.62385011,-2.5,-2.5,NaN,NaN,NaN,2.70436812e-10,NaN,NaN,NaN,7.55948221e-11,NaN,NaN
187,0,3.62385011,-2.5,-2.5,NaN,NaN,NaN,2.70436867e-10,NaN,NaN,NaN,7.55948221e-11,NaN,NaN
188,0,3.62385011,-2.5,-2.5,NaN,NaN,NaN,2.70436923e-10,NaN,NaN,NaN,7.55948221e-11,NaN,NaN
189,0,3.62385011,-2.5,-2.5,NaN,NaN,NaN,2.70436978e-10,NaN,NaN,NaN,7.55948221e-11,NaN,NaN
190,0,3.62385011,-2.5,-2.5,NaN,NaN,NaN,2.70437034e-10,NaN,NaN,NaN,7.55948221e-11,NaN,NaN
191,0,3.62385011,-2.5,-2.5,NaN,NaN,NaN,2.70437089e-10,NaN,NaN,NaN,7.55948221e-11,NaN,NaN
192,0,3.62385011,-2.5,-2.5,NaN,NaN,NaN,2.70437145e-10,NaN,NaN,NaN,7.55948221e-11,NaN,NaN
193,0,3.62385011,-2.5,-2.5,NaN,NaN,NaN,2.70437173e-10,NaN,NaN,NaN,7.55948221e-11,NaN,NaN
194,0,3.62385011,-2.5,-2.5,NaN,NaN,NaN,2.70437228e-10,NaN,NaN,NaN,7.55948221e-11,NaN,NaN
195,0,3.62385011,-2.5,-2.5,NaN,NaN,NaN,2.70437284e-10,NaN,NaN,NaN,7.55948221e-11,NaN,NaN
196,0,3.62385011,-2.5,-2.5,NaN,NaN,NaN,2.70437339e-10,NaN,NaN,NaN,7.55948221e-11,NaN,NaN
197,0,3.62385011,-2.5,-2.5,NaN,NaN,NaN,2.70437395e-10,NaN,NaN,NaN,7.55948221e-11,NaN,NaN
198,0,3.62385011,-2.5,-2.5,NaN,NaN,NaN,2.7043745e-10,NaN,NaN,NaN,7.55948221e-11,NaN,NaN
199,0,3.62385011,-2.5,-2.5,NaN,NaN,NaN,2.70437506e-10,NaN,NaN,NaN,7.55948221e-11,NaN,NaN
200,0,3.62385011,-2.5,-2.5,NaN,NaN,NaN,2.70437561e-10,NaN,NaN,NaN,7.55948221e-11,NaN,NaN
201,0,3.62385011,-2.5,-2.5,NaN,NaN,NaN,2.70437589e-10,NaN,NaN,NaN,7.55948221e-11,NaN,NaN
202,0,3.62385011,-2.5,-2.5,NaN,NaN,NaN,2.70437645e-10,NaN,NaN,NaN,7.55948221e-11,NaN,NaN
203,0,3.62385011,-2.5,-2.5,NaN,NaN,NaN,2.704377e-10,NaN,NaN,NaN,7.55948221e-11,NaN,NaN
204,0,3.62385011,-2.5,-2.5,NaN,NaN,NaN,2.70437756e-10,NaN,NaN,NaN,7.55948221e-11,NaN,NaN
205,0,3.62385011,-2.5,-2.5,NaN,NaN,NaN,2.70437811e-10,NaN,NaN,NaN,7.55948221e-11,NaN,NaN
206,0,3.62385011,-2.5,-2.5,NaN,NaN,NaN,2.70437867e-10,NaN,NaN,NaN,7.55948221e-11,NaN,NaN
207,0,3.62385011,-2.5,-2.5,NaN,NaN,NaN,2.70437922e-10,NaN,NaN,NaN,7.55948221e-11,NaN,NaN
208,0,3.62385011,-2.5,-2.5,NaN,NaN,NaN,2.70437978e-10,NaN,NaN,NaN,7.55948221e-11,NaN,NaN
209,0,3.62385011,-2.5,-2.5,NaN,NaN,NaN,2.70438033e-10,NaN,NaN,NaN,7.55948221e-11,NaN,NaN
210,0,3.62385011,-2.5,-2.5,NaN,NaN,NaN,2.70438061e-10,NaN,NaN,NaN,7.55948221e-11,NaN,NaN
211,0,3.62385011,-2.5,-2.5,NaN,NaN,NaN,2.70438116e-10,NaN,NaN,NaN,7.55948221e-11,NaN,NaN
212,0,3.62385011,-2.5,-2.5,NaN,NaN,NaN,2.70438172e-10,NaN,NaN,NaN,7.55948221e-11,NaN,NaN
213,0,3.62385011,-2.5,-2.5,NaN,NaN,NaN,2.70438227e-10,NaN,NaN,NaN,7.55948221e-11,NaN,NaN
214,0,3.62385011,-2.5,-2.5,NaN,NaN,NaN,2.70438283e-10,NaN,NaN,NaN,7.55948221e-11,NaN,NaN
215,0,3.62385011,-2.5,-2.5,NaN,NaN,NaN,2.70438338e-10,NaN,NaN,NaN,7.55948221e-11,NaN,NaN
216,0,3.62385011,-2.5,-2.5,NaN,NaN,NaN,2.70438394e-10,NaN,NaN,NaN,7.55948221e-11,NaN,NaN
217,0,3.62385011,-2.5,-2.5,NaN,NaN,NaN,2.70438449e-10,NaN,NaN,NaN,7.55948221e-11,NaN,NaN
218,0,3.62385011,-2.5,-2.5,NaN,NaN,NaN,2.70438477e-10,NaN,NaN,NaN,7.55948221e-11,NaN,NaN
219,0,3.62385011,-2.5,-2.5,NaN,NaN,NaN,2.70438533e-10,NaN,NaN,NaN,7.55948221e-11,NaN,NaN
220,0,3.62385011,-2.5,-2.5,NaN,NaN,NaN,2.70438588e-10,NaN,NaN,NaN,7.55948221e-11,NaN,NaN
221,0,3.62385011,-2.5,-2.5,NaN,NaN,NaN,2.70438644e-10,NaN,NaN,NaN,7.55948221e-11,NaN,NaN
222,0,3.62385011,-2.5,-2.5,NaN,NaN,NaN,2.70438699e-10,NaN,NaN,NaN,7.55948221e-11,NaN,NaN
223,0,3.62385011,-2.5,-2.5,NaN,NaN,NaN,2.70438755e-10,NaN,NaN,NaN,7.55948221e-11,NaN,NaN
224,0,3.62385011,-2.5,-2.5,NaN,NaN,NaN,2.7043881e-10,NaN,NaN,NaN,7.55948221e-11,NaN,NaN
225,0,3.62385011,-2.5,-2.5,NaN,NaN,NaN,2.70438866e-10,NaN,NaN,NaN,7.55948221e-11,NaN,NaN
226,0,3.62385011,-2.5,-2.5,NaN,NaN,NaN,2.70438921e-10,NaN,NaN,NaN,7.55948221e-11,NaN,NaN
227,0,3.62385011,-2.5,-2.5,NaN,NaN,NaN,2.70438949e-10,NaN,NaN,NaN,7.55948221e-11,NaN,NaN
228,0,3.62385011,-2.5,-2.5,NaN,NaN,NaN,2.70439005e-10,NaN,NaN,NaN,7.55948221e-11,NaN,NaN
229,0,3.62385011,-2.5,-2.5,NaN,NaN,NaN,2.7043906e-10,NaN,NaN,NaN,7.55948221e-11,NaN,NaN
230,0,3.62385011,-2.5,-2.5,NaN,NaN,NaN,2.70439116e-10,NaN,NaN,NaN,7.55948221e-11,NaN,NaN
231,0,3.62385011,-2.5,-2.5,NaN,NaN,NaN,2.70439171e-10,NaN,NaN,NaN,7.55948221e-11,NaN,NaN
232,0,3.62385011,-2.5,-2.5,NaN,NaN,NaN,2.70439227e-10,NaN,NaN,NaN,7.55948221e-11,NaN,NaN
233,0,3.62385011,-2.5,-2.5,NaN,NaN,NaN,2.70439282e-10,NaN,NaN,NaN,7.55948221e-11,NaN,NaN
234,0,3.62385011,-2.5,-2.5,NaN,NaN,NaN,2.70439338e-10,NaN,NaN,NaN,7.55948221e-11,NaN,NaN
235,0,3.62385011,-2.5,-2.5,NaN,NaN,NaN,2.70439365e-10,NaN,NaN,NaN,7.55948221e-11,NaN,NaN
236,0,3.62385011,-2.5,-2.5,NaN,NaN,NaN,2.70439421e-10,NaN,NaN,NaN,7.55948221e-11,NaN,NaN
237,0,3.62385011,-2.5,-2.5,NaN,NaN,NaN,2.70439476e-10,NaN,NaN,NaN,7.55948221e-11,NaN,NaN
238,0,3.62385011,-2.5,-2.5,NaN,NaN,NaN,2.70439532e-10,NaN,NaN,NaN,7.55948221e-11,NaN,NaN
239,0,3.62385011,-2.5,-2.5,NaN,NaN,NaN,2.70439587e-10,NaN,NaN,NaN,7.55948221e-11,NaN,NaN
240,0,3.62385011,-2.5,-2.5,NaN,NaN,NaN,2.70439643e-10,NaN,NaN,NaN,7.55948221e-11,NaN,NaN
241,0,3.62385011,-2.5,-2.5,NaN,NaN,NaN,2.70439698e-10,NaN,NaN,NaN,7.55948221e-11,NaN,NaN
242,0,3.62385011,-2.5,-2.5,NaN,NaN,NaN,2.70439754e-10,NaN,NaN,NaN,7.55948221e-11,NaN,NaN
243,0,3.62385011,-2.5,-2.5,NaN,NaN,NaN,2.70439809e-10,NaN,NaN,NaN,7.55948221e-11,NaN,NaN
244,0,3.62385011,-2.5,-2.5,NaN,NaN,NaN,2.70439837e-10,NaN,NaN,NaN,7.55948221e-11,NaN,NaN
245,0,3.62385011,-2.5,-2.5,NaN,NaN,NaN,2.70439893e-10,NaN,NaN,NaN,7.55948221e-11,NaN,NaN
246,0,3.62385011,-2.5,-2.5,NaN,NaN,NaN,2.70439948e-10,NaN,NaN,NaN,7.55948221e-11,NaN,NaN
247,0,3.62385011,-2.5,-2.5,NaN,NaN,NaN,2.70440004e-10,NaN,NaN,NaN,7.55948221e-11,NaN,NaN
248,0,3.62385011,-2.5,-2.5,NaN,NaN,NaN,2.70440059e-10,NaN,NaN,NaN,7.55948221e-11,NaN,NaN
249,0,3.62385011,-2.5,-2.5,NaN,NaN,NaN,2.70440115e-10,NaN,NaN,NaN,7.55948221e-11,NaN,NaN
250,0,3.62385011,-2.5,-2.5,NaN,NaN,NaN,2.7044017e-10,NaN,NaN,NaN,7.55948221e-11,NaN,NaN
251,0,3.62385011,-2.5,-2.5,NaN,NaN,NaN,2.70440226e-10,NaN,NaN,NaN,7.55948221e-11,NaN,NaN
252,0,3.62385011,-2.5,-2.5,NaN,NaN,NaN,2.70440281e-10,NaN,NaN,NaN,7.55948221e-11,NaN,NaN
253,0,3.62385011,-2.5,-2.5,NaN,NaN,NaN,2.70440309e-10,NaN,NaN,NaN,7.55948221e-11,NaN,NaN
254,0,3.62385011,-2.5,-2.5,NaN,NaN,NaN,2.70440365e-10,NaN,NaN,NaN,7.55948221e-11,NaN,NaN
255,0,3.62385011,-2.5,-2.5,NaN,NaN,NaN,2.7044042e-10,NaN,NaN,NaN,7.55948221e-11,NaN,NaN
256,0,3.62385011,-2.5,-2.5,NaN,NaN,NaN,2.70440476e-10,NaN,NaN,NaN,7.55948221e-11,NaN,NaN
257,0,3.62385011,-2.5,-2.5,NaN,NaN,NaN,2.70440531e-10,NaN,NaN,NaN,7.55948221e-11,NaN,NaN
258,0,3.62385011,-2.5,-2.5,NaN,NaN,NaN,2.70440587e-10,NaN,NaN,NaN,7.55948221e-11,NaN,NaN
259,0,3.62385011,-2.5,-2.5,NaN,NaN,NaN,2.70440642e-10,NaN,NaN,NaN,7.55948221e-11,NaN,NaN
260,0,3.62385011,-2.5,-2.5,NaN,NaN,NaN,2.70440698e-10,NaN,NaN,NaN,7.55948221e-11,NaN,NaN
261,0,3.62385011,-2.5,-2.5,NaN,NaN,NaN,2.70440725e-10,NaN,NaN,NaN,7.55948221e-11,NaN,NaN
262,0,3.62385011,-2.5,-2.5,NaN,NaN,NaN,2.70440781e-10,NaN,NaN,NaN,7.55948221e-11,NaN,NaN
263,0,3.62385011,-2.5,-2.5,NaN,NaN,NaN,2.70440836e-10,NaN,NaN,NaN,7.55948221e-11,NaN,NaN
264,0,3.62385011,-2.5,-2.5,NaN,NaN,NaN,2.70440892e-10,NaN,NaN,NaN,7.55948221e-11,NaN,NaN
265,0,3.62385011,-2.5,-2.5,NaN,NaN,NaN,2.70440947e-10,NaN,NaN,NaN,7.55948221e-11,NaN,NaN
266,0,3.62385011,-2.5,-2.5,NaN,NaN,NaN,2.70441003e-10,NaN,NaN,NaN,7.55948221e-11,NaN,NaN
267,0,3.62385011,-2.5,-2.5,NaN,NaN,NaN,2.70441058e-10,NaN,NaN,NaN,7.55948221e-11,NaN,NaN
268,0,3.62385011,-2.5,-2.5,NaN,NaN,NaN,2.70441114e-10,NaN,NaN,NaN,7.55948221e-11,NaN,NaN
269,0,3.62385011,-2.5,-2.5,NaN,NaN,NaN,2.70441169e-10,NaN,NaN,NaN,7.55948221e-11,NaN,NaN
270,0,3.62385011,-2.5,-2.5,NaN,NaN,NaN,2.70441197e-10,NaN,NaN,NaN,7.55948221e-11,NaN,NaN
271,0,3.62385011,-2.5,-2.5,NaN,NaN,NaN,2.70441253e-10,NaN,NaN,NaN,7.55948221e-11,NaN,NaN
272,0,3.62385011,-2.5,-2.5,NaN,NaN,NaN,2.70441308e-10,NaN,NaN,NaN,7.55948221e-11,NaN,NaN
273,0,3.62385011,-2.5,-2.5,NaN,NaN,NaN,2.70441364e-10,NaN,NaN,NaN,7.55948221e-11,NaN,NaN
274,0,3.62385011,-2.5,-2.5,NaN,NaN,NaN,2.70441419e-10,NaN,NaN,NaN,7.55948221e-11,NaN,NaN
275,0,3.62385011,-2.5,-2.5,NaN,NaN,NaN,2.70441475e-10,NaN,NaN,NaN,7.55948221e-11,NaN,NaN
276,0,3.62385011,-2.5,-2.5,NaN,NaN,NaN,2.7044153e-10,NaN,NaN,NaN,7.55948221e-11,NaN,NaN
277,0,3.62385011,-2.5,-2.5,NaN,NaN,NaN,2.70441586e-10,NaN,NaN,NaN,7.55948221e-11,NaN,NaN
278,0,3.62385011,-2.5,-2.5,NaN,NaN,NaN,2.70441614e-10,NaN,NaN,NaN,7.55948221e-11,NaN,NaN
279,0,3.62385011,-2.5,-2.5,NaN,NaN,NaN,2.70441669e-10,NaN,NaN,NaN,7.55948221e-11,NaN,NaN
280,0,3.62385011,-2.5,-2.5,NaN,NaN,NaN,2.70441725e-10,NaN,NaN,NaN,7.55948221e-11,NaN,NaN
281,0,3.62385011,-2.5,-2.5,NaN,NaN,NaN,2.7044178e-10,NaN,NaN,NaN,7.55948221e-11,NaN,NaN
282,0,3.62385011,-2.5,-2.5,NaN,NaN,NaN,2.70441836e-10,NaN,NaN,NaN,7.55948221e-11,NaN,NaN
283,0,3.62385011,-2.5,-2.5,NaN,NaN,NaN,2.70441891e-10,NaN,NaN,NaN,7.55948221e-11,NaN,NaN
284,0,3.62385011,-2.5,-2.5,NaN,NaN,NaN,2.70441947e-10,NaN,NaN,NaN,7.55948221e-11,NaN,NaN
285,0,3.62385011,-2.5,-2.5,NaN,NaN,NaN,2.70442002e-10,NaN,NaN,NaN,7.55948221e-11,NaN,NaN
286,0,3.62385011,-2.5,-2.5,NaN,NaN,NaN,2.70442058e-10,NaN,NaN,NaN,7.55948221e-11,NaN,NaN
287,0,3.62385011,-2.5,-2.5,NaN,NaN,NaN,2.70442085e-10,NaN,NaN,NaN,7.55948221e-11,NaN,NaN
288,0,3.62385011,-2.5,-2.5,NaN,NaN,NaN,2.70442141e-10,NaN,NaN,NaN,7.55948221e-11,NaN,NaN
289,0,3.62385011,-2.5,-2.5,NaN,NaN,NaN,2.70442196e-10,NaN,NaN,NaN,7.55948221e-11,NaN,NaN
290,0,3.62385011,-2.5,-2.5,NaN,NaN,NaN,2.70442252e-10,NaN,NaN,NaN,7.55948221e-11,NaN,NaN
291,0,3.62385011,-2.5,-2.5,NaN,NaN,NaN,2.70442307e-10,NaN,NaN,NaN,7.55948221e-11,NaN,NaN
292,0,3.62385011,-2.5,-2.5,NaN,NaN,NaN,2.70442363e-10,NaN,NaN,NaN,7.55948221e-11,NaN,NaN
293,0,3.62385011,-2.5,-2.5,NaN,NaN,NaN,2.70442418e-10,NaN,NaN,NaN,7.55948221e-11,NaN,NaN
294,0,3.62385011,-2.5,-2.5,NaN,NaN,NaN,2.70442474e-10,NaN,NaN,NaN,7.55948221e-11,NaN,NaN
295,0,3.62385011,-2.5,-2.5,NaN,NaN,NaN,2.70442502e-10,NaN,NaN,NaN,7.55948221e-11,NaN,NaN
296,0,3.62385011,-2.5,-2.5,NaN,NaN,NaN,2.70442557e-10,NaN,NaN,NaN,7.55948221e-11,NaN,NaN
297,0,3.62385011,-2.5,-2.5,NaN,NaN,NaN,2.70442613e-10,NaN,NaN,NaN,7.55948221e-11,NaN,NaN
298,0,3.62385011,-2.5,-2.5,NaN,NaN,NaN,2.70442668e-10,NaN,NaN,NaN,7.55948221e-11,NaN,NaN
299,0,3.62385011,-2.5,-2.5,NaN,NaN,NaN,2.70442724e-10,NaN,NaN,NaN,7.55948221e-11,NaN,NaN
300,0,3.62385011,-2.5,-2.5,NaN,NaN,NaN,2.70442779e-10,NaN,NaN,NaN,7.55948221e-11,NaN,NaN
301,0,3.62385011,-2.5,-2.5,NaN,NaN,NaN,2.70442835e-10,NaN,NaN,NaN,7.55948221e-11,NaN,NaN
302,0,3.62385011,-2.5,-2.5,NaN,NaN,NaN,2.7044289e-10,NaN,NaN,NaN,7.55948221e-11,NaN,NaN
303,0,3.62385011,-2.5,-2.5,NaN,NaN,NaN,2.70442946e-10,NaN,NaN,NaN,7.55948221e-11,NaN,NaN
304,0,3.62385011,-2.5,-2.5,NaN,NaN,NaN,2.70442974e-10,NaN,NaN,NaN,7.55948221e-11,NaN,NaN
305,0,3.62385011,-2.5,-2.5,NaN,NaN,NaN,2.70443029e-10,NaN,NaN,NaN,7.55948221e-11,NaN,NaN
306,0,3.62385011,-2.5,-2.5,NaN,NaN,NaN,2.70443085e-10,NaN,NaN,NaN,7.55948221e-11,NaN,NaN
307,0,3.62385011,-2.5,-2.5,NaN,NaN,NaN,2.7044314e-10,NaN,NaN,NaN,7.55948221e-11,NaN,NaN
308,0,3.62385011,-2.5,-2.5,NaN,NaN,NaN,2.70443196e-10,NaN,NaN,NaN,7.55948221e-11,NaN,NaN
309,0,3.62385011,-2.5,-2.5,NaN,NaN,NaN,2.70443251e-10,NaN,NaN,NaN,7.55948221e-11,NaN,NaN
310,0,3.62385011,-2.5,-2.5,NaN,NaN,NaN,2.70443307e-10,NaN,NaN,NaN,7.55948221e-11,NaN,NaN
311,0,3.62385011,-2.5,-2.5,NaN,NaN,NaN,2.70443362e-10,NaN,NaN,NaN,7.55948221e-11,NaN,NaN
312,0,3.62385011,-2.5,-2.5,NaN,NaN,NaN,2.70443418e-10,NaN,NaN,NaN,7.55948221e-11,NaN,NaN
313,0,3.62385011,-2.5,-2.5,NaN,NaN,NaN,2.70443445e-10,NaN,NaN,NaN,7.55948221e-11,NaN,NaN
314,0,3.62385011,-2.5,-2.5,NaN,NaN,NaN,2.70443501e-10,NaN,NaN,NaN,7.55948221e-11,NaN,NaN
315,0,3.62385011,-2.5,-2.5,NaN,NaN,NaN,2.70443556e-10,NaN,NaN,NaN,7.55948221e-11,NaN,NaN
316,0,3.62385011,-2.5,-2.5,NaN,NaN,NaN,2.70443612e-10,NaN,NaN,NaN,7.55948221e-11,NaN,NaN
317,0,3.62385011,-2.5,-2.5,NaN,NaN,NaN,2.70443667e-10,NaN,NaN,NaN,7.55948221e-11,NaN,NaN
318,0,3.62385011,-2.5,-2.5,NaN,NaN,NaN,2.70443723e-10,NaN,NaN,NaN,7.55948221e-11,NaN,NaN
319,0,3.62385011,-2.5,-2.5,NaN,NaN,NaN,2.70443778e-10,NaN,NaN,NaN,7.55948221e-11,NaN,NaN
320,0,3.62385011,-2.5,-2.5,NaN,NaN,NaN,2.70443834e-10,NaN,NaN,NaN,7.55948221e-11,NaN,NaN
321,0,3.62385011,-2.5,-2.5,NaN,NaN,NaN,2.70443862e-10,NaN,NaN,NaN,7.55948221e-11,NaN,NaN
322,0,3.62385011,-2.5,-2.5,NaN,NaN,NaN,2.70443917e-10,NaN,NaN,NaN,7.55948221e-11,NaN,NaN
323,0,3.62385011,-2.5,-2.5,NaN,NaN,NaN,2.70443973e-10,NaN,NaN,NaN,7.55948221e-11,NaN,NaN
324,0,3.62385011,-2.5,-2.5,NaN,NaN,NaN,2.70444028e-10,NaN,NaN,NaN,7.55948221e-11,NaN,NaN
325,0,3.62385011,-2.5,-2.5,NaN,NaN,NaN,2.70444084e-10,NaN,NaN,NaN,7.55948221e-11,NaN,NaN
326,0,3.62385011,-2.5,-2.5,NaN,NaN,NaN,2.70444139e-10,NaN,NaN,NaN,7.55948221e-11,NaN,NaN
327,0,3.62385011,-2.5,-2.5,NaN,NaN,NaN,2.70444195e-10,NaN,NaN,NaN,7.55948221e-11,NaN,NaN
328,0,3.62385011,-2.5,-2.5,NaN,NaN,NaN,2.7044425e-10,NaN,NaN,NaN,7.55948221e-11,NaN,NaN
329,0,3.62385011,-2.5,-2.5,NaN,NaN,NaN,2.70444306e-10,NaN,NaN,NaN,7.55948221e-11,NaN,NaN
330,0,3.62385011,-2.5,-2.5,NaN,NaN,NaN,2.70444334e-10,NaN,NaN,NaN,7.55948221e-11,NaN,NaN
331,0,3.62385011,-2.5,-2.5,NaN,NaN,NaN,2.70444389e-10,NaN,NaN,NaN,7.55948221e-11,NaN,NaN
332,0,3.62385011,-2.5,-2.5,NaN,NaN,NaN,2.70444445e-10,NaN,NaN,NaN,7.55948221e-11,NaN,NaN
333,0,3.62385011,-2.5,-2.5,NaN,NaN,NaN,2.704445e-10,NaN,NaN,NaN,7.55948221e-11,NaN,NaN
334,0,3.62385011,-2.5,-2.5,NaN,NaN,NaN,2.70444556e-10,NaN,NaN,NaN,7.55948221e-11,NaN,NaN
335,0,3.62385011,-2.5,-2.5,NaN,NaN,NaN,2.70444611e-10,NaN,NaN,NaN,7.55948221e-11,NaN,NaN
336,0,3.62385011,-2.5,-2.5,NaN,NaN,NaN,2.70444667e-10,NaN,NaN,NaN,7.55948221e-11,NaN,NaN
337,0,3.62385011,-2.5,-2.5,NaN,NaN,NaN,2.70444722e-10,NaN,NaN,NaN,7.55948221e-11,NaN,NaN
338,0,3.62385011,-2.5,-2.5,NaN,NaN,NaN,2.7044475e-10,NaN,NaN,NaN,7.55948221e-11,NaN,NaN
339,0,3.62385011,-2.5,-2.5,NaN,NaN,NaN,2.70444805e-10,NaN,NaN,NaN,7.55948221e-11,NaN,NaN
340,0,3.62385011,-2.5,-2.5,NaN,NaN,NaN,2.70444861e-10,NaN,NaN,NaN,7.55948221e-11,NaN,NaN
341,0,3.62385011,-2.5,-2.5,NaN,NaN,NaN,2.70444916e-10,NaN,NaN,NaN,7.55948221e-11,NaN,NaN
342,0,3.62385011,-2.5,-2.5,NaN,NaN,NaN,2.70444972e-10,NaN,NaN,NaN,7.55948221e-11,NaN,NaN
343,0,3.62385011,-2.5,-2.5,NaN,NaN,NaN,2.70445027e-10,NaN,NaN,NaN,7.55948221e-11,NaN,NaN
344,0,3.62385011,-2.5,-2.5,NaN,NaN,NaN,2.70445083e-10,NaN,NaN,NaN,7.55948221e-11,NaN,NaN
345,0,3.62385011,-2.5,-2.5,NaN,NaN,NaN,2.70445139e-10,NaN,NaN,NaN,7.55948221e-11,NaN,NaN
346,0,3.62385011,-2.5,-2.5,NaN,NaN,NaN,2.70445194e-10,NaN,NaN,NaN,7.55948221e-11,NaN,NaN
347,0,3.62385011,-2.5,-2.5,NaN,NaN,NaN,2.70445222e-10,NaN,NaN,NaN,7.55948221e-11,NaN,NaN
348,0,3.62385011,-2.5,-2.5,NaN,NaN,NaN,2.70445277e-10,NaN,NaN,NaN,7.55948221e-11,NaN,NaN
349,0,3.62385011,-2.5,-2.5,NaN,NaN,NaN,2.70445333e-10,NaN,NaN,NaN,7.55948221e-11,NaN,NaN
350,0,3.62385011,-2.5,-2.5,NaN,NaN,NaN,2.70445388e-10,NaN,NaN,NaN,7.55948221e-11,NaN,NaN
351,0,3.62385011,-2.5,-2.5,NaN,NaN,NaN,2.70445444e-10,NaN,NaN,NaN,7.55948221e-11,NaN,NaN
352,0,3.62385011,-2.5,-2.5,NaN,NaN,NaN,2.70445499e-10,NaN,NaN,NaN,7.55948221e-11,NaN,NaN
353,0,3.62385011,-2.5,-2.5,NaN,NaN,NaN,2.70445555e-10,NaN,NaN,NaN,7.55948221e-11,NaN,NaN
354,0,3.62385011,-2.5,-2.5,NaN,NaN,NaN,2.7044561e-10,NaN,NaN,NaN,7.55948221e-11,NaN,NaN
355,0,3.62385011,-2.5,-2.5,NaN,NaN,NaN,2.70445638e-10,NaN,NaN,NaN,7.55948221e-11,NaN,NaN
356,0,3.62385011,-2.5,-2.5,NaN,NaN,NaN,2.70445694e-10,NaN,NaN,NaN,7.55948221e-11,NaN,NaN
357,0,3.62385011,-2.5,-2.5,NaN,NaN,NaN,2.70445749e-10,NaN,NaN,NaN,7.55948221e-11,NaN,NaN
358,0,3.62385011,-2.5,-2.5,NaN,NaN,NaN,2.70445805e-10,NaN,NaN,NaN,7.55948221e-11,NaN,NaN
359,0,3.62385011,-2.5,-2.5,NaN,NaN,NaN,2.7044586e-10,NaN,NaN,NaN,7.55948221e-11,NaN,NaN
360,0,3.62385011,-2.5,-2.5,NaN,NaN,NaN,2.70445916e-10,NaN,NaN,NaN,7.55948221e-11,NaN,NaN
361,0,3.62385011,-2.5,-2.5,NaN,NaN,NaN,2.70445971e-10,NaN,NaN,NaN,7.55948221e-11,NaN,NaN
362,0,3.62385011,-2.5,-2.5,NaN,NaN,NaN,2.70446027e-10,NaN,NaN,NaN,7.55948221e-11,NaN,NaN
363,0,3.62385011,-2.5,-2.5,NaN,NaN,NaN,2.70446082e-10,NaN,NaN,NaN,7.55948221e-11,NaN,NaN
364,0,3.62385011,-2.5,-2.5,NaN,NaN,NaN,2.7044611e-10,NaN,NaN,NaN,7.55948221e-11,NaN,NaN
365,0,3.62385011,-2.5,-2.5,NaN,NaN,NaN,2.70446165e-10,NaN,NaN,NaN,7.55948221e-11,NaN,NaN
366,0,3.62385011,-2.5,-2.5,NaN,NaN,NaN,2.70446221e-10,NaN,NaN,NaN,7.55948221e-11,NaN,NaN
367,0,3.62385011,-2.5,-2.5,NaN,NaN,NaN,2.70446276e-10,NaN,NaN,NaN,7.55948221e-11,NaN,NaN
368,0,3.62385011,-2.5,-2.5,NaN,NaN,NaN,2.70446332e-10,NaN,NaN,NaN,7.55948221e-11,NaN,NaN
369,0,3.62385011,-2.5,-2.5,NaN,NaN,NaN,2.70446388e-10,NaN,NaN,NaN,7.55948221e-11,NaN,NaN
370,0,3.62385011,-2.5,-2.5,NaN,NaN,NaN,2.70446443e-10,NaN,NaN,NaN,7.55948221e-11,NaN,NaN
371,0,3.62385011,-2.5,-2.5,NaN,NaN,NaN,2.70446499e-10,NaN,NaN,NaN,7.55948221e-11,NaN,NaN
372,0,3.62385011,-2.5,-2.5,NaN,NaN,NaN,2.70446554e-10,NaN,NaN,NaN,7.55948221e-11,NaN,NaN
373,0,3.62385011,-2.5,-2.5,NaN,NaN,NaN,2.70446582e-10,NaN,NaN,NaN,7.55948221e-11,NaN,NaN
374,0,3.62385011,-2.5,-2.5,NaN,NaN,NaN,2.70446637e-10,NaN,NaN,NaN,7.55948221e-11,NaN,NaN
375,0,3.62385011,-2.5,-2.5,NaN,NaN,NaN,2.70446693e-10,NaN,NaN,NaN,7.55948221e-11,NaN,NaN
376,0,3.62385011,-2.5,-2.5,NaN,NaN,NaN,2.70446748e-10,NaN,NaN,NaN,7.55948221e-11,NaN,NaN
377,0,3.62385011,-2.5,-2.5,NaN,NaN,NaN,2.70446804e-10,NaN,NaN,NaN,7.55948221e-11,NaN,NaN
378,0,3.62385011,-2.5,-2.5,NaN,NaN,NaN,2.70446859e-10,NaN,NaN,NaN,7.55948221e-11,NaN,NaN
379,0,3.62385011,-2.5,-2.5,NaN,NaN,NaN,2.70446915e-10,NaN,NaN,NaN,7.55948221e-11,NaN,NaN
380,0,3.62385011,-2.5,-2.5,NaN,NaN,NaN,2.7044697e-10,NaN,NaN,NaN,7.55948221e-11,NaN,NaN
381,0,3.62385011,-2.5,-2.5,NaN,NaN,NaN,2.70446998e-10,NaN,NaN,NaN,7.55948221e-11,NaN,NaN
382,0,3.62385011,-2.5,-2.5,NaN,NaN,NaN,2.70447054e-10,NaN,NaN,NaN,7.55948221e-11,NaN,NaN
383,0,3.62385011,-2.5,-2.5,NaN,NaN,NaN,2.70447109e-10,NaN,NaN,NaN,7.55948221e-11,NaN,NaN
384,0,3.62385011,-2.5,-2.5,NaN,NaN,NaN,2.70447165e-10,NaN,NaN,NaN,7.55948221e-11,NaN,NaN
385,0,3.62385011,-2.5,-2.5,NaN,NaN,NaN,2.7044722e-10,NaN,NaN,NaN,7.55948221e-11,NaN,NaN
386,0,3.62385011,-2.5,-2.5,NaN,NaN,NaN,2.70447276e-10,NaN,NaN,NaN,7.55948221e-11,NaN,NaN
387,0,3.62385011,-2.5,-2.5,NaN,NaN,NaN,2.70447331e-10,NaN,NaN,NaN,7.55948221e-11,NaN,NaN
388,0,3.62385011,-2.5,-2.5,NaN,NaN,NaN,2.70447387e-10,NaN,NaN,NaN,7.55948221e-11,NaN,NaN
389,0,3.62385011,-2.5,-2.5,NaN,NaN,NaN,2.70447442e-10,NaN,NaN,NaN,7.55948221e-11,NaN,NaN
390,0,3.62385011,-2.5,-2.5,NaN,NaN,NaN,2.7044747e-10,NaN,NaN,NaN,7.55948221e-11,NaN,NaN
391,0,3.62385011,-2.5,-2.5,NaN,NaN,NaN,2.70447525e-10,NaN,NaN,NaN,7.55948221e-11,NaN,NaN
392,0,3.62385011,-2.5,-2.5,NaN,NaN,NaN,2.70447581e-10,NaN,NaN,NaN,7.55948221e-11,NaN,NaN
393,0,3.62385011,-2.5,-2.5,NaN,NaN,NaN,2.70447637e-10,NaN,NaN,NaN,7.55948221e-11,NaN,NaN
394,0,3.62385011,-2.5,-2.5,NaN,NaN,NaN,2.70447692e-10,NaN,NaN,NaN,7.55948221e-11,NaN,NaN
395,0,3.62385011,-2.5,-2.5,NaN,NaN,NaN,2.70447748e-10,NaN,NaN,NaN,7.55948221e-11,NaN,NaN
396,0,3.62385011,-2.5,-2.5,NaN,NaN,NaN,2.70447803e-10,NaN,NaN,NaN,7.55948221e-11,NaN,NaN
397,0,3.62385011,-2.5,-2.5,NaN,NaN,NaN,2.70447859e-10,NaN,NaN,NaN,7.55948221e-11,NaN,NaN
398,0,3.62385011,-2.5,-2.5,NaN,NaN,NaN,2.70447886e-10,NaN,NaN,NaN,7.55948221e-11,NaN,NaN
399,0,3.62385011,-2.5,-2.5,NaN,NaN,NaN,2.70447942e-10,NaN,NaN,NaN,7.55948221e-11,NaN,NaN
400,0,3.62385011,-2.5,-2.5,NaN,NaN,NaN,2.70447997e-10,NaN,NaN,NaN,7.55948221e-11,NaN,NaN
401,0,3.62385011,-2.5,-2.5,NaN,NaN,NaN,2.70448053e-10,NaN,NaN,NaN,7.55948221e-11,NaN,NaN
402,0,3.62385011,-2.5,-2.5,NaN,NaN,NaN,2.70448108e-10,NaN,NaN,NaN,7.55948221e-11,NaN,NaN
403,0,3.62385011,-2.5,-2.5,NaN,NaN,NaN,2.70448164e-10,NaN,NaN,NaN,7.55948221e-11,NaN,NaN
404,0,3.62385011,-2.5,-2.5,NaN,NaN,NaN,2.70448219e-10,NaN,NaN,NaN,7.55948221e-11,NaN,NaN
405,0,3.62385011,-2.5,-2.5,NaN,NaN,NaN,2.70448275e-10,NaN,NaN,NaN,7.55948221e-11,NaN,NaN
406,0,3.62385011,-2.5,-2.5,NaN,NaN,NaN,2.7044833e-10,NaN,NaN,NaN,7.55948221e-11,NaN,NaN
407,0,3.62385011,-2.5,-2.5,NaN,NaN,NaN,2.70448358e-10,NaN,NaN,NaN,7.55948221e-11,NaN,NaN
408,0,3.62385011,-2.5,-2.5,NaN,NaN,NaN,2.70448414e-10,NaN,NaN,NaN,7.55948221e-11,NaN,NaN
409,0,3.62385011,-2.5,-2.5,NaN,NaN,NaN,2.70448469e-10,NaN,NaN,NaN,7.55948221e-11,NaN,NaN
410,0,3.62385011,-2.5,-2.5,NaN,NaN,NaN,2.70448525e-10,NaN,NaN,NaN,7.55948221e-11,NaN,NaN
411,0,3.62385011,-2.5,-2.5,NaN,NaN,NaN,2.7044858e-10,NaN,NaN,NaN,7.55948221e-11,NaN,NaN
412,0,3.62385011,-2.5,-2.5,NaN,NaN,NaN,2.70448636e-10,NaN,NaN,NaN,7.55948221e-11,NaN,NaN
413,0,3.62385011,-2.5,-2.5,NaN,NaN,NaN,2.70448691e-10,NaN,NaN,NaN,7.55948221e-11,NaN,NaN
414,0,3.62385011,-2.5,-2.5,NaN,NaN,NaN,2.70448747e-10,NaN,NaN,NaN,7.55948221e-11,NaN,NaN
415,0,3.62385011,-2.5,-2.5,NaN,NaN,NaN,2.70448774e-10,NaN,NaN,NaN,7.55948221e-11,NaN,NaN
416,0,3.62385011,-2.5,-2.5,NaN,NaN,NaN,2.7044883e-10,NaN,NaN,NaN,7.55948221e-11,NaN,NaN
417,0,3.62385011,-2.5,-2.5,NaN,NaN,NaN,2.70448886e-10,NaN,NaN,NaN,7.55948221e-11,NaN,NaN
418,0,3.62385011,-2.5,-2.5,NaN,NaN,NaN,2.70448941e-10,NaN,NaN,NaN,7.55948221e-11,NaN,NaN
419,0,3.62385011,-2.5,-2.5,NaN,NaN,NaN,2.70448997e-10,NaN,NaN,NaN,7.55948221e-11,NaN,NaN
420,0,3.62385011,-2.5,-2.5,NaN,NaN,NaN,2.70449052e-10,NaN,NaN,NaN,7.55948221e-11,NaN,NaN
421,0,3.62385011,-2.5,-2.5,NaN,NaN,NaN,2.70449108e-10,NaN,NaN,NaN,7.55948221e-11,NaN,NaN
422,0,3.62385011,-2.5,-2.5,NaN,NaN,NaN,2.70449163e-10,NaN,NaN,NaN,7.55948221e-11,NaN,NaN
423,0,3.62385011,-2.5,-2.5,NaN,NaN,NaN,2.70449219e-10,NaN,NaN,NaN,7.55948221e-11,NaN,NaN
424,0,3.62385011,-2.5,-2.5,NaN,NaN,NaN,2.70449246e-10,NaN,NaN,NaN,7.55948221e-11,NaN,NaN
425,0,3.62385011,-2.5,-2.5,NaN,NaN,NaN,2.70449302e-10,NaN,NaN,NaN,7.55948221e-11,NaN,NaN
426,0,3.62385011,-2.5,-2.5,NaN,NaN,NaN,2.70449357e-10,NaN,NaN,NaN,7.55948221e-11,NaN,NaN
427,0,3.62385011,-2.5,-2.5,NaN,NaN,NaN,2.70449413e-10,NaN,NaN,NaN,7.55948221e-11,NaN,NaN
428,0,3.62385011,-2.5,-2.5,NaN,NaN,NaN,2.70449468e-10,NaN,NaN,NaN,7.55948221e-11,NaN,NaN
429,0,3.62385011,-2.5,-2.5,NaN,NaN,NaN,2.70449524e-10,NaN,NaN,NaN,7.55948221e-11,NaN,NaN
430,0,3.62385011,-2.5,-2.5,NaN,NaN,NaN,2.70449579e-10,NaN,NaN,NaN,7.55948221e-11,NaN,NaN
431,0,3.62385011,-2.5,-2.5,NaN,NaN,NaN,2.70449635e-10,NaN,NaN,NaN,7.55948221e-11,NaN,NaN
432,0,3.62385011,-2.5,-2.5,NaN,NaN,NaN,2.7044969e-10,NaN,NaN,NaN,7.55948221e-11,NaN,NaN
433,0,3.62385011,-2.5,-2.5,NaN,NaN,NaN,2.70449718e-10,NaN,NaN,NaN,7.55948221e-11,NaN,NaN
434,0,3.62385011,-2.5,-2.5,NaN,NaN,NaN,2.70449774e-10,NaN,NaN,NaN,7.55948221e-11,NaN,NaN
435,0,3.62385011,-2.5,-2.5,NaN,NaN,NaN,2.70449829e-10,NaN,NaN,NaN,7.55948221e-11,NaN,NaN
436,0,3.62385011,-2.5,-2.5,NaN,NaN,NaN,2.70449885e-10,NaN,NaN,NaN,7.55948221e-11,NaN,NaN
437,0,3.62385011,-2.5,-2.5,NaN,NaN,NaN,2.7044994e-10,NaN,NaN,NaN,7.55948221e-11,NaN,NaN
438,0,3.62385011,-2.5,-2.5,NaN,NaN,NaN,2.70449996e-10,NaN,NaN,NaN,7.55948221e-11,NaN,NaN
439,0,3.62385011,-2.5,-2.5,NaN,NaN,NaN,2.70450051e-10,NaN,NaN,NaN,7.55948221e-11,NaN,NaN
440,0,3.62385011,-2.5,-2.5,NaN,NaN,NaN,2.70450107e-10,NaN,NaN,NaN,7.55948221e-11,NaN,NaN
441,0,3.62385011,-2.5,-2.5,NaN,NaN,NaN,2.70450135e-10,NaN,NaN,NaN,7.55948221e-11,NaN,NaN
442,0,3.62385011,-2.5,-2.5,NaN,NaN,NaN,2.7045019e-10,NaN,NaN,NaN,7.55948221e-11,NaN,NaN
443,0,3.62385011,-2.5,-2.5,NaN,NaN,NaN,2.70450246e-10,NaN,NaN,NaN,7.55948221e-11,NaN,NaN
444,0,3.62385011,-2.5,-2.5,NaN,NaN,NaN,2.70450301e-10,NaN,NaN,NaN,7.55948221e-11,NaN,NaN
445,0,3.62385011,-2.5,-2.5,NaN,NaN,NaN,2.70450357e-10,NaN,NaN,NaN,7.55948221e-11,NaN,NaN
446,0,3.62385011,-2.5,-2.5,NaN,NaN,NaN,2.70450412e-10,NaN,NaN,NaN,7.55948221e-11,NaN,NaN
447,0,3.62385011,-2.5,-2.5,NaN,NaN,NaN,2.70450468e-10,NaN,NaN,NaN,7.55948221e-11,NaN,NaN
448,0,3.62385011,-2.5,-2.5,NaN,NaN,NaN,2.70450523e-10,NaN,NaN,NaN,7.55948221e-11,NaN,NaN
449,0,3.62385011,-2.5,-2.5,NaN,NaN,NaN,2.70450579e-10,NaN,NaN,NaN,7.55948221e-11,NaN,NaN
450,0,3.62385011,-2.5,-2.5,NaN,NaN,NaN,2.70450606e-10,NaN,NaN,NaN,7.55948221e-11,NaN,NaN
451,0,3.62385011,-2.5,-2.5,NaN,NaN,NaN,2.70450662e-10,NaN,NaN,NaN,7.55948221e-11,NaN,NaN
452,0,3.62385011,-2.5,-2.5,NaN,NaN,NaN,2.70450717e-10,NaN,NaN,NaN,7.55948221e-11,NaN,NaN
453,0,3.62385011,-2.5,-2.5,NaN,NaN,NaN,2.70450773e-10,NaN,NaN,NaN,7.55948221e-11,NaN,NaN
454,0,3.62385011,-2.5,-2.5,NaN,NaN,NaN,2.70450828e-10,NaN,NaN,NaN,7.55948221e-11,NaN,NaN
455,0,3.62385011,-2.5,-2.5,NaN,NaN,NaN,2.70450884e-10,NaN,NaN,NaN,7.55948221e-11,NaN,NaN
456,0,3.62385011,-2.5,-2.5,NaN,NaN,NaN,2.70450939e-10,NaN,NaN,NaN,7.55948221e-11,NaN,NaN
457,0,3.62385011,-2.5,-2.5,NaN,NaN,NaN,2.70450995e-10,NaN,NaN,NaN,7.55948221e-11,NaN,NaN
458,0,3.62385011,-2.5,-2.5,NaN,NaN,NaN,2.70451023e-10,NaN,NaN,NaN,7.55948221e-11,NaN,NaN
459,0,3.62385011,-2.5,-2.5,NaN,NaN,NaN,2.70451078e-10,NaN,NaN,NaN,7.55948221e-11,NaN,NaN
460,0,3.62385011,-2.5,-2.5,NaN,NaN,NaN,2.70451134e-10,NaN,NaN,NaN,7.55948221e-11,NaN,NaN
461,0,3.62385011,-2.5,-2.5,NaN,NaN,NaN,2.70451189e-10,NaN,NaN,NaN,7.55948221e-11,NaN,NaN
462,0,3.62385011,-2.5,-2.5,NaN,NaN,NaN,2.70451245e-10,NaN,NaN,NaN,7.55948221e-11,NaN,NaN
463,0,3.62385011,-2.5,-2.5,NaN,NaN,NaN,2.704513e-10,NaN,NaN,NaN,7.55948221e-11,NaN,NaN
464,0,3.62385011,-2.5,-2.5,NaN,NaN,NaN,2.70451356e-10,NaN,NaN,NaN,7.55948221e-11,NaN,NaN
465,0,3.62385011,-2.5,-2.5,NaN,NaN,NaN,2.70451411e-10,NaN,NaN,NaN,7.55948221e-11,NaN,NaN
466,0,3.62385011,-2.5,-2.5,NaN,NaN,NaN,2.70451467e-10,NaN,NaN,NaN,7.55948221e-11,NaN,NaN
467,0,3.62385011,-2.5,-2.5,NaN,NaN,NaN,2.70451495e-10,NaN,NaN,NaN,7.55948221e-11,NaN,NaN
468,0,3.62385011,-2.5,-2.5,NaN,NaN,NaN,2.7045155e-10,NaN,NaN,NaN,7.55948221e-11,NaN,NaN
469,0,3.62385011,-2.5,-2.5,NaN,NaN,NaN,2.70451606e-10,NaN,NaN,NaN,7.55948221e-11,NaN,NaN
470,0,3.62385011,-2.5,-2.5,NaN,NaN,NaN,2.70451661e-10,NaN,NaN,NaN,7.55948221e-11,NaN,NaN
471,0,3.62385011,-2.5,-2.5,NaN,NaN,NaN,2.70451717e-10,NaN,NaN,NaN,7.55948221e-11,NaN,NaN
472,0,3.62385011,-2.5,-2.5,NaN,NaN,NaN,2.70451772e-10,NaN,NaN,NaN,7.55948221e-11,NaN,NaN
473,0,3.62385011,-2.5,-2.5,NaN,NaN,NaN,2.70451828e-10,NaN,NaN,NaN,7.55948221e-11,NaN,NaN
474,0,3.62385011,-2.5,-2.5,NaN,NaN,NaN,2.70451883e-10,NaN,NaN,NaN,7.55948221e-11,NaN,NaN
475,0,3.62385011,-2.5,-2.5,NaN,NaN,NaN,2.70451911e-10,NaN,NaN,NaN,7.55948221e-11,NaN,NaN
476,0,3.62385011,-2.5,-2.5,NaN,NaN,NaN,2.70451966e-10,NaN,NaN,NaN,7.55948221e-11,NaN,NaN
477,0,3.62385011,-2.5,-2.5,NaN,NaN,NaN,2.70452022e-10,NaN,NaN,NaN,7.55948221e-11,NaN,NaN
478,0,3.62385011,-2.5,-2.5,NaN,NaN,NaN,2.70452077e-10,NaN,NaN,NaN,7.55948221e-11,NaN,NaN
479,0,3.62385011,-2.5,-2.5,NaN,NaN,NaN,2.70452133e-10,NaN,NaN,NaN,7.55948221e-11,NaN,NaN
480,0,3.62385011,-2.5,-2.5,NaN,NaN,NaN,2.70452188e-10,NaN,NaN,NaN,7.55948221e-11,NaN,NaN
481,0,3.62385011,-2.5,-2.5,NaN,NaN,NaN,2.70452244e-10,NaN,NaN,NaN,7.55948221e-11,NaN,NaN
482,0,3.62385011,-2.5,-2.5,NaN,NaN,NaN,2.70452299e-10,NaN,NaN,NaN,7.55948221e-11,NaN,NaN
483,0,3.62385011,-2.5,-2.5,NaN,NaN,NaN,2.70452355e-10,NaN,NaN,NaN,7.55948221e-11,NaN,NaN
484,0,3.62385011,-2.5,-2.5,NaN,NaN,NaN,2.70452383e-10,NaN,NaN,NaN,7.55948221e-11,NaN,NaN
485,0,3.62385011,-2.5,-2.5,NaN,NaN,NaN,2.70452438e-10,NaN,NaN,NaN,7.55948221e-11,NaN,NaN
486,0,3.62385011,-2.5,-2.5,NaN,NaN,NaN,2.70452494e-10,NaN,NaN,NaN,7.55948221e-11,NaN,NaN
487,0,3.62385011,-2.5,-2.5,NaN,NaN,NaN,2.70452549e-10,NaN,NaN,NaN,7.55948221e-11,NaN,NaN
488,0,3.62385011,-2.5,-2.5,NaN,NaN,NaN,2.70452605e-10,NaN,NaN,NaN,7.55948221e-11,NaN,NaN
489,0,3.62385011,-2.5,-2.5,NaN,NaN,NaN,2.7045266e-10,NaN,NaN,NaN,7.55948221e-11,NaN,NaN
490,0,3.62385011,-2.5,-2.5,NaN,NaN,NaN,2.70452716e-10,NaN,NaN,NaN,7.55948221e-11,NaN,NaN
491,0,3.62385011,-2.5,-2.5,NaN,NaN,NaN,2.70452771e-10,NaN,NaN,NaN,7.55948221e-11,NaN,NaN
492,0,3.62385011,-2.5,-2.5,NaN,NaN,NaN,2.70452799e-10,NaN,NaN,NaN,7.55948221e-11,NaN,NaN
493,0,3.62385011,-2.5,-2.5,NaN,NaN,NaN,2.70452855e-10,NaN,NaN,NaN,7.55948221e-11,NaN,NaN
494,0,3.62385011,-2.5,-2.5,NaN,NaN,NaN,2.7045291e-10,NaN,NaN,NaN,7.55948221e-11,NaN,NaN
495,0,3.62385011,-2.5,-2.5,NaN,NaN,NaN,2.70452966e-10,NaN,NaN,NaN,7.55948221e-11,NaN,NaN
496,0,3.62385011,-2.5,-2.5,NaN,NaN,NaN,2.70453021e-10,NaN,NaN,NaN,7.55948221e-11,NaN,NaN
497,0,3.62385011,-2.5,-2.5,NaN,NaN,NaN,2.70453077e-10,NaN,NaN,NaN,7.55948221e-11,NaN,NaN
498,0,3.62385011,-2.5,-2.5,NaN,NaN,NaN,2.70453132e-10,NaN,NaN,NaN,7.55948221e-11,NaN,NaN
499,0,3.62385011,-2.5,-2.5,NaN,NaN,NaN,2.70453188e-10,NaN,NaN,NaN,7.55948221e-11,NaN,NaN
500,0,3.62385011,-2.5,-2.5,NaN,NaN,NaN,2.70453243e-10,NaN,NaN,NaN,7.55948221e-11,NaN,NaN
501,0,3.62385011,-2.5,-2.5,NaN,NaN,NaN,2.70453271e-10,NaN,NaN,NaN,7.55948221e-11,NaN,NaN
502,0,3.62385011,-2.5,-2.5,NaN,NaN,NaN,2.70453326e-10,NaN,NaN,NaN,7.55948221e-11,NaN,NaN
503,0,3.62385011,-2.5,-2.5,NaN,NaN,NaN,2.70453382e-10,NaN,NaN,NaN,7.55948221e-11,NaN,NaN
504,0,3.62385011,-2.5,-2.5,NaN,NaN,NaN,2.70453437e-10,NaN,NaN,NaN,7.55948221e-11,NaN,NaN
505,0,3.62385011,-2.5,-2.5,NaN,NaN,NaN,2.70453493e-10,NaN,NaN,NaN,7.55948221e-11,NaN,NaN
506,0,3.62385011,-2.5,-2.5,NaN,NaN,NaN,2.70453548e-10,NaN,NaN,NaN,7.55948221e-11,NaN,NaN
507,0,3.62385011,-2.5,-2.5,NaN,NaN,NaN,2.70453604e-10,NaN,NaN,NaN,7.55948221e-11,NaN,NaN
508,0,3.62385011,-2.5,-2.5,NaN,NaN,NaN,2.70453659e-10,NaN,NaN,NaN,7.55948221e-11,NaN,NaN
509,0,3.62385011,-2.5,-2.5,NaN,NaN,NaN,2.70453715e-10,NaN,NaN,NaN,7.55948221e-11,NaN,NaN
510,0,3.62385011,-2.5,-2.5,NaN,NaN,NaN,2.70453743e-10,NaN,NaN,NaN,7.55948221e-11,NaN,NaN
511,0,3.62385011,-2.5,-2.5,NaN,NaN,NaN,2.70453798e-10,NaN,NaN,NaN,7.55948221e-11,NaN,NaN
512,0,3.62385011,-2.5,-2.5,NaN,NaN,NaN,2.70453854e-10,NaN,NaN,NaN,7.55948221e-11,NaN,NaN
513,0,3.62385011,-2.5,-2.5,NaN,NaN,NaN,2.70453909e-10,NaN,NaN,NaN,7.55948221e-11,NaN,NaN
514,0,3.62385011,-2.5,-2.5,NaN,NaN,NaN,2.70453965e-10,NaN,NaN,NaN,7.55948221e-11,NaN,NaN
515,0,3.62385011,-2.5,-2.5,NaN,NaN,NaN,2.7045402e-10,NaN,NaN,NaN,7.55948221e-11,NaN,NaN
516,0,3.62385011,-2.5,-2.5,NaN,NaN,NaN,2.70454076e-10,NaN,NaN,NaN,7.55948221e-11,NaN,NaN
517,0,3.62385011,-2.5,-2.5,NaN,NaN,NaN,2.70454131e-10,NaN,NaN,NaN,7.55948221e-11,NaN,NaN
518,0,3.62385011,-2.5,-2.5,NaN,NaN,NaN,2.70454159e-10,NaN,NaN,NaN,7.55948221e-11,NaN,NaN
519,0,3.62385011,-2.5,-2.5,NaN,NaN,NaN,2.70454215e-10,NaN,NaN,NaN,7.55948221e-11,NaN,NaN
520,0,3.62385011,-2.5,-2.5,NaN,NaN,NaN,2.7045427e-10,NaN,NaN,NaN,7.55948221e-11,NaN,NaN
521,0,3.62385011,-2.5,-2.5,NaN,NaN,NaN,2.70454326e-10,NaN,NaN,NaN,7.55948221e-11,NaN,NaN
522,0,3.62385011,-2.5,-2.5,NaN,NaN,NaN,2.70454381e-10,NaN,NaN,NaN,7.55948221e-11,NaN,NaN
523,0,3.62385011,-2.5,-2.5,NaN,NaN,NaN,2.70454437e-10,NaN,NaN,NaN,7.55948221e-11,NaN,NaN
524,0,3.62385011,-2.5,-2.5,NaN,NaN,NaN,2.70454492e-10,NaN,NaN,NaN,7.55948221e-11,NaN,NaN
525,0,3.62385011,-2.5,-2.5,NaN,NaN,NaN,2.70454548e-10,NaN,NaN,NaN,7.55948221e-11,NaN,NaN
526,0,3.62385011,-2.5,-2.5,NaN,NaN,NaN,2.70454603e-10,NaN,NaN,NaN,7.55948221e-11,NaN,NaN
527,0,3.62385011,-2.5,-2.5,NaN,NaN,NaN,2.70454631e-10,NaN,NaN,NaN,7.55948221e-11,NaN,NaN
528,0,3.62385011,-2.5,-2.5,NaN,NaN,NaN,2.70454686e-10,NaN,NaN,NaN,7.55948221e-11,NaN,NaN
529,0,3.62385011,-2.5,-2.5,NaN,NaN,NaN,2.70454742e-10,NaN,NaN,NaN,7.55948221e-11,NaN,NaN
530,0,3.62385011,-2.5,-2.5,NaN,NaN,NaN,2.70454797e-10,NaN,NaN,NaN,7.55948221e-11,NaN,NaN
531,0,3.62385011,-2.5,-2.5,NaN,NaN,NaN,2.70454853e-10,NaN,NaN,NaN,7.55948221e-11,NaN,NaN
532,0,3.62385011,-2.5,-2.5,NaN,NaN,NaN,2.70454908e-10,NaN,NaN,NaN,7.55948221e-11,NaN,NaN
533,0,3.62385011,-2.5,-2.5,NaN,NaN,NaN,2.70454964e-10,NaN,NaN,NaN,7.55948221e-11,NaN,NaN
534,0,3.62385011,-2.5,-2.5,NaN,NaN,NaN,2.70455019e-10,NaN,NaN,NaN,7.55948221e-11,NaN,NaN
535,0,3.62385011,-2.5,-2.5,NaN,NaN,NaN,2.70455047e-10,NaN,NaN,NaN,7.55948221e-11,NaN,NaN
536,0,3.62385011,-2.5,-2.5,NaN,NaN,NaN,2.70455103e-10,NaN,NaN,NaN,7.55948221e-11,NaN,NaN
537,0,3.62385011,-2.5,-2.5,NaN,NaN,NaN,2.70455158e-10,NaN,NaN,NaN,7.55948221e-11,NaN,NaN
538,0,3.62385011,-2.5,-2.5,NaN,NaN,NaN,2.70455214e-10,NaN,NaN,NaN,7.55948221e-11,NaN,NaN
539,0,3.62385011,-2.5,-2.5,NaN,NaN,NaN,2.70455269e-10,NaN,NaN,NaN,7.55948221e-11,NaN,NaN
540,0,3.62385011,-2.5,-2.5,NaN,NaN,NaN,2.70455325e-10,NaN,NaN,NaN,7.55948221e-11,NaN,NaN
541,0,3.62385011,-2.5,-2.5,NaN,NaN,NaN,2.7045538e-10,NaN,NaN,NaN,7.55948221e-11,NaN,NaN
542,0,3.62385011,-2.5,-2.5,NaN,NaN,NaN,2.70455436e-10,NaN,NaN,NaN,7.55948221e-11,NaN,NaN
543,0,3.62385011,-2.5,-2.5,NaN,NaN,NaN,2.70455491e-10,NaN,NaN,NaN,7.55948221e-11,NaN,NaN
544,0,3.62385011,-2.5,-2.5,NaN,NaN,NaN,2.70455519e-10,NaN,NaN,NaN,7.55948221e-11,NaN,NaN
545,0,3.62385011,-2.5,-2.5,NaN,NaN,NaN,2.70455575e-10,NaN,NaN,NaN,7.55948221e-11,NaN,NaN
546,0,3.62385011,-2.5,-2.5,NaN,NaN,NaN,2.7045563e-10,NaN,NaN,NaN,7.55948221e-11,NaN,NaN
547,0,3.62385011,-2.5,-2.5,NaN,NaN,NaN,2.70455686e-10,NaN,NaN,NaN,7.55948221e-11,NaN,NaN
548,0,3.62385011,-2.5,-2.5,NaN,NaN,NaN,2.70455741e-10,NaN,NaN,NaN,7.55948221e-11,NaN,NaN
549,0,3.62385011,-2.5,-2.5,NaN,NaN,NaN,2.70455797e-10,NaN,NaN,NaN,7.55948221e-11,NaN,NaN
550,0,3.62385011,-2.5,-2.5,NaN,NaN,NaN,2.70455852e-10,NaN,NaN,NaN,7.55948221e-11,NaN,NaN
551,0,3.62385011,-2.5,-2.5,NaN,NaN,NaN,2.70455908e-10,NaN,NaN,NaN,7.55948221e-11,NaN,NaN
552,0,3.62385011,-2.5,-2.5,NaN,NaN,NaN,2.70455935e-10,NaN,NaN,NaN,7.55948221e-11,NaN,NaN
553,0,3.62385011,-2.5,-2.5,NaN,NaN,NaN,2.70455991e-10,NaN,NaN,NaN,7.55948221e-11,NaN,NaN
554,0,3.62385011,-2.5,-2.5,NaN,NaN,NaN,2.70456046e-10,NaN,NaN,NaN,7.55948221e-11,NaN,NaN
555,0,3.62385011,-2.5,-2.5,NaN,NaN,NaN,2.70456102e-10,NaN,NaN,NaN,7.55948221e-11,NaN,NaN
556,0,3.62385011,-2.5,-2.5,NaN,NaN,NaN,2.70456157e-10,NaN,NaN,NaN,7.55948221e-11,NaN,NaN
557,0,3.62385011,-2.5,-2.5,NaN,NaN,NaN,2.70456213e-10,NaN,NaN,NaN,7.55948221e-11,NaN,NaN
558,0,3.62385011,-2.5,-2.5,NaN,NaN,NaN,2.70456268e-10,NaN,NaN,NaN,7.55948221e-11,NaN,NaN
559,0,3.62385011,-2.5,-2.5,NaN,NaN,NaN,2.70456324e-10,NaN,NaN,NaN,7.55948221e-11,NaN,NaN
560,0,3.62385011,-2.5,-2.5,NaN,NaN,NaN,2.7045638e-10,NaN,NaN,NaN,7.55948221e-11,NaN,NaN
561,0,3.62385011,-2.5,-2.5,NaN,NaN,NaN,2.70456407e-10,NaN,NaN,NaN,7.55948221e-11,NaN,NaN
562,0,3.62385011,-2.5,-2.5,NaN,NaN,NaN,2.70456463e-10,NaN,NaN,NaN,7.55948221e-11,NaN,NaN
563,0,3.62385011,-2.5,-2.5,NaN,NaN,NaN,2.70456518e-10,NaN,NaN,NaN,7.55948221e-11,NaN,NaN
564,0,3.62385011,-2.5,-2.5,NaN,NaN,NaN,2.70456574e-10,NaN,NaN,NaN,7.55948221e-11,NaN,NaN
565,0,3.62385011,-2.5,-2.5,NaN,NaN,NaN,2.70456629e-10,NaN,NaN,NaN,7.55948221e-11,NaN,NaN
566,0,3.62385011,-2.5,-2.5,NaN,NaN,NaN,2.70456685e-10,NaN,NaN,NaN,7.55948221e-11,NaN,NaN
567,0,3.62385011,-2.5,-2.5,NaN,NaN,NaN,2.7045674e-10,NaN,NaN,NaN,7.55948221e-11,NaN,NaN
568,0,3.62385011,-2.5,-2.5,NaN,NaN,NaN,2.70456796e-10,NaN,NaN,NaN,7.55948221e-11,NaN,NaN
569,0,3.62385011,-2.5,-2.5,NaN,NaN,NaN,2.70456851e-10,NaN,NaN,NaN,7.55948221e-11,NaN,NaN
570,0,3.62385011,-2.5,-2.5,NaN,NaN,NaN,2.70456879e-10,NaN,NaN,NaN,7.55948221e-11,NaN,NaN
571,0,3.62385011,-2.5,-2.5,NaN,NaN,NaN,2.70456935e-10,NaN,NaN,NaN,7.55948221e-11,NaN,NaN
572,0,3.62385011,-2.5,-2.5,NaN,NaN,NaN,2.7045699e-10,NaN,NaN,NaN,7.55948221e-11,NaN,NaN
573,0,3.62385011,-2.5,-2.5,NaN,NaN,NaN,2.70457046e-10,NaN,NaN,NaN,7.55948221e-11,NaN,NaN
574,0,3.62385011,-2.5,-2.5,NaN,NaN,NaN,2.70457101e-10,NaN,NaN,NaN,7.55948221e-11,NaN,NaN
575,0,3.62385011,-2.5,-2.5,NaN,NaN,NaN,2.70457157e-10,NaN,NaN,NaN,7.55948221e-11,NaN,NaN
576,0,3.62385011,-2.5,-2.5,NaN,NaN,NaN,2.70457212e-10,NaN,NaN,NaN,7.55948221e-11,NaN,NaN
577,0,3.62385011,-2.5,-2.5,NaN,NaN,NaN,2.70457268e-10,NaN,NaN,NaN,7.55948221e-11,NaN,NaN
578,0,3.62385011,-2.5,-2.5,NaN,NaN,NaN,2.70457295e-10,NaN,NaN,NaN,7.55948221e-11,NaN,NaN
579,0,3.62385011,-2.5,-2.5,NaN,NaN,NaN,2.70457351e-10,NaN,NaN,NaN,7.55948221e-11,NaN,NaN
580,0,3.62385011,-2.5,-2.5,NaN,NaN,NaN,2.70457406e-10,NaN,NaN,NaN,7.55948221e-11,NaN,NaN
581,0,3.62385011,-2.5,-2.5,NaN,NaN,NaN,2.70457462e-10,NaN,NaN,NaN,7.55948221e-11,NaN,NaN
582,0,3.62385011,-2.5,-2.5,NaN,NaN,NaN,2.70457517e-10,NaN,NaN,NaN,7.55948221e-11,NaN,NaN
583,0,3.62385011,-2.5,-2.5,NaN,NaN,NaN,2.70457573e-10,NaN,NaN,NaN,7.55948221e-11,NaN,NaN
584,0,3.62385011,-2.5,-2.5,NaN,NaN,NaN,2.70457629e-10,NaN,NaN,NaN,7.55948221e-11,NaN,NaN
585,0,3.62385011,-2.5,-2.5,NaN,NaN,NaN,2.70457684e-10,NaN,NaN,NaN,7.55948221e-11,NaN,NaN
586,0,3.62385011,-2.5,-2.5,NaN,NaN,NaN,2.7045774e-10,NaN,NaN,NaN,7.55948221e-11,NaN,NaN
587,0,3.62385011,-2.5,-2.5,NaN,NaN,NaN,2.70457767e-10,NaN,NaN,NaN,7.55948221e-11,NaN,NaN
588,0,3.62385011,-2.5,-2.5,NaN,NaN,NaN,2.70457823e-10,NaN,NaN,NaN,7.55948221e-11,NaN,NaN
589,0,3.62385011,-2.5,-2.5,NaN,NaN,NaN,2.70457878e-10,NaN,NaN,NaN,7.55948221e-11,NaN,NaN
590,0,3.62385011,-2.5,-2.5,NaN,NaN,NaN,2.70457934e-10,NaN,NaN,NaN,7.55948221e-11,NaN,NaN
591,0,3.62385011,-2.5,-2.5,NaN,NaN,NaN,2.70457989e-10,NaN,NaN,NaN,7.55948221e-11,NaN,NaN
592,0,3.62385011,-2.5,-2.5,NaN,NaN,NaN,2.70458045e-10,NaN,NaN,NaN,7.55948221e-11,NaN,NaN
593,0,3.62385011,-2.5,-2.5,NaN,NaN,NaN,2.704581e-10,NaN,NaN,NaN,7.55948221e-11,NaN,NaN
594,0,3.62385011,-2.5,-2.5,NaN,NaN,NaN,2.70458156e-10,NaN,NaN,NaN,7.55948221e-11,NaN,NaN
595,0,3.62385011,-2.5,-2.5,NaN,NaN,NaN,2.70458184e-10,NaN,NaN,NaN,7.55948221e-11,NaN,NaN
596,0,3.62385011,-2.5,-2.5,NaN,NaN,NaN,2.70458239e-10,NaN,NaN,NaN,7.55948221e-11,NaN,NaN
597,0,3.62385011,-2.5,-2.5,NaN,NaN,NaN,2.70458295e-10,NaN,NaN,NaN,7.55948221e-11,NaN,NaN
598,0,3.62385011,-2.5,-2.5,NaN,NaN,NaN,2.7045835e-10,NaN,NaN,NaN,7.55948221e-11,NaN,NaN
599,0,3.62385011,-2.5,-2.5,NaN,NaN,NaN,2.70458406e-10,NaN,NaN,NaN,7.55948221e-11,NaN,NaN
600,0,3.62385011,-2.5,-2.5,NaN,NaN,NaN,2.70458461e-10,NaN,NaN,NaN,7.55948221e-11,NaN,NaN
601,0,3.62385011,-2.5,-2.5,NaN,NaN,NaN,2.70458517e-10,NaN,NaN,NaN,7.55948221e-11,NaN,NaN
602,0,3.62385011,-2.5,-2.5,NaN,NaN,NaN,2.70458572e-10,NaN,NaN,NaN,7.55948221e-11,NaN,NaN
603,0,3.62385011,-2.5,-2.5,NaN,NaN,NaN,2.70458628e-10,NaN,NaN,NaN,7.55948221e-11,NaN,NaN
604,0,3.62385011,-2.5,-2.5,NaN,NaN,NaN,2.70458655e-10,NaN,NaN,NaN,7.55948221e-11,NaN,NaN
605,0,3.62385011,-2.5,-2.5,NaN,NaN,NaN,2.70458711e-10,NaN,NaN,NaN,7.55948221e-11,NaN,NaN
606,0,3.62385011,-2.5,-2.5,NaN,NaN,NaN,2.70458766e-10,NaN,NaN,NaN,7.55948221e-11,NaN,NaN
607,0,3.62385011,-2.5,-2.5,NaN,NaN,NaN,2.70458822e-10,NaN,NaN,NaN,7.55948221e-11,NaN,NaN
608,0,3.62385011,-2.5,-2.5,NaN,NaN,NaN,2.70458878e-10,NaN,NaN,NaN,7.55948221e-11,NaN,NaN
609,0,3.62385011,-2.5,-2.5,NaN,NaN,NaN,2.70458933e-10,NaN,NaN,NaN,7.55948221e-11,NaN,NaN
610,0,3.62385011,-2.5,-2.5,NaN,NaN,NaN,2.70458989e-10,NaN,NaN,NaN,7.55948221e-11,NaN,NaN
611,0,3.62385011,-2.5,-2.5,NaN,NaN,NaN,2.70459044e-10,NaN,NaN,NaN,7.55948221e-11,NaN,NaN
612,0,3.62385011,-2.5,-2.5,NaN,NaN,NaN,2.70459072e-10,NaN,NaN,NaN,7.55948221e-11,NaN,NaN
613,0,3.62385011,-2.5,-2.5,NaN,NaN,NaN,2.70459127e-10,NaN,NaN,NaN,7.55948221e-11,NaN,NaN
614,0,3.62385011,-2.5,-2.5,NaN,NaN,NaN,2.70459183e-10,NaN,NaN,NaN,7.55948221e-11,NaN,NaN
615,0,3.62385011,-2.5,-2.5,NaN,NaN,NaN,2.70459238e-10,NaN,NaN,NaN,7.55948221e-11,NaN,NaN
616,0,3.62385011,-2.5,-2.5,NaN,NaN,NaN,2.70459294e-10,NaN,NaN,NaN,7.55948221e-11,NaN,NaN
617,0,3.62385011,-2.5,-2.5,NaN,NaN,NaN,2.70459349e-10,NaN,NaN,NaN,7.55948221e-11,NaN,NaN
618,0,3.62385011,-2.5,-2.5,NaN,NaN,NaN,2.70459405e-10,NaN,NaN,NaN,7.55948221e-11,NaN,NaN
619,0,3.62385011,-2.5,-2.5,NaN,NaN,NaN,2.7045946e-10,NaN,NaN,NaN,7.55948221e-11,NaN,NaN
620,0,3.62385011,-2.5,-2.5,NaN,NaN,NaN,2.70459516e-10,NaN,NaN,NaN,7.55948221e-11,NaN,NaN
621,0,3.62385011,-2.5,-2.5,NaN,NaN,NaN,2.70459544e-10,NaN,NaN,NaN,7.55948221e-11,NaN,NaN
622,0,3.62385011,-2.5,-2.5,NaN,NaN,NaN,2.70459599e-10,NaN,NaN,NaN,7.55948221e-11,NaN,NaN
623,0,3.62385011,-2.5,-2.5,NaN,NaN,NaN,2.70459655e-10,NaN,NaN,NaN,7.55948221e-11,NaN,NaN
624,0,3.62385011,-2.5,-2.5,NaN,NaN,NaN,2.7045971e-10,NaN,NaN,NaN,7.55948221e-11,NaN,NaN
625,0,3.62385011,-2.5,-2.5,NaN,NaN,NaN,2.70459766e-10,NaN,NaN,NaN,7.55948221e-11,NaN,NaN
626,0,3.62385011,-2.5,-2.5,NaN,NaN,NaN,2.70459821e-10,NaN,NaN,NaN,7.55948221e-11,NaN,NaN
627,0,3.62385011,-2.5,-2.5,NaN,NaN,NaN,2.70459877e-10,NaN,NaN,NaN,7.55948221e-11,NaN,NaN
628,0,3.62385011,-2.5,-2.5,NaN,NaN,NaN,2.70459932e-10,NaN,NaN,NaN,7.55948221e-11,NaN,NaN
629,0,3.62385011,-2.5,-2.5,NaN,NaN,NaN,2.70459988e-10,NaN,NaN,NaN,7.55948221e-11,NaN,NaN
630,0,3.62385011,-2.5,-2.5,NaN,NaN,NaN,2.70460015e-10,NaN,NaN,NaN,7.55948221e-11,NaN,NaN
631,0,3.62385011,-2.5,-2.5,NaN,NaN,NaN,2.70460071e-10,NaN,NaN,NaN,7.55948221e-11,NaN,NaN
632,0,3.62385011,-2.5,-2.5,NaN,NaN,NaN,2.70460127e-10,NaN,NaN,NaN,7.55948221e-11,NaN,NaN
633,0,3.62385011,-2.5,-2.5,NaN,NaN,NaN,2.70460182e-10,NaN,NaN,NaN,7.55948221e-11,NaN,NaN
634,0,3.62385011,-2.5,-2.5,NaN,NaN,NaN,2.70460238e-10,NaN,NaN,NaN,7.55948221e-11,NaN,NaN
635,0,3.62385011,-2.5,-2.5,NaN,NaN,NaN,2.70460293e-10,NaN,NaN,NaN,7.55948221e-11,NaN,NaN
636,0,3.62385011,-2.5,-2.5,NaN,NaN,NaN,2.70460349e-10,NaN,NaN,NaN,7.55948221e-11,NaN,NaN
637,0,3.62385011,-2.5,-2.5,NaN,NaN,NaN,2.70460404e-10,NaN,NaN,NaN,7.55948221e-11,NaN,NaN
638,0,3.62385011,-2.5,-2.5,NaN,NaN,NaN,2.70460432e-10,NaN,NaN,NaN,7.55948221e-11,NaN,NaN
639,0,3.62385011,-2.5,-2.5,NaN,NaN,NaN,2.70460487e-10,NaN,NaN,NaN,7.55948221e-11,NaN,NaN
640,0,3.62385011,-2.5,-2.5,NaN,NaN,NaN,2.70460543e-10,NaN,NaN,NaN,7.55948221e-11,NaN,NaN
641,0,3.62385011,-2.5,-2.5,NaN,NaN,NaN,2.70460598e-10,NaN,NaN,NaN,7.55948221e-11,NaN,NaN
642,0,3.62385011,-2.5,-2.5,NaN,NaN,NaN,2.70460654e-10,NaN,NaN,NaN,7.55948221e-11,NaN,NaN
643,0,3.62385011,-2.5,-2.5,NaN,NaN,NaN,2.70460709e-10,NaN,NaN,NaN,7.55948221e-11,NaN,NaN
644,0,3.62385011,-2.5,-2.5,NaN,NaN,NaN,2.70460765e-10,NaN,NaN,NaN,7.55948221e-11,NaN,NaN
645,0,3.62385011,-2.5,-2.5,NaN,NaN,NaN,2.7046082e-10,NaN,NaN,NaN,7.55948221e-11,NaN,NaN
646,0,3.62385011,-2.5,-2.5,NaN,NaN,NaN,2.70460876e-10,NaN,NaN,NaN,7.55948221e-11,NaN,NaN
647,0,3.62385011,-2.5,-2.5,NaN,NaN,NaN,2.70460904e-10,NaN,NaN,NaN,7.55948221e-11,NaN,NaN
648,0,3.62385011,-2.5,-2.5,NaN,NaN,NaN,2.70460959e-10,NaN,NaN,NaN,7.55948221e-11,NaN,NaN
649,0,3.62385011,-2.5,-2.5,NaN,NaN,NaN,2.70461015e-10,NaN,NaN,NaN,7.55948221e-11,NaN,NaN
650,0,3.62385011,-2.5,-2.5,NaN,NaN,NaN,2.7046107e-10,NaN,NaN,NaN,7.55948221e-11,NaN,NaN
651,0,3.62385011,-2.5,-2.5,NaN,NaN,NaN,2.70461126e-10,NaN,NaN,NaN,7.55948221e-11,NaN,NaN
652,0,3.62385011,-2.5,-2.5,NaN,NaN,NaN,2.70461181e-10,NaN,NaN,NaN,7.55948221e-11,NaN,NaN
653,0,3.62385011,-2.5,-2.5,NaN,NaN,NaN,2.70461237e-10,NaN,NaN,NaN,7.55948221e-11,NaN,NaN
654,0,3.62385011,-2.5,-2.5,NaN,NaN,NaN,2.70461292e-10,NaN,NaN,NaN,7.55948221e-11,NaN,NaN
655,0,3.62385011,-2.5,-2.5,NaN,NaN,NaN,2.7046132e-10,NaN,NaN,NaN,7.55948221e-11,NaN,NaN
656,0,3.62385011,-2.5,-2.5,NaN,NaN,NaN,2.70461376e-10,NaN,NaN,NaN,7.55948221e-11,NaN,NaN
657,0,3.62385011,-2.5,-2.5,NaN,NaN,NaN,2.70461431e-10,NaN,NaN,NaN,7.55948221e-11,NaN,NaN
658,0,3.62385011,-2.5,-2.5,NaN,NaN,NaN,2.70461487e-10,NaN,NaN,NaN,7.55948221e-11,NaN,NaN
659,0,3.62385011,-2.5,-2.5,NaN,NaN,NaN,2.70461542e-10,NaN,NaN,NaN,7.55948221e-11,NaN,NaN
660,0,3.62385011,-2.5,-2.5,NaN,NaN,NaN,2.70461598e-10,NaN,NaN,NaN,7.55948221e-11,NaN,NaN
661,0,3.62385011,-2.5,-2.5,NaN,NaN,NaN,2.70461653e-10,NaN,NaN,NaN,7.55948221e-11,NaN,NaN
662,0,3.62385011,-2.5,-2.5,NaN,NaN,NaN,2.70461709e-10,NaN,NaN,NaN,7.55948221e-11,NaN,NaN
663,0,3.62385011,-2.5,-2.5,NaN,NaN,NaN,2.70461764e-10,NaN,NaN,NaN,7.55948221e-11,NaN,NaN
664,0,3.62385011,-2.5,-2.5,NaN,NaN,NaN,2.70461792e-10,NaN,NaN,NaN,7.55948221e-11,NaN,NaN
665,0,3.62385011,-2.5,-2.5,NaN,NaN,NaN,2.70461847e-10,NaN,NaN,NaN,7.55948221e-11,NaN,NaN
666,0,3.62385011,-2.5,-2.5,NaN,NaN,NaN,2.70461903e-10,NaN,NaN,NaN,7.55948221e-11,NaN,NaN
667,0,3.62385011,-2.5,-2.5,NaN,NaN,NaN,2.70461958e-10,NaN,NaN,NaN,7.55948221e-11,NaN,NaN
668,0,3.62385011,-2.5,-2.5,NaN,NaN,NaN,2.70462014e-10,NaN,NaN,NaN,7.55948221e-11,NaN,NaN
669,0,3.62385011,-2.5,-2.5,NaN,NaN,NaN,2.70462069e-10,NaN,NaN,NaN,7.55948221e-11,NaN,NaN
670,0,3.62385011,-2.5,-2.5,NaN,NaN,NaN,2.70462125e-10,NaN,NaN,NaN,7.55948221e-11,NaN,NaN
671,0,3.62385011,-2.5,-2.5,NaN,NaN,NaN,2.7046218e-10,NaN,NaN,NaN,7.55948221e-11,NaN,NaN
672,0,3.62385011,-2.5,-2.5,NaN,NaN,NaN,2.70462208e-10,NaN,NaN,NaN,7.55948221e-11,NaN,NaN
673,0,3.62385011,-2.5,-2.5,NaN,NaN,NaN,2.70462264e-10,NaN,NaN,NaN,7.55948221e-11,NaN,NaN
674,0,3.62385011,-2.5,-2.5,NaN,NaN,NaN,2.70462319e-10,NaN,NaN,NaN,7.55948221e-11,NaN,NaN
675,0,3.62385011,-2.5,-2.5,NaN,NaN,NaN,2.70462375e-10,NaN,NaN,NaN,7.55948221e-11,NaN,NaN
676,0,3.62385011,-2.5,-2.5,NaN,NaN,NaN,2.7046243e-10,NaN,NaN,NaN,7.55948221e-11,NaN,NaN
677,0,3.62385011,-2.5,-2.5,NaN,NaN,NaN,2.70462486e-10,NaN,NaN,NaN,7.55948221e-11,NaN,NaN
678,0,3.62385011,-2.5,-2.5,NaN,NaN,NaN,2.70462541e-10,NaN,NaN,NaN,7.55948221e-11,NaN,NaN
679,0,3.62385011,-2.5,-2.5,NaN,NaN,NaN,2.70462597e-10,NaN,NaN,NaN,7.55948221e-11,NaN,NaN
680,0,3.62385011,-2.5,-2.5,NaN,NaN,NaN,2.70462652e-10,NaN,NaN,NaN,7.55948221e-11,NaN,NaN
681,0,3.62385011,-2.5,-2.5,NaN,NaN,NaN,2.7046268e-10,NaN,NaN,NaN,7.55948221e-11,NaN,NaN
682,0,3.62385011,-2.5,-2.5,NaN,NaN,NaN,2.70462736e-10,NaN,NaN,NaN,7.55948221e-11,NaN,NaN
683,0,3.62385011,-2.5,-2.5,NaN,NaN,NaN,2.70462791e-10,NaN,NaN,NaN,7.55948221e-11,NaN,NaN
684,0,3.62385011,-2.5,-2.5,NaN,NaN,NaN,2.70462847e-10,NaN,NaN,NaN,7.55948221e-11,NaN,NaN
685,0,3.62385011,-2.5,-2.5,NaN,NaN,NaN,2.70462902e-10,NaN,NaN,NaN,7.55948221e-11,NaN,NaN
686,0,3.62385011,-2.5,-2.5,NaN,NaN,NaN,2.70462958e-10,NaN,NaN,NaN,7.55948221e-11,NaN,NaN
687,0,3.62385011,-2.5,-2.5,NaN,NaN,NaN,2.70463013e-10,NaN,NaN,NaN,7.55948221e-11,NaN,NaN
688,0,3.62385011,-2.5,-2.5,NaN,NaN,NaN,2.70463069e-10,NaN,NaN,NaN,7.55948221e-11,NaN,NaN
689,0,3.62385011,-2.5,-2.5,NaN,NaN,NaN,2.70463124e-10,NaN,NaN,NaN,7.55948221e-11,NaN,NaN
690,0,3.62385011,-2.5,-2.5,NaN,NaN,NaN,2.70463152e-10,NaN,NaN,NaN,7.55948221e-11,NaN,NaN
691,0,3.62385011,-2.5,-2.5,NaN,NaN,NaN,2.70463207e-10,NaN,NaN,NaN,7.55948221e-11,NaN,NaN
692,0,3.62385011,-2.5,-2.5,NaN,NaN,NaN,2.70463263e-10,NaN,NaN,NaN,7.55948221e-11,NaN,NaN
693,0,3.62385011,-2.5,-2.5,NaN,NaN,NaN,2.70463318e-10,NaN,NaN,NaN,7.55948221e-11,NaN,NaN
694,0,3.62385011,-2.5,-2.5,NaN,NaN,NaN,2.70463374e-10,NaN,NaN,NaN,7.55948221e-11,NaN,NaN
695,0,3.62385011,-2.5,-2.5,NaN,NaN,NaN,2.70463429e-10,NaN,NaN,NaN,7.55948221e-11,NaN,NaN
696,0,3.62385011,-2.5,-2.5,NaN,NaN,NaN,2.70463485e-10,NaN,NaN,NaN,7.55948221e-11,NaN,NaN
697,0,3.62385011,-2.5,-2.5,NaN,NaN,NaN,2.7046354e-10,NaN,NaN,NaN,7.55948221e-11,NaN,NaN
698,0,3.62385011,-2.5,-2.5,NaN,NaN,NaN,2.70463568e-10,NaN,NaN,NaN,7.55948221e-11,NaN,NaN
699,0,3.62385011,-2.5,-2.5,NaN,NaN,NaN,2.70463624e-10,NaN,NaN,NaN,7.55948221e-11,NaN,NaN
700,0,3.62385011,-2.5,-2.5,NaN,NaN,NaN,2.70463679e-10,NaN,NaN,NaN,7.55948221e-11,NaN,NaN
701,0,3.62385011,-2.5,-2.5,NaN,NaN,NaN,2.70463735e-10,NaN,NaN,NaN,7.55948221e-11,NaN,NaN
702,0,3.62385011,-2.5,-2.5,NaN,NaN,NaN,2.7046379e-10,NaN,NaN,NaN,7.55948221e-11,NaN,NaN
703,0,3.62385011,-2.5,-2.5,NaN,NaN,NaN,2.70463846e-10,NaN,NaN,NaN,7.55948221e-11,NaN,NaN
704,0,3.62385011,-2.5,-2.5,NaN,NaN,NaN,2.70463901e-10,NaN,NaN,NaN,7.55948221e-11,NaN,NaN
705,0,3.62385011,-2.5,-2.5,NaN,NaN,NaN,2.70463957e-10,NaN,NaN,NaN,7.55948221e-11,NaN,NaN
706,0,3.62385011,-2.5,-2.5,NaN,NaN,NaN,2.70464012e-10,NaN,NaN,NaN,7.55948221e-11,NaN,NaN
707,0,3.62385011,-2.5,-2.5,NaN,NaN,NaN,2.7046404e-10,NaN,NaN,NaN,7.55948221e-11,NaN,NaN
708,0,3.62385011,-2.5,-2.5,NaN,NaN,NaN,2.70464096e-10,NaN,NaN,NaN,7.55948221e-11,NaN,NaN
709,0,3.62385011,-2.5,-2.5,NaN,NaN,NaN,2.70464151e-10,NaN,NaN,NaN,7.55948221e-11,NaN,NaN
710,0,3.62385011,-2.5,-2.5,NaN,NaN,NaN,2.70464207e-10,NaN,NaN,NaN,7.55948221e-11,NaN,NaN
711,0,3.62385011,-2.5,-2.5,NaN,NaN,NaN,2.70464262e-10,NaN,NaN,NaN,7.55948221e-11,NaN,NaN
712,0,3.62385011,-2.5,-2.5,NaN,NaN,NaN,2.70464318e-10,NaN,NaN,NaN,7.55948221e-11,NaN,NaN
713,0,3.62385011,-2.5,-2.5,NaN,NaN,NaN,2.70464373e-10,NaN,NaN,NaN,7.55948221e-11,NaN,NaN
714,0,3.62385011,-2.5,-2.5,NaN,NaN,NaN,2.70464429e-10,NaN,NaN,NaN,7.55948221e-11,NaN,NaN
715,0,3.62385011,-2.5,-2.5,NaN,NaN,NaN,2.70464456e-10,NaN,NaN,NaN,7.55948221e-11,NaN,NaN
716,0,3.62385011,-2.5,-2.5,NaN,NaN,NaN,2.70464512e-10,NaN,NaN,NaN,7.55948221e-11,NaN,NaN
717,0,3.62385011,-2.5,-2.5,NaN,NaN,NaN,2.70464567e-10,NaN,NaN,NaN,7.55948221e-11,NaN,NaN
718,0,3.62385011,-2.5,-2.5,NaN,NaN,NaN,2.70464623e-10,NaN,NaN,NaN,7.55948221e-11,NaN,NaN
719,0,3.62385011,-2.5,-2.5,NaN,NaN,NaN,2.70464678e-10,NaN,NaN,NaN,7.55948221e-11,NaN,NaN
720,0,3.62385011,-2.5,-2.5,NaN,NaN,NaN,2.70464734e-10,NaN,NaN,NaN,7.55948221e-11,NaN,NaN
721,0,3.62385011,-2.5,-2.5,NaN,NaN,NaN,2.70464789e-10,NaN,NaN,NaN,7.55948221e-11,NaN,NaN
722,0,3.62385011,-2.5,-2.5,NaN,NaN,NaN,2.70464845e-10,NaN,NaN,NaN,7.55948221e-11,NaN,NaN
723,0,3.62385011,-2.5,-2.5,NaN,NaN,NaN,2.704649e-10,NaN,NaN,NaN,7.55948221e-11,NaN,NaN
724,0,3.62385011,-2.5,-2.5,NaN,NaN,NaN,2.70464928e-10,NaN,NaN,NaN,7.55948221e-11,NaN,NaN
725,0,3.62385011,-2.5,-2.5,NaN,NaN,NaN,2.70464984e-10,NaN,NaN,NaN,7.55948221e-11,NaN,NaN
726,0,3.62385011,-2.5,-2.5,NaN,NaN,NaN,2.70465039e-10,NaN,NaN,NaN,7.55948221e-11,NaN,NaN
727,0,3.62385011,-2.5,-2.5,NaN,NaN,NaN,2.70465095e-10,NaN,NaN,NaN,7.55948221e-11,NaN,NaN
728,0,3.62385011,-2.5,-2.5,NaN,NaN,NaN,2.7046515e-10,NaN,NaN,NaN,7.55948221e-11,NaN,NaN
729,0,3.62385011,-2.5,-2.5,NaN,NaN,NaN,2.70465206e-10,NaN,NaN,NaN,7.55948221e-11,NaN,NaN
730,0,3.62385011,-2.5,-2.5,NaN,NaN,NaN,2.70465261e-10,NaN,NaN,NaN,7.55948221e-11,NaN,NaN
731,0,3.62385011,-2.5,-2.5,NaN,NaN,NaN,2.70465317e-10,NaN,NaN,NaN,7.55948221e-11,NaN,NaN
732,0,3.62385011,-2.5,-2.5,NaN,NaN,NaN,2.70465345e-10,NaN,NaN,NaN,7.55948221e-11,NaN,NaN
733,0,3.62385011,-2.5,-2.5,NaN,NaN,NaN,2.704654e-10,NaN,NaN,NaN,7.55948221e-11,NaN,NaN
734,0,3.62385011,-2.5,-2.5,NaN,NaN,NaN,2.70465456e-10,NaN,NaN,NaN,7.55948221e-11,NaN,NaN
735,0,3.62385011,-2.5,-2.5,NaN,NaN,NaN,2.70465511e-10,NaN,NaN,NaN,7.55948221e-11,NaN,NaN
736,0,3.62385011,-2.5,-2.5,NaN,NaN,NaN,2.70465567e-10,NaN,NaN,NaN,7.55948221e-11,NaN,NaN
737,0,3.62385011,-2.5,-2.5,NaN,NaN,NaN,2.70465622e-10,NaN,NaN,NaN,7.55948221e-11,NaN,NaN
738,0,3.62385011,-2.5,-2.5,NaN,NaN,NaN,2.70465678e-10,NaN,NaN,NaN,7.55948221e-11,NaN,NaN
739,0,3.62385011,-2.5,-2.5,NaN,NaN,NaN,2.70465733e-10,NaN,NaN,NaN,7.55948221e-11,NaN,NaN
740,0,3.62385011,-2.5,-2.5,NaN,NaN,NaN,2.70465789e-10,NaN,NaN,NaN,7.55948221e-11,NaN,NaN
741,0,3.62385011,-2.5,-2.5,NaN,NaN,NaN,2.70465816e-10,NaN,NaN,NaN,7.55948221e-11,NaN,NaN
742,0,3.62385011,-2.5,-2.5,NaN,NaN,NaN,2.70465872e-10,NaN,NaN,NaN,7.55948221e-11,NaN,NaN
743,0,3.62385011,-2.5,-2.5,NaN,NaN,NaN,2.70465927e-10,NaN,NaN,NaN,7.55948221e-11,NaN,NaN
744,0,3.62385011,-2.5,-2.5,NaN,NaN,NaN,2.70465983e-10,NaN,NaN,NaN,7.55948221e-11,NaN,NaN
745,0,3.62385011,-2.5,-2.5,NaN,NaN,NaN,2.70466038e-10,NaN,NaN,NaN,7.55948221e-11,NaN,NaN
746,0,3.62385011,-2.5,-2.5,NaN,NaN,NaN,2.70466094e-10,NaN,NaN,NaN,7.55948221e-11,NaN,NaN
747,0,3.62385011,-2.5,-2.5,NaN,NaN,NaN,2.70466149e-10,NaN,NaN,NaN,7.55948221e-11,NaN,NaN
748,0,3.62385011,-2.5,-2.5,NaN,NaN,NaN,2.70466205e-10,NaN,NaN,NaN,7.55948221e-11,NaN,NaN
749,0,3.62385011,-2.5,-2.5,NaN,NaN,NaN,2.70466233e-10,NaN,NaN,NaN,7.55948221e-11,NaN,NaN
750,0,3.62385011,-2.5,-2.5,NaN,NaN,NaN,2.70466288e-10,NaN,NaN,NaN,7.55948221e-11,NaN,NaN
751,0,3.62385011,-2.5,-2.5,NaN,NaN,NaN,2.70466344e-10,NaN,NaN,NaN,7.55948221e-11,NaN,NaN
752,0,3.62385011,-2.5,-2.5,NaN,NaN,NaN,2.70466399e-10,NaN,NaN,NaN,7.55948221e-11,NaN,NaN
753,0,3.62385011,-2.5,-2.5,NaN,NaN,NaN,2.70466455e-10,NaN,NaN,NaN,7.55948221e-11,NaN,NaN
754,0,3.62385011,-2.5,-2.5,NaN,NaN,NaN,2.7046651e-10,NaN,NaN,NaN,7.55948221e-11,NaN,NaN
755,0,3.62385011,-2.5,-2.5,NaN,NaN,NaN,2.70466566e-10,NaN,NaN,NaN,7.55948221e-11,NaN,NaN
756,0,3.62385011,-2.5,-2.5,NaN,NaN,NaN,2.70466621e-10,NaN,NaN,NaN,7.55948221e-11,NaN,NaN
757,0,3.62385011,-2.5,-2.5,NaN,NaN,NaN,2.70466677e-10,NaN,NaN,NaN,7.55948221e-11,NaN,NaN
758,0,3.62385011,-2.5,-2.5,NaN,NaN,NaN,2.70466705e-10,NaN,NaN,NaN,7.55948221e-11,NaN,NaN
759,0,3.62385011,-2.5,-2.5,NaN,NaN,NaN,2.7046676e-10,NaN,NaN,NaN,7.55948221e-11,NaN,NaN
760,0,3.62385011,-2.5,-2.5,NaN,NaN,NaN,2.70466816e-10,NaN,NaN,NaN,7.55948221e-11,NaN,NaN
761,0,3.62385011,-2.5,-2.5,NaN,NaN,NaN,2.70466871e-10,NaN,NaN,NaN,7.55948221e-11,NaN,NaN
762,0,3.62385011,-2.5,-2.5,NaN,NaN,NaN,2.70466927e-10,NaN,NaN,NaN,7.55948221e-11,NaN,NaN
763,0,3.62385011,-2.5,-2.5,NaN,NaN,NaN,2.70466982e-10,NaN,NaN,NaN,7.55948221e-11,NaN,NaN
764,0,3.62385011,-2.5,-2.5,NaN,NaN,NaN,2.70467038e-10,NaN,NaN,NaN,7.55948221e-11,NaN,NaN
765,0,3.62385011,-2.5,-2.5,NaN,NaN,NaN,2.70467093e-10,NaN,NaN,NaN,7.55948221e-11,NaN,NaN
766,0,3.62385011,-2.5,-2.5,NaN,NaN,NaN,2.70467149e-10,NaN,NaN,NaN,7.55948221e-11,NaN,NaN
767,0,3.62385011,-2.5,-2.5,NaN,NaN,NaN,2.70467176e-10,NaN,NaN,NaN,7.55948221e-11,NaN,NaN
768,0,3.62385011,-2.5,-2.5,NaN,NaN,NaN,2.70467232e-10,NaN,NaN,NaN,7.55948221e-11,NaN,NaN
769,0,3.62385011,-2.5,-2.5,NaN,NaN,NaN,2.70467287e-10,NaN,NaN,NaN,7.55948221e-11,NaN,NaN
770,0,3.62385011,-2.5,-2.5,NaN,NaN,NaN,2.70467343e-10,NaN,NaN,NaN,7.55948221e-11,NaN,NaN
771,0,3.62385011,-2.5,-2.5,NaN,NaN,NaN,2.70467398e-10,NaN,NaN,NaN,7.55948221e-11,NaN,NaN
772,0,3.62385011,-2.5,-2.5,NaN,NaN,NaN,2.70467454e-10,NaN,NaN,NaN,7.55948221e-11,NaN,NaN
773,0,3.62385011,-2.5,-2.5,NaN,NaN,NaN,2.70467509e-10,NaN,NaN,NaN,7.55948221e-11,NaN,NaN
774,0,3.62385011,-2.5,-2.5,NaN,NaN,NaN,2.70467565e-10,NaN,NaN,NaN,7.55948221e-11,NaN,NaN
775,0,3.62385011,-2.5,-2.5,NaN,NaN,NaN,2.70467593e-10,NaN,NaN,NaN,7.55948221e-11,NaN,NaN
776,0,3.62385011,-2.5,-2.5,NaN,NaN,NaN,2.70467648e-10,NaN,NaN,NaN,7.55948221e-11,NaN,NaN
777,0,3.62385011,-2.5,-2.5,NaN,NaN,NaN,2.70467704e-10,NaN,NaN,NaN,7.55948221e-11,NaN,NaN
778,0,3.62385011,-2.5,-2.5,NaN,NaN,NaN,2.70467759e-10,NaN,NaN,NaN,7.55948221e-11,NaN,NaN
779,0,3.62385011,-2.5,-2.5,NaN,NaN,NaN,2.70467815e-10,NaN,NaN,NaN,7.55948221e-11,NaN,NaN
780,0,3.62385011,-2.5,-2.5,NaN,NaN,NaN,2.7046787e-10,NaN,NaN,NaN,7.55948221e-11,NaN,NaN
781,0,3.62385011,-2.5,-2.5,NaN,NaN,NaN,2.70467926e-10,NaN,NaN,NaN,7.55948221e-11,NaN,NaN
782,0,3.62385011,-2.5,-2.5,NaN,NaN,NaN,2.70467981e-10,NaN,NaN,NaN,7.55948221e-11,NaN,NaN
783,0,3.62385011,-2.5,-2.5,NaN,NaN,NaN,2.70468037e-10,NaN,NaN,NaN,7.55948221e-11,NaN,NaN
784,0,3.62385011,-2.5,-2.5,NaN,NaN,NaN,2.70468065e-10,NaN,NaN,NaN,7.55948221e-11,NaN,NaN
785,0,3.62385011,-2.5,-2.5,NaN,NaN,NaN,2.7046812e-10,NaN,NaN,NaN,7.55948221e-11,NaN,NaN
786,0,3.62385011,-2.5,-2.5,NaN,NaN,NaN,2.70468176e-10,NaN,NaN,NaN,7.55948221e-11,NaN,NaN
787,0,3.62385011,-2.5,-2.5,NaN,NaN,NaN,2.70468231e-10,NaN,NaN,NaN,7.55948221e-11,NaN,NaN
788,0,3.62385011,-2.5,-2.5,NaN,NaN,NaN,2.70468287e-10,NaN,NaN,NaN,7.55948221e-11,NaN,NaN
789,0,3.62385011,-2.5,-2.5,NaN,NaN,NaN,2.70468342e-10,NaN,NaN,NaN,7.55948221e-11,NaN,NaN
790,0,3.62385011,-2.5,-2.5,NaN,NaN,NaN,2.70468398e-10,NaN,NaN,NaN,7.55948221e-11,NaN,NaN
791,0,3.62385011,-2.5,-2.5,NaN,NaN,NaN,2.70468453e-10,NaN,NaN,NaN,7.55948221e-11,NaN,NaN
792,0,3.62385011,-2.5,-2.5,NaN,NaN,NaN,2.70468481e-10,NaN,NaN,NaN,7.55948221e-11,NaN,NaN
793,0,3.62385011,-2.5,-2.5,NaN,NaN,NaN,2.70468536e-10,NaN,NaN,NaN,7.55948221e-11,NaN,NaN
794,0,3.62385011,-2.5,-2.5,NaN,NaN,NaN,2.70468592e-10,NaN,NaN,NaN,7.55948221e-11,NaN,NaN
795,0,3.62385011,-2.5,-2.5,NaN,NaN,NaN,2.70468647e-10,NaN,NaN,NaN,7.55948221e-11,NaN,NaN
796,0,3.62385011,-2.5,-2.5,NaN,NaN,NaN,2.70468703e-10,NaN,NaN,NaN,7.55948221e-11,NaN,NaN
797,0,3.62385011,-2.5,-2.5,NaN,NaN,NaN,2.70468759e-10,NaN,NaN,NaN,7.55948221e-11,NaN,NaN
798,0,3.62385011,-2.5,-2.5,NaN,NaN,NaN,2.70468814e-10,NaN,NaN,NaN,7.55948221e-11,NaN,NaN
799,0,3.62385011,-2.5,-2.5,NaN,NaN,NaN,2.7046887e-10,NaN,NaN,NaN,7.55948221e-11,NaN,NaN
800,0,3.62385011,-2.5,-2.5,NaN,NaN,NaN,2.70468925e-10,NaN,NaN,NaN,7.55948221e-11,NaN,NaN
801,0,3.62385011,-2.5,-2.5,NaN,NaN,NaN,2.70468953e-10,NaN,NaN,NaN,7.55948221e-11,NaN,NaN
802,0,3.62385011,-2.5,-2.5,NaN,NaN,NaN,2.70469008e-10,NaN,NaN,NaN,7.55948221e-11,NaN,NaN
803,0,3.62385011,-2.5,-2.5,NaN,NaN,NaN,2.70469064e-10,NaN,NaN,NaN,7.55948221e-11,NaN,NaN
804,0,3.62385011,-2.5,-2.5,NaN,NaN,NaN,2.70469119e-10,NaN,NaN,NaN,7.55948221e-11,NaN,NaN
805,0,3.62385011,-2.5,-2.5,NaN,NaN,NaN,2.70469175e-10,NaN,NaN,NaN,7.55948221e-11,NaN,NaN
806,0,3.62385011,-2.5,-2.5,NaN,NaN,NaN,2.7046923e-10,NaN,NaN,NaN,7.55948221e-11,NaN,NaN
807,0,3.62385011,-2.5,-2.5,NaN,NaN,NaN,2.70469286e-10,NaN,NaN,NaN,7.55948221e-11,NaN,NaN
808,0,3.62385011,-2.5,-2.5,NaN,NaN,NaN,2.70469341e-10,NaN,NaN,NaN,7.55948221e-11,NaN,NaN
809,0,3.62385011,-2.5,-2.5,NaN,NaN,NaN,2.70469369e-10,NaN,NaN,NaN,7.55948221e-11,NaN,NaN
810,0,3.62385011,-2.5,-2.5,NaN,NaN,NaN,2.70469425e-10,NaN,NaN,NaN,7.55948221e-11,NaN,NaN
811,0,3.62385011,-2.5,-2.5,NaN,NaN,NaN,2.7046948e-10,NaN,NaN,NaN,7.55948221e-11,NaN,NaN
812,0,3.62385011,-2.5,-2.5,NaN,NaN,NaN,2.70469536e-10,NaN,NaN,NaN,7.55948221e-11,NaN,NaN
813,0,3.62385011,-2.5,-2.5,NaN,NaN,NaN,2.70469591e-10,NaN,NaN,NaN,7.55948221e-11,NaN,NaN
814,0,3.62385011,-2.5,-2.5,NaN,NaN,NaN,2.70469647e-10,NaN,NaN,NaN,7.55948221e-11,NaN,NaN
815,0,3.62385011,-2.5,-2.5,NaN,NaN,NaN,2.70469702e-10,NaN,NaN,NaN,7.55948221e-11,NaN,NaN
816,0,3.62385011,-2.5,-2.5,NaN,NaN,NaN,2.70469758e-10,NaN,NaN,NaN,7.55948221e-11,NaN,NaN
817,0,3.62385011,-2.5,-2.5,NaN,NaN,NaN,2.70469813e-10,NaN,NaN,NaN,7.55948221e-11,NaN,NaN
818,0,3.62385011,-2.5,-2.5,NaN,NaN,NaN,2.70469841e-10,NaN,NaN,NaN,7.55948221e-11,NaN,NaN
819,0,3.62385011,-2.5,-2.5,NaN,NaN,NaN,2.70469896e-10,NaN,NaN,NaN,7.55948221e-11,NaN,NaN
820,0,3.62385011,-2.5,-2.5,NaN,NaN,NaN,2.70469952e-10,NaN,NaN,NaN,7.55948221e-11,NaN,NaN
821,0,3.62385011,-2.5,-2.5,NaN,NaN,NaN,2.70470008e-10,NaN,NaN,NaN,7.55948221e-11,NaN,NaN
822,0,3.62385011,-2.5,-2.5,NaN,NaN,NaN,2.70470063e-10,NaN,NaN,NaN,7.55948221e-11,NaN,NaN
823,0,3.62385011,-2.5,-2.5,NaN,NaN,NaN,2.70470119e-10,NaN,NaN,NaN,7.55948221e-11,NaN,NaN
824,0,3.62385011,-2.5,-2.5,NaN,NaN,NaN,2.70470174e-10,NaN,NaN,NaN,7.55948221e-11,NaN,NaN
825,0,3.62385011,-2.5,-2.5,NaN,NaN,NaN,2.7047023e-10,NaN,NaN,NaN,7.55948221e-11,NaN,NaN
826,0,3.62385011,-2.5,-2.5,NaN,NaN,NaN,2.70470285e-10,NaN,NaN,NaN,7.55948221e-11,NaN,NaN
827,0,3.62385011,-2.5,-2.5,NaN,NaN,NaN,2.70470313e-10,NaN,NaN,NaN,7.55948221e-11,NaN,NaN
828,0,3.62385011,-2.5,-2.5,NaN,NaN,NaN,2.70470368e-10,NaN,NaN,NaN,7.55948221e-11,NaN,NaN
829,0,3.62385011,-2.5,-2.5,NaN,NaN,NaN,2.70470424e-10,NaN,NaN,NaN,7.55948221e-11,NaN,NaN
830,0,3.62385011,-2.5,-2.5,NaN,NaN,NaN,2.70470479e-10,NaN,NaN,NaN,7.55948221e-11,NaN,NaN
831,0,3.62385011,-2.5,-2.5,NaN,NaN,NaN,2.70470535e-10,NaN,NaN,NaN,7.55948221e-11,NaN,NaN
832,0,3.62385011,-2.5,-2.5,NaN,NaN,NaN,2.7047059e-10,NaN,NaN,NaN,7.55948221e-11,NaN,NaN
833,0,3.62385011,-2.5,-2.5,NaN,NaN,NaN,2.70470646e-10,NaN,NaN,NaN,7.55948221e-11,NaN,NaN
834,0,3.62385011,-2.5,-2.5,NaN,NaN,NaN,2.70470701e-10,NaN,NaN,NaN,7.55948221e-11,NaN,NaN
835,0,3.62385011,-2.5,-2.5,NaN,NaN,NaN,2.70470729e-10,NaN,NaN,NaN,7.55948221e-11,NaN,NaN
836,0,3.62385011,-2.5,-2.5,NaN,NaN,NaN,2.70470785e-10,NaN,NaN,NaN,7.55948221e-11,NaN,NaN
837,0,3.62385011,-2.5,-2.5,NaN,NaN,NaN,2.7047084e-10,NaN,NaN,NaN,7.55948221e-11,NaN,NaN
838,0,3.62385011,-2.5,-2.5,NaN,NaN,NaN,2.70470896e-10,NaN,NaN,NaN,7.55948221e-11,NaN,NaN
839,0,3.62385011,-2.5,-2.5,NaN,NaN,NaN,2.70470951e-10,NaN,NaN,NaN,7.55948221e-11,NaN,NaN
840,0,3.62385011,-2.5,-2.5,NaN,NaN,NaN,2.70471007e-10,NaN,NaN,NaN,7.55948221e-11,NaN,NaN
841,0,3.62385011,-2.5,-2.5,NaN,NaN,NaN,2.70471062e-10,NaN,NaN,NaN,7.55948221e-11,NaN,NaN
842,0,3.62385011,-2.5,-2.5,NaN,NaN,NaN,2.70471118e-10,NaN,NaN,NaN,7.55948221e-11,NaN,NaN
843,0,3.62385011,-2.5,-2.5,NaN,NaN,NaN,2.70471173e-10,NaN,NaN,NaN,7.55948221e-11,NaN,NaN
844,0,3.62385011,-2.5,-2.5,NaN,NaN,NaN,2.70471201e-10,NaN,NaN,NaN,7.55948221e-11,NaN,NaN
845,0,3.62385011,-2.5,-2.5,NaN,NaN,NaN,2.70471257e-10,NaN,NaN,NaN,7.55948221e-11,NaN,NaN
846,0,3.62385011,-2.5,-2.5,NaN,NaN,NaN,2.70471312e-10,NaN,NaN,NaN,7.55948221e-11,NaN,NaN
847,0,3.62385011,-2.5,-2.5,NaN,NaN,NaN,2.70471368e-10,NaN,NaN,NaN,7.55948221e-11,NaN,NaN
848,0,3.62385011,-2.5,-2.5,NaN,NaN,NaN,2.70471423e-10,NaN,NaN,NaN,7.55948221e-11,NaN,NaN
849,0,3.62385011,-2.5,-2.5,NaN,NaN,NaN,2.70471479e-10,NaN,NaN,NaN,7.55948221e-11,NaN,NaN
850,0,3.62385011,-2.5,-2.5,NaN,NaN,NaN,2.70471534e-10,NaN,NaN,NaN,7.55948221e-11,NaN,NaN
851,0,3.62385011,-2.5,-2.5,NaN,NaN,NaN,2.7047159e-10,NaN,NaN,NaN,7.55948221e-11,NaN,NaN
852,0,3.62385011,-2.5,-2.5,NaN,NaN,NaN,2.70471617e-10,NaN,NaN,NaN,7.55948221e-11,NaN,NaN
853,0,3.62385011,-2.5,-2.5,NaN,NaN,NaN,2.70471673e-10,NaN,NaN,NaN,7.55948221e-11,NaN,NaN
854,0,3.62385011,-2.5,-2.5,NaN,NaN,NaN,2.70471728e-10,NaN,NaN,NaN,7.55948221e-11,NaN,NaN
855,0,3.62385011,-2.5,-2.5,NaN,NaN,NaN,2.70471784e-10,NaN,NaN,NaN,7.55948221e-11,NaN,NaN
856,0,3.62385011,-2.5,-2.5,NaN,NaN,NaN,2.70471839e-10,NaN,NaN,NaN,7.55948221e-11,NaN,NaN
857,0,3.62385011,-2.5,-2.5,NaN,NaN,NaN,2.70471895e-10,NaN,NaN,NaN,7.55948221e-11,NaN,NaN
858,0,3.62385011,-2.5,-2.5,NaN,NaN,NaN,2.7047195e-10,NaN,NaN,NaN,7.55948221e-11,NaN,NaN
859,0,3.62385011,-2.5,-2.5,NaN,NaN,NaN,2.70472006e-10,NaN,NaN,NaN,7.55948221e-11,NaN,NaN
860,0,3.62385011,-2.5,-2.5,NaN,NaN,NaN,2.70472061e-10,NaN,NaN,NaN,7.55948221e-11,NaN,NaN
861,0,3.62385011,-2.5,-2.5,NaN,NaN,NaN,2.70472089e-10,NaN,NaN,NaN,7.55948221e-11,NaN,NaN
862,0,3.62385011,-2.5,-2.5,NaN,NaN,NaN,2.70472145e-10,NaN,NaN,NaN,7.55948221e-11,NaN,NaN
863,0,3.62385011,-2.5,-2.5,NaN,NaN,NaN,2.704722e-10,NaN,NaN,NaN,7.55948221e-11,NaN,NaN
864,0,3.62385011,-2.5,-2.5,NaN,NaN,NaN,2.70472256e-10,NaN,NaN,NaN,7.55948221e-11,NaN,NaN
865,0,3.62385011,-2.5,-2.5,NaN,NaN,NaN,2.70472311e-10,NaN,NaN,NaN,7.55948221e-11,NaN,NaN
866,0,3.62385011,-2.5,-2.5,NaN,NaN,NaN,2.70472367e-10,NaN,NaN,NaN,7.55948221e-11,NaN,NaN
867,0,3.62385011,-2.5,-2.5,NaN,NaN,NaN,2.70472422e-10,NaN,NaN,NaN,7.55948221e-11,NaN,NaN
868,0,3.62385011,-2.5,-2.5,NaN,NaN,NaN,2.70472478e-10,NaN,NaN,NaN,7.55948221e-11,NaN,NaN
869,0,3.62385011,-2.5,-2.5,NaN,NaN,NaN,2.70472506e-10,NaN,NaN,NaN,7.55948221e-11,NaN,NaN
870,0,3.62385011,-2.5,-2.5,NaN,NaN,NaN,2.70472561e-10,NaN,NaN,NaN,7.55948221e-11,NaN,NaN
871,0,3.62385011,-2.5,-2.5,NaN,NaN,NaN,2.70472617e-10,NaN,NaN,NaN,7.55948221e-11,NaN,NaN
872,0,3.62385011,-2.5,-2.5,NaN,NaN,NaN,2.70472672e-10,NaN,NaN,NaN,7.55948221e-11,NaN,NaN
873,0,3.62385011,-2.5,-2.5,NaN,NaN,NaN,2.70472728e-10,NaN,NaN,NaN,7.55948221e-11,NaN,NaN
874,0,3.62385011,-2.5,-2.5,NaN,NaN,NaN,2.70472783e-10,NaN,NaN,NaN,7.55948221e-11,NaN,NaN
875,0,3.62385011,-2.5,-2.5,NaN,NaN,NaN,2.70472839e-10,NaN,NaN,NaN,7.55948221e-11,NaN,NaN
876,0,3.62385011,-2.5,-2.5,NaN,NaN,NaN,2.70472894e-10,NaN,NaN,NaN,7.55948221e-11,NaN,NaN
877,0,3.62385011,-2.5,-2.5,NaN,NaN,NaN,2.7047295e-10,NaN,NaN,NaN,7.55948221e-11,NaN,NaN
878,0,3.62385011,-2.5,-2.5,NaN,NaN,NaN,2.70472977e-10,NaN,NaN,NaN,7.55948221e-11,NaN,NaN
879,0,3.62385011,-2.5,-2.5,NaN,NaN,NaN,2.70473033e-10,NaN,NaN,NaN,7.55948221e-11,NaN,NaN
880,0,3.62385011,-2.5,-2.5,NaN,NaN,NaN,2.70473088e-10,NaN,NaN,NaN,7.55948221e-11,NaN,NaN
881,0,3.62385011,-2.5,-2.5,NaN,NaN,NaN,2.70473144e-10,NaN,NaN,NaN,7.55948221e-11,NaN,NaN
882,0,3.62385011,-2.5,-2.5,NaN,NaN,NaN,2.70473199e-10,NaN,NaN,NaN,7.55948221e-11,NaN,NaN
883,0,3.62385011,-2.5,-2.5,NaN,NaN,NaN,2.70473255e-10,NaN,NaN,NaN,7.55948221e-11,NaN,NaN
884,0,3.62385011,-2.5,-2.5,NaN,NaN,NaN,2.7047331e-10,NaN,NaN,NaN,7.55948221e-11,NaN,NaN
885,0,3.62385011,-2.5,-2.5,NaN,NaN,NaN,2.70473366e-10,NaN,NaN,NaN,7.55948221e-11,NaN,NaN
886,0,3.62385011,-2.5,-2.5,NaN,NaN,NaN,2.70473421e-10,NaN,NaN,NaN,7.55948221e-11,NaN,NaN
887,0,3.62385011,-2.5,-2.5,NaN,NaN,NaN,2.70473449e-10,NaN,NaN,NaN,7.55948221e-11,NaN,NaN
888,0,3.62385011,-2.5,-2.5,NaN,NaN,NaN,2.70473505e-10,NaN,NaN,NaN,7.55948221e-11,NaN,NaN
889,0,3.62385011,-2.5,-2.5,NaN,NaN,NaN,2.7047356e-10,NaN,NaN,NaN,7.55948221e-11,NaN,NaN
890,0,3.62385011,-2.5,-2.5,NaN,NaN,NaN,2.70473616e-10,NaN,NaN,NaN,7.55948221e-11,NaN,NaN
891,0,3.62385011,-2.5,-2.5,NaN,NaN,NaN,2.70473671e-10,NaN,NaN,NaN,7.55948221e-11,NaN,NaN
892,0,3.62385011,-2.5,-2.5,NaN,NaN,NaN,2.70473727e-10,NaN,NaN,NaN,7.55948221e-11,NaN,NaN
893,0,3.62385011,-2.5,-2.5,NaN,NaN,NaN,2.70473782e-10,NaN,NaN,NaN,7.55948221e-11,NaN,NaN
894,0,3.62385011,-2.5,-2.5,NaN,NaN,NaN,2.70473838e-10,NaN,NaN,NaN,7.55948221e-11,NaN,NaN
895,0,3.62385011,-2.5,-2.5,NaN,NaN,NaN,2.70473866e-10,NaN,NaN,NaN,7.55948221e-11,NaN,NaN
896,0,3.62385011,-2.5,-2.5,NaN,NaN,NaN,2.70473921e-10,NaN,NaN,NaN,7.55948221e-11,NaN,NaN
897,0,3.62385011,-2.5,-2.5,NaN,NaN,NaN,2.70473977e-10,NaN,NaN,NaN,7.55948221e-11,NaN,NaN
898,0,3.62385011,-2.5,-2.5,NaN,NaN,NaN,2.70474032e-10,NaN,NaN,NaN,7.55948221e-11,NaN,NaN
899,0,3.62385011,-2.5,-2.5,NaN,NaN,NaN,2.70474088e-10,NaN,NaN,NaN,7.55948221e-11,NaN,NaN
900,0,3.62385011,-2.5,-2.5,NaN,NaN,NaN,2.70474143e-10,NaN,NaN,NaN,7.55948221e-11,NaN,NaN
901,0,3.62385011,-2.5,-2.5,NaN,NaN,NaN,2.70474199e-10,NaN,NaN,NaN,7.55948221e-11,NaN,NaN
902,0,3.62385011,-2.5,-2.5,NaN,NaN,NaN,2.70474254e-10,NaN,NaN,NaN,7.55948221e-11,NaN,NaN
903,0,3.62385011,-2.5,-2.5,NaN,NaN,NaN,2.7047431e-10,NaN,NaN,NaN,7.55948221e-11,NaN,NaN
904,0,3.62385011,-2.5,-2.5,NaN,NaN,NaN,2.70474337e-10,NaN,NaN,NaN,7.55948221e-11,NaN,NaN
905,0,3.62385011,-2.5,-2.5,NaN,NaN,NaN,2.70474393e-10,NaN,NaN,NaN,7.55948221e-11,NaN,NaN
906,0,3.62385011,-2.5,-2.5,NaN,NaN,NaN,2.70474448e-10,NaN,NaN,NaN,7.55948221e-11,NaN,NaN
907,0,3.62385011,-2.5,-2.5,NaN,NaN,NaN,2.70474504e-10,NaN,NaN,NaN,7.55948221e-11,NaN,NaN
908,0,3.62385011,-2.5,-2.5,NaN,NaN,NaN,2.70474559e-10,NaN,NaN,NaN,7.55948221e-11,NaN,NaN
909,0,3.62385011,-2.5,-2.5,NaN,NaN,NaN,2.70474615e-10,NaN,NaN,NaN,7.55948221e-11,NaN,NaN
910,0,3.62385011,-2.5,-2.5,NaN,NaN,NaN,2.7047467e-10,NaN,NaN,NaN,7.55948221e-11,NaN,NaN
911,0,3.62385011,-2.5,-2.5,NaN,NaN,NaN,2.70474726e-10,NaN,NaN,NaN,7.55948221e-11,NaN,NaN
912,0,3.62385011,-2.5,-2.5,NaN,NaN,NaN,2.70474754e-10,NaN,NaN,NaN,7.55948221e-11,NaN,NaN
913,0,3.62385011,-2.5,-2.5,NaN,NaN,NaN,2.70474809e-10,NaN,NaN,NaN,7.55948221e-11,NaN,NaN
914,0,3.62385011,-2.5,-2.5,NaN,NaN,NaN,2.70474865e-10,NaN,NaN,NaN,7.55948221e-11,NaN,NaN
915,0,3.62385011,-2.5,-2.5,NaN,NaN,NaN,2.7047492e-10,NaN,NaN,NaN,7.55948221e-11,NaN,NaN
916,0,3.62385011,-2.5,-2.5,NaN,NaN,NaN,2.70474976e-10,NaN,NaN,NaN,7.55948221e-11,NaN,NaN
917,0,3.62385011,-2.5,-2.5,NaN,NaN,NaN,2.70475031e-10,NaN,NaN,NaN,7.55948221e-11,NaN,NaN
918,0,3.62385011,-2.5,-2.5,NaN,NaN,NaN,2.70475087e-10,NaN,NaN,NaN,7.55948221e-11,NaN,NaN
919,0,3.62385011,-2.5,-2.5,NaN,NaN,NaN,2.70475142e-10,NaN,NaN,NaN,7.55948221e-11,NaN,NaN
920,0,3.62385011,-2.5,-2.5,NaN,NaN,NaN,2.70475198e-10,NaN,NaN,NaN,7.55948221e-11,NaN,NaN
921,0,3.62385011,-2.5,-2.5,NaN,NaN,NaN,2.70475226e-10,NaN,NaN,NaN,7.55948221e-11,NaN,NaN
922,0,3.62385011,-2.5,-2.5,NaN,NaN,NaN,2.70475281e-10,NaN,NaN,NaN,7.55948221e-11,NaN,NaN
923,0,3.62385011,-2.5,-2.5,NaN,NaN,NaN,2.70475337e-10,NaN,NaN,NaN,7.55948221e-11,NaN,NaN
924,0,3.62385011,-2.5,-2.5,NaN,NaN,NaN,2.70475392e-10,NaN,NaN,NaN,7.55948221e-11,NaN,NaN
925,0,3.62385011,-2.5,-2.5,NaN,NaN,NaN,2.70475448e-10,NaN,NaN,NaN,7.55948221e-11,NaN,NaN
926,0,3.62385011,-2.5,-2.5,NaN,NaN,NaN,2.70475503e-10,NaN,NaN,NaN,7.55948221e-11,NaN,NaN
927,0,3.62385011,-2.5,-2.5,NaN,NaN,NaN,2.70475559e-10,NaN,NaN,NaN,7.55948221e-11,NaN,NaN
928,0,3.62385011,-2.5,-2.5,NaN,NaN,NaN,2.70475614e-10,NaN,NaN,NaN,7.55948221e-11,NaN,NaN
929,0,3.62385011,-2.5,-2.5,NaN,NaN,NaN,2.70475642e-10,NaN,NaN,NaN,7.55948221e-11,NaN,NaN
930,0,3.62385011,-2.5,-2.5,NaN,NaN,NaN,2.70475697e-10,NaN,NaN,NaN,7.55948221e-11,NaN,NaN
931,0,3.62385011,-2.5,-2.5,NaN,NaN,NaN,2.70475753e-10,NaN,NaN,NaN,7.55948221e-11,NaN,NaN
932,0,3.62385011,-2.5,-2.5,NaN,NaN,NaN,2.70475808e-10,NaN,NaN,NaN,7.55948221e-11,NaN,NaN
933,0,3.62385011,-2.5,-2.5,NaN,NaN,NaN,2.70475864e-10,NaN,NaN,NaN,7.55948221e-11,NaN,NaN
934,0,3.62385011,-2.5,-2.5,NaN,NaN,NaN,2.70475919e-10,NaN,NaN,NaN,7.55948221e-11,NaN,NaN
935,0,3.62385011,-2.5,-2.5,NaN,NaN,NaN,2.70475975e-10,NaN,NaN,NaN,7.55948221e-11,NaN,NaN
936,0,3.62385011,-2.5,-2.5,NaN,NaN,NaN,2.7047603e-10,NaN,NaN,NaN,7.55948221e-11,NaN,NaN
937,0,3.62385011,-2.5,-2.5,NaN,NaN,NaN,2.70476086e-10,NaN,NaN,NaN,7.55948221e-11,NaN,NaN
938,0,3.62385011,-2.5,-2.5,NaN,NaN,NaN,2.70476114e-10,NaN,NaN,NaN,7.55948221e-11,NaN,NaN
939,0,3.62385011,-2.5,-2.5,NaN,NaN,NaN,2.70476169e-10,NaN,NaN,NaN,7.55948221e-11,NaN,NaN
940,0,3.62385011,-2.5,-2.5,NaN,NaN,NaN,2.70476225e-10,NaN,NaN,NaN,7.55948221e-11,NaN,NaN
941,0,3.62385011,-2.5,-2.5,NaN,NaN,NaN,2.7047628e-10,NaN,NaN,NaN,7.55948221e-11,NaN,NaN
942,0,3.62385011,-2.5,-2.5,NaN,NaN,NaN,2.70476336e-10,NaN,NaN,NaN,7.55948221e-11,NaN,NaN
943,0,3.62385011,-2.5,-2.5,NaN,NaN,NaN,2.70476391e-10,NaN,NaN,NaN,7.55948221e-11,NaN,NaN
944,0,3.62385011,-2.5,-2.5,NaN,NaN,NaN,2.70476447e-10,NaN,NaN,NaN,7.55948221e-11,NaN,NaN
945,0,3.62385011,-2.5,-2.5,NaN,NaN,NaN,2.70476502e-10,NaN,NaN,NaN,7.55948221e-11,NaN,NaN
946,0,3.62385011,-2.5,-2.5,NaN,NaN,NaN,2.70476558e-10,NaN,NaN,NaN,7.55948221e-11,NaN,NaN
947,0,3.62385011,-2.5,-2.5,NaN,NaN,NaN,2.70476586e-10,NaN,NaN,NaN,7.55948221e-11,NaN,NaN
948,0,3.62385011,-2.5,-2.5,NaN,NaN,NaN,2.70476641e-10,NaN,NaN,NaN,7.55948221e-11,NaN,NaN
949,0,3.62385011,-2.5,-2.5,NaN,NaN,NaN,2.70476697e-10,NaN,NaN,NaN,7.55948221e-11,NaN,NaN
950,0,3.62385011,-2.5,-2.5,NaN,NaN,NaN,2.70476752e-10,NaN,NaN,NaN,7.55948221e-11,NaN,NaN
951,0,3.62385011,-2.5,-2.5,NaN,NaN,NaN,2.70476808e-10,NaN,NaN,NaN,7.55948221e-11,NaN,NaN
952,0,3.62385011,-2.5,-2.5,NaN,NaN,NaN,2.70476863e-10,NaN,NaN,NaN,7.55948221e-11,NaN,NaN
953,0,3.62385011,-2.5,-2.5,NaN,NaN,NaN,2.70476919e-10,NaN,NaN,NaN,7.55948221e-11,NaN,NaN
954,0,3.62385011,-2.5,-2.5,NaN,NaN,NaN,2.70476974e-10,NaN,NaN,NaN,7.55948221e-11,NaN,NaN
955,0,3.62385011,-2.5,-2.5,NaN,NaN,NaN,2.70477002e-10,NaN,NaN,NaN,7.55948221e-11,NaN,NaN
956,0,3.62385011,-2.5,-2.5,NaN,NaN,NaN,2.70477057e-10,NaN,NaN,NaN,7.55948221e-11,NaN,NaN
957,0,3.62385011,-2.5,-2.5,NaN,NaN,NaN,2.70477113e-10,NaN,NaN,NaN,7.55948221e-11,NaN,NaN
958,0,3.62385011,-2.5,-2.5,NaN,NaN,NaN,2.70477168e-10,NaN,NaN,NaN,7.55948221e-11,NaN,NaN
959,0,3.62385011,-2.5,-2.5,NaN,NaN,NaN,2.70477224e-10,NaN,NaN,NaN,7.55948221e-11,NaN,NaN
960,0,3.62385011,-2.5,-2.5,NaN,NaN,NaN,2.70477279e-10,NaN,NaN,NaN,7.55948221e-11,NaN,NaN
961,0,3.62385011,-2.5,-2.5,NaN,NaN,NaN,2.70477335e-10,NaN,NaN,NaN,7.55948221e-11,NaN,NaN
962,0,3.62385011,-2.5,-2.5,NaN,NaN,NaN,2.7047739e-10,NaN,NaN,NaN,7.55948221e-11,NaN,NaN
963,0,3.62385011,-2.5,-2.5,NaN,NaN,NaN,2.70477446e-10,NaN,NaN,NaN,7.55948221e-11,NaN,NaN
964,0,3.62385011,-2.5,-2.5,NaN,NaN,NaN,2.70477474e-10,NaN,NaN,NaN,7.55948221e-11,NaN,NaN
965,0,3.62385011,-2.5,-2.5,NaN,NaN,NaN,2.70477529e-10,NaN,NaN,NaN,7.55948221e-11,NaN,NaN
966,0,3.62385011,-2.5,-2.5,NaN,NaN,NaN,2.70477585e-10,NaN,NaN,NaN,7.55948221e-11,NaN,NaN
967,0,3.62385011,-2.5,-2.5,NaN,NaN,NaN,2.7047764e-10,NaN,NaN,NaN,7.55948221e-11,NaN,NaN
968,0,3.62385011,-2.5,-2.5,NaN,NaN,NaN,2.70477696e-10,NaN,NaN,NaN,7.55948221e-11,NaN,NaN
969,0,3.62385011,-2.5,-2.5,NaN,NaN,NaN,2.70477751e-10,NaN,NaN,NaN,7.55948221e-11,NaN,NaN
970,0,3.62385011,-2.5,-2.5,NaN,NaN,NaN,2.70477807e-10,NaN,NaN,NaN,7.55948221e-11,NaN,NaN
971,0,3.62385011,-2.5,-2.5,NaN,NaN,NaN,2.70477862e-10,NaN,NaN,NaN,7.55948221e-11,NaN,NaN
972,0,3.62385011,-2.5,-2.5,NaN,NaN,NaN,2.7047789e-10,NaN,NaN,NaN,7.55948221e-11,NaN,NaN
973,0,3.62385011,-2.5,-2.5,NaN,NaN,NaN,2.70477946e-10,NaN,NaN,NaN,7.55948221e-11,NaN,NaN
974,0,3.62385011,-2.5,-2.5,NaN,NaN,NaN,2.70478001e-10,NaN,NaN,NaN,7.55948221e-11,NaN,NaN
975,0,3.62385011,-2.5,-2.5,NaN,NaN,NaN,2.70478057e-10,NaN,NaN,NaN,7.55948221e-11,NaN,NaN
976,0,3.62385011,-2.5,-2.5,NaN,NaN,NaN,2.70478112e-10,NaN,NaN,NaN,7.55948221e-11,NaN,NaN
977,0,3.62385011,-2.5,-2.5,NaN,NaN,NaN,2.70478168e-10,NaN,NaN,NaN,7.55948221e-11,NaN,NaN
978,0,3.62385011,-2.5,-2.5,NaN,NaN,NaN,2.70478223e-10,NaN,NaN,NaN,7.55948221e-11,NaN,NaN
979,0,3.62385011,-2.5,-2.5,NaN,NaN,NaN,2.70478279e-10,NaN,NaN,NaN,7.55948221e-11,NaN,NaN
980,0,3.62385011,-2.5,-2.5,NaN,NaN,NaN,2.70478334e-10,NaN,NaN,NaN,7.55948221e-11,NaN,NaN
981,0,3.62385011,-2.5,-2.5,NaN,NaN,NaN,2.70478362e-10,NaN,NaN,NaN,7.55948221e-11,NaN,NaN
982,0,3.62385011,-2.5,-2.5,NaN,NaN,NaN,2.70478417e-10,NaN,NaN,NaN,7.55948221e-11,NaN,NaN
983,0,3.62385011,-2.5,-2.5,NaN,NaN,NaN,2.70478473e-10,NaN,NaN,NaN,7.55948221e-11,NaN,NaN
984,0,3.62385011,-2.5,-2.5,NaN,NaN,NaN,2.70478528e-10,NaN,NaN,NaN,7.55948221e-11,NaN,NaN
985,0,3.62385011,-2.5,-2.5,NaN,NaN,NaN,2.70478584e-10,NaN,NaN,NaN,7.55948221e-11,NaN,NaN
986,0,3.62385011,-2.5,-2.5,NaN,NaN,NaN,2.70478639e-10,NaN,NaN,NaN,7.55948221e-11,NaN,NaN
987,0,3.62385011,-2.5,-2.5,NaN,NaN,NaN,2.70478695e-10,NaN,NaN,NaN,7.55948221e-11,NaN,NaN
988,0,3.62385011,-2.5,-2.5,NaN,NaN,NaN,2.70478751e-10,NaN,NaN,NaN,7.55948221e-11,NaN,NaN
989,0,3.62385011,-2.5,-2.5,NaN,NaN,NaN,2.70478778e-10,NaN,NaN,NaN,7.55948221e-11,NaN,NaN
990,0,3.62385011,-2.5,-2.5,NaN,NaN,NaN,2.70478834e-10,NaN,NaN,NaN,7.55948221e-11,NaN,NaN
991,0,3.62385011,-2.5,-2.5,NaN,NaN,NaN,2.70478889e-10,NaN,NaN,NaN,7.55948221e-11,NaN,NaN
992,0,3.62385011,-2.5,-2.5,NaN,NaN,NaN,2.70478945e-10,NaN,NaN,NaN,7.55948221e-11,NaN,NaN
993,0,3.62385011,-2.5,-2.5,NaN,NaN,NaN,2.70479e-10,NaN,NaN,NaN,7.55948221e-11,NaN,NaN
994,0,3.62385011,-2.5,-2.5,NaN,NaN,NaN,2.70479056e-10,NaN,NaN,NaN,7.55948221e-11,NaN,NaN
995,0,3.62385011,-2.5,-2.5,NaN,NaN,NaN,2.70479111e-10,NaN,NaN,NaN,7.55948221e-11,NaN,NaN
996,0,3.62385011,-2.5,-2.5,NaN,NaN,NaN,2.70479167e-10,NaN,NaN,NaN,7.55948221e-11,NaN,NaN
997,0,3.62385011,-2.5,-2.5,NaN,NaN,NaN,2.70479222e-10,NaN,NaN,NaN,7.55948221e-11,NaN,NaN
998,0,3.62385011,-2.5,-2.5,NaN,NaN,NaN,2.7047925e-10,NaN,NaN,NaN,7.55948221e-11,NaN,NaN
999,0,3.62385011,-2.5,-2.5,NaN,NaN,NaN,2.70479306e-10,NaN,NaN,NaN,7.55948221e-11,NaN,NaN
1000,0,3.62385011,-2.5,-2.5,NaN,NaN,NaN,2.70479361e-10,NaN,NaN,NaN,7.55948221e-11,NaN,NaN
1001,0,3.62385011,-2.5,-2.5,NaN,NaN,NaN,2.70479417e-10,NaN,NaN,NaN,7.55948221e-11,NaN,NaN
1002,0,3.62385011,-2.5,-2.5,NaN,NaN,NaN,2.70479472e-10,NaN,NaN,NaN,7.55948221e-11,NaN,NaN
1003,0,3.62385011,-2.5,-2.5,NaN,NaN,NaN,2.70479528e-10,NaN,NaN,NaN,7.55948221e-11,NaN,NaN
1004,0,3.62385011,-2.5,-2.5,NaN,NaN,NaN,2.70479583e-10,NaN,NaN,NaN,7.55948221e-11,NaN,NaN
1005,0,3.62385011,-2.5,-2.5,NaN,NaN,NaN,2.70479639e-10,NaN,NaN,NaN,7.55948221e-11,NaN,NaN
1006,0,3.62385011,-2.5,-2.5,NaN,NaN,NaN,2.70479694e-10,NaN,NaN,NaN,7.55948221e-11,NaN,NaN
1007,0,3.62385011,-2.5,-2.5,NaN,NaN,NaN,2.70479722e-10,NaN,NaN,NaN,7.55948221e-11,NaN,NaN
1008,0,3.62385011,-2.5,-2.5,NaN,NaN,NaN,2.70479777e-10,NaN,NaN,NaN,7.55948221e-11,NaN,NaN
1009,0,3.62385011,-2.5,-2.5,NaN,NaN,NaN,2.70479833e-10,NaN,NaN,NaN,7.55948221e-11,NaN,NaN
1010,0,3.62385011,-2.5,-2.5,NaN,NaN,NaN,2.70479888e-10,NaN,NaN,NaN,7.55948221e-11,NaN,NaN
1011,0,3.62385011,-2.5,-2.5,NaN,NaN,NaN,2.70479944e-10,NaN,NaN,NaN,7.55948221e-11,NaN,NaN
1012,0,3.62385011,-2.5,-2.5,NaN,NaN,NaN,2.7048e-10,NaN,NaN,NaN,7.55948221e-11,NaN,NaN
1013,0,3.62385011,-2.5,-2.5,NaN,NaN,NaN,2.70480055e-10,NaN,NaN,NaN,7.55948221e-11,NaN,NaN
1014,0,3.62385011,-2.5,-2.5,NaN,NaN,NaN,2.70480111e-10,NaN,NaN,NaN,7.55948221e-11,NaN,NaN
1015,0,3.62385011,-2.5,-2.5,NaN,NaN,NaN,2.70480138e-10,NaN,NaN,NaN,7.55948221e-11,NaN,NaN
1016,0,3.62385011,-2.5,-2.5,NaN,NaN,NaN,2.70480194e-10,NaN,NaN,NaN,7.55948221e-11,NaN,NaN
1017,0,3.62385011,-2.5,-2.5,NaN,NaN,NaN,2.70480249e-10,NaN,NaN,NaN,7.55948221e-11,NaN,NaN
1018,0,3.62385011,-2.5,-2.5,NaN,NaN,NaN,2.70480305e-10,NaN,NaN,NaN,7.55948221e-11,NaN,NaN
1019,0,3.62385011,-2.5,-2.5,NaN,NaN,NaN,2.7048036e-10,NaN,NaN,NaN,7.55948221e-11,NaN,NaN
1020,0,3.62385011,-2.5,-2.5,NaN,NaN,NaN,2.70480416e-10,NaN,NaN,NaN,7.55948221e-11,NaN,NaN
1021,0,3.62385011,-2.5,-2.5,NaN,NaN,NaN,2.70480471e-10,NaN,NaN,NaN,7.55948221e-11,NaN,NaN
1022,0,3.62385011,-2.5,-2.5,NaN,NaN,NaN,2.70480527e-10,NaN,NaN,NaN,7.55948221e-11,NaN,NaN
1023,0,3.62385011,-2.5,-2.5,NaN,NaN,NaN,2.70480582e-10,NaN,NaN,NaN,7.55948221e-11,NaN,NaN
